id,doi,year,cited,type,in_scope,has_abstract,repeat,rank,top100,manual_readout,title,default_encoding,default_ansatz,default_training,default_readout,strict_encoding,strict_ansatz,strict_training,strict_readout,no-entangle_encoding,no-entangle_ansatz,no-entangle_training,no-entangle_readout,default_title_encoding,default_title_ansatz,default_title_training,default_title_readout,strict_title_encoding,strict_title_ansatz,strict_title_training,strict_title_readout,no-entangle_title_encoding,no-entangle_title_ansatz,no-entangle_title_training,no-entangle_title_readout,retrieved
https://openalex.org/W3211718387,https://doi.org/10.1038/s41467-022-32550-3,2022,464,article,0,1,0,,0,,Generalization in quantum machine learning from few training data,0,0,1,0,0,0,1,0,0,0,1,0,0,0,0,0,0,0,0,0,0,0,0,0,2026-10-05
https://openalex.org/W3192227636,https://doi.org/10.1007/s42484-021-00061-x,2022,380,article,0,0,0,,0,,Quantum convolutional neural network for classical data classification,0,0,0,0,0,0,0,0,0,0,0,0,0,0,0,0,0,0,0,0,0,0,0,0,2026-10-05
https://openalex.org/W4393200016,https://doi.org/10.1038/s41566-024-01403-4,2024,248,article,1,1,0,1,1,0,A versatile single-photon-based quantum computing platform,0,1,0,1,0,0,0,0,0,0,0,1,0,0,0,0,0,0,0,0,0,0,0,0,2026-10-05
https://openalex.org/W4391243055,https://doi.org/10.1016/j.cosrev.2024.100619,2024,246,review,1,1,0,2,1,0,Systematic literature review: Quantum machine learning and its applications,0,1,0,1,0,1,0,1,0,1,0,1,0,0,0,0,0,0,0,0,0,0,0,0,2026-10-05
https://openalex.org/W4319081409,https://doi.org/10.3390/e25020287,2023,207,article,1,1,0,3,1,,Quantum Machine Learning: A Review and Case Studies,0,0,0,0,0,0,0,0,0,0,0,0,0,0,0,0,0,0,0,0,0,0,0,0,2026-10-05
https://openalex.org/W3186461170,https://doi.org/10.1109/hpca53966.2022.00057,2022,198,conference-paper,1,1,0,4,1,,QuantumNAS: Noise-Adaptive Search for Robust Quantum Circuits,0,1,0,0,0,1,0,0,0,1,0,0,0,0,0,0,0,0,0,0,0,0,0,0,2026-10-05
https://openalex.org/W4391951331,https://doi.org/10.1088/2632-2153/ad2aef,2024,172,article,1,1,0,5,1,,Quantum machine learning for image classification,0,0,1,0,0,0,1,0,0,0,1,0,0,0,0,0,0,0,0,0,0,0,0,0,2026-10-05
https://openalex.org/W4387117982,https://doi.org/10.1016/j.optcom.2023.129993,2023,163,article,0,0,0,,0,,Quantum convolutional neural network based on variational quantum circuits,0,0,0,0,0,0,0,0,0,0,0,0,0,0,0,0,0,0,0,0,0,0,0,0,2026-10-05
https://openalex.org/W3156478900,https://doi.org/10.1007/s42484-022-00062-4,2022,114,article,0,0,0,,0,,Quantum transfer learning for breast cancer detection,0,0,0,0,0,0,0,0,0,0,0,0,0,0,0,0,0,0,0,0,0,0,0,0,2026-10-05
https://openalex.org/W4385200455,https://doi.org/10.1017/qut.2023.4,2023,112,article,1,1,0,6,1,,The state of quantum computing applications in health and medicine,0,1,1,0,0,0,1,0,0,0,1,0,0,0,0,0,0,0,0,0,0,0,0,0,2026-10-05
https://openalex.org/W4310155627,https://doi.org/10.1038/s43588-022-00351-9,2022,110,article,0,0,0,,0,,Experimental quantum adversarial learning with programmable superconducting qubits,0,0,0,0,0,0,0,0,0,0,0,0,0,0,0,0,0,0,0,0,0,0,0,0,2026-10-05
https://openalex.org/W4396668596,https://doi.org/10.1103/prxquantum.5.020328,2024,109,article,1,1,0,7,1,,Theory for Equivariant Quantum Neural Networks,1,0,1,0,0,0,1,0,1,0,1,0,0,0,0,0,0,0,0,0,0,0,0,0,2026-10-05
https://openalex.org/W4318975179,https://doi.org/10.1038/s41467-023-36144-5,2023,103,article,1,1,0,8,1,,Universal expressiveness of variational quantum classifiers and quantum kernels for support vector machines,1,1,0,0,1,0,0,0,1,1,0,0,0,1,0,0,0,0,0,0,0,1,0,0,2026-10-05
https://openalex.org/W4297509995,https://doi.org/10.32604/iasc.2023.032262,2022,97,article,1,1,0,9,1,,Explainable Heart Disease Prediction Using Ensemble-Quantum Machine Learning Approach,0,0,0,0,0,0,0,0,0,0,0,0,0,0,0,0,0,0,0,0,0,0,0,0,2026-10-05
https://openalex.org/W4391091909,https://doi.org/10.1038/s41534-024-00804-1,2024,94,article,1,1,0,10,1,,Theoretical guarantees for permutation-equivariant quantum neural networks,1,0,1,0,0,0,1,0,1,0,1,0,0,0,0,0,0,0,0,0,0,0,0,0,2026-10-05
https://openalex.org/W4386746261,https://doi.org/10.1186/s12880-023-01084-5,2023,92,article,0,1,0,,0,,Medical image diagnosis based on adaptive Hybrid Quantum CNN,0,0,1,0,0,0,1,0,0,0,1,0,0,0,0,0,0,0,0,0,0,0,0,0,2026-10-05
https://openalex.org/W4214520296,https://doi.org/10.3390/electronics11050721,2022,91,article,1,1,0,11,1,,Automated Detection of Alzheimer’s via Hybrid Classical Quantum Neural Networks,0,0,1,0,0,0,1,0,0,0,1,0,0,0,0,0,0,0,0,0,0,0,0,0,2026-10-05
https://openalex.org/W4387761457,https://doi.org/10.1016/j.bspc.2023.105567,2023,87,article,0,0,0,,0,,Hybrid framework for respiratory lung diseases detection based on classical CNN and quantum classifiers from chest X-rays,0,0,0,0,0,0,0,0,0,0,0,0,0,0,0,0,0,0,0,0,0,0,0,0,2026-10-05
https://openalex.org/W4318815104,https://doi.org/10.1016/j.optcom.2023.129287,2023,85,article,0,0,0,,0,,Image classification and adversarial robustness analysis based on hybrid quantum–classical convolutional neural network,0,0,0,0,0,0,0,0,0,0,0,0,0,0,0,0,0,0,0,0,0,0,0,0,2026-10-05
https://openalex.org/W4402618489,https://doi.org/10.1007/s11432-023-3879-7,2024,83,article,0,0,0,,0,,Quantum self-attention neural networks for text classification,0,0,0,0,0,0,0,0,0,0,0,0,0,0,0,0,0,0,0,0,0,0,0,0,2026-10-05
https://openalex.org/W4309713817,https://doi.org/10.3389/fphy.2022.1069985,2022,82,article,1,1,0,12,1,,Multiclass classification using quantum convolutional neural networks with hybrid quantum-classical learning,1,0,1,0,1,0,1,0,1,0,1,0,0,0,0,0,0,0,0,0,0,0,0,0,2026-10-05
https://openalex.org/W4384470533,https://doi.org/10.1016/j.inffus.2023.101913,2023,79,article,0,0,0,,0,,QNMF: A quantum neural network based multimodal fusion system for intelligent diagnosis,0,0,0,0,0,0,0,0,0,0,0,0,0,0,0,0,0,0,0,0,0,0,0,0,2026-10-05
https://openalex.org/W4365504435,https://doi.org/10.34133/research.0134,2023,75,article,1,1,0,13,1,0,Quantum Neural Network for Quantum Neural Computing,0,0,0,1,0,0,0,0,0,0,0,1,0,0,0,0,0,0,0,0,0,0,0,0,2026-10-05
https://openalex.org/W4319965846,https://doi.org/10.1016/j.asoc.2023.110099,2023,68,article,0,0,0,,0,,A shallow hybrid classical–quantum spiking feedforward neural network for noise-robust image classification,0,0,0,0,0,0,0,0,0,0,0,0,0,0,0,0,0,0,0,0,0,0,0,0,2026-10-05
https://openalex.org/W4388704302,https://doi.org/10.1142/s0219749923500442,2023,65,article,1,1,0,14,1,,Financial fraud detection: A comparative study of quantum machine learning models,0,0,0,0,0,0,0,0,0,0,0,0,0,0,0,0,0,0,0,0,0,0,0,0,2026-10-05
https://openalex.org/W4377030184,https://doi.org/10.1016/j.imavis.2023.104710,2023,64,article,0,0,0,,0,,Detection of anomaly in surveillance videos using quantum convolutional neural networks,0,0,0,0,0,0,0,0,0,0,0,0,0,0,0,0,0,0,0,0,0,0,0,0,2026-10-05
https://openalex.org/W4221167764,https://doi.org/10.1109/icassp43922.2022.9746412,2022,62,conference-paper,1,1,0,15,1,,When BERT Meets Quantum Temporal Convolution Learning for Text Classification in Heterogeneous Computing,0,0,0,0,0,0,0,0,0,0,0,0,0,0,0,0,0,0,0,0,0,0,0,0,2026-10-05
https://openalex.org/W4293025139,https://doi.org/10.1145/3489517.3530400,2022,60,conference-paper,1,1,0,16,1,1,QuantumNAT,0,0,0,1,0,0,0,0,0,0,0,1,0,0,0,0,0,0,0,0,0,0,0,0,2026-10-05
https://openalex.org/W4384471097,https://doi.org/10.1016/j.neunet.2023.07.003,2023,60,article,0,0,0,,0,,Quantum recurrent neural networks for sequential learning,0,0,0,0,0,0,0,0,0,0,0,0,0,0,0,0,0,0,0,0,0,0,0,0,2026-10-05
https://openalex.org/W4285087870,https://doi.org/10.1038/s41598-022-14876-6,2022,59,article,1,1,0,17,1,,Review of some existing QML frameworks and novel hybrid classical–quantum neural networks realising binary classification for the noisy datasets,1,0,0,0,1,0,0,0,1,0,0,0,0,0,0,0,0,0,0,0,0,0,0,0,2026-10-05
https://openalex.org/W4413785294,https://doi.org/10.1038/s41598-025-13417-1,2025,58,article,1,1,0,18,1,,Hybrid quantum-classical-quantum convolutional neural networks,0,1,1,0,0,1,1,0,0,1,1,0,0,0,0,0,0,0,0,0,0,0,0,0,2026-10-05
https://openalex.org/W4282596355,https://doi.org/10.1016/j.neucom.2022.06.010,2022,57,article,0,0,0,,0,,Development of variational quantum deep neural networks for image recognition,0,0,0,0,0,0,0,0,0,0,0,0,0,0,0,0,0,0,0,0,0,0,0,0,2026-10-05
https://openalex.org/W4283072214,https://doi.org/10.1109/tnnls.2022.3179354,2022,57,article,1,1,0,19,1,,Efficient Quantum Image Classification Using Single Qubit Encoding,1,0,0,0,0,0,0,0,1,0,0,0,1,0,0,0,0,0,0,0,1,0,0,0,2026-10-05
https://openalex.org/W4225006020,https://doi.org/10.3991/ijim.v16i08.30107,2022,56,article,1,1,0,20,1,,Face Patterns Analysis and Recognition System Based on Quantum Neural Network QNN,0,0,0,0,0,0,0,0,0,0,0,0,0,0,0,0,0,0,0,0,0,0,0,0,2026-10-05
https://openalex.org/W4391305668,https://doi.org/10.1109/tqe.2024.3359574,2024,55,article,1,1,0,21,1,,Network Anomaly Detection Using Quantum Neural Networks on Noisy Quantum Computers,1,0,0,0,0,0,0,0,1,0,0,0,0,0,0,0,0,0,0,0,0,0,0,0,2026-10-05
https://openalex.org/W4313830797,https://doi.org/10.1038/s41534-022-00672-7,2023,54,article,1,1,0,22,1,,Theoretical error performance analysis for variational quantum circuit based functional regression,0,0,0,0,0,0,0,0,0,0,0,0,0,0,0,0,0,0,0,0,0,0,0,0,2026-10-05
https://openalex.org/W4292314404,https://doi.org/10.21468/scipostphyslectnotes.61,2022,51,article,1,1,0,23,1,,Quantum Neural Network Classifiers: A Tutorial,1,0,0,0,1,0,0,0,1,0,0,0,0,0,0,0,0,0,0,0,0,0,0,0,2026-10-05
https://openalex.org/W4312080395,https://doi.org/10.1109/qce53715.2022.00023,2022,51,conference-paper,1,1,0,24,1,,Hybrid Quantum-Classical Neural Networks,0,0,0,0,0,0,0,0,0,0,0,0,0,0,0,0,0,0,0,0,0,0,0,0,2026-10-05
https://openalex.org/W4285494914,https://doi.org/10.1155/2022/5701479,2022,49,article,0,1,0,,0,,An Image Classification Algorithm Based on Hybrid Quantum Classical Convolutional Neural Network,0,0,0,1,0,0,0,0,0,0,0,1,0,0,0,0,0,0,0,0,0,0,0,0,2026-10-05
https://openalex.org/W4391352131,https://doi.org/10.1007/s11082-023-06245-y,2024,49,article,0,0,0,,0,,RETRACTED ARTICLE: Quantum mesh neural network model in precise image diagnosing,0,0,0,0,0,0,0,0,0,0,0,0,0,0,0,0,0,0,0,0,0,0,0,0,2026-10-05
https://openalex.org/W4312788581,https://doi.org/10.1109/cvpr52688.2022.00236,2022,48,conference-paper,1,1,0,25,1,,Semiconductor Defect Detection by Hybrid Classical-Quantum Deep Learning,0,1,0,0,0,1,0,0,0,1,0,0,0,0,0,0,0,0,0,0,0,0,0,0,2026-10-05
https://openalex.org/W4312788581,https://doi.org/10.1109/cvpr52688.2022.00236,2022,48,conference-paper,1,1,1,,0,,Semiconductor Defect Detection by Hybrid Classical-Quantum Deep Learning,0,1,0,0,0,1,0,0,0,1,0,0,0,0,0,0,0,0,0,0,0,0,0,0,2026-10-05
https://openalex.org/W4362470806,https://doi.org/10.1103/physreva.107.032428,2023,47,article,1,1,0,26,1,,Quantum kernel methods for solving regression problems and differential equations,1,0,1,0,1,0,1,0,1,0,1,0,0,0,0,0,0,0,0,0,0,0,0,0,2026-10-05
https://openalex.org/W4220710689,https://doi.org/10.3390/e24030394,2022,46,article,1,1,0,27,1,1,A Multi-Classification Hybrid Quantum Neural Network Using an All-Qubit Multi-Observable Measurement Strategy,0,0,0,1,0,0,0,1,0,0,0,1,0,0,0,1,0,0,0,1,0,0,0,1,2026-10-05
https://openalex.org/W4221163870,https://doi.org/10.48550/arxiv.2201.04093,2022,46,review,1,1,0,28,1,,Systematic Literature Review: Quantum Machine Learning and its applications,0,0,0,0,0,0,0,0,0,0,0,0,0,0,0,0,0,0,0,0,0,0,0,0,2026-10-05
https://openalex.org/W4385828772,https://doi.org/10.1088/2632-2153/acf096,2023,46,article,1,1,0,29,1,,Reflection equivariant quantum neural networks for enhanced image classification,0,1,1,0,0,1,1,0,0,1,1,0,0,0,0,0,0,0,0,0,0,0,0,0,2026-10-05
https://openalex.org/W4391589697,https://doi.org/10.1016/j.aej.2024.01.073,2024,46,article,1,1,0,30,1,,Optimizing intrusion detection using intelligent feature selection with machine learning model,0,0,0,0,0,0,0,0,0,0,0,0,0,0,0,0,0,0,0,0,0,0,0,0,2026-10-05
https://openalex.org/W4387122278,https://doi.org/10.1016/j.neunet.2023.09.040,2023,44,article,0,0,0,,0,,EQNAS: Evolutionary Quantum Neural Architecture Search for Image Classification,0,1,0,0,0,1,0,0,0,1,0,0,0,1,0,0,0,1,0,0,0,1,0,0,2026-10-05
https://openalex.org/W4280519656,https://doi.org/10.1007/s11227-022-04542-z,2022,43,article,0,0,0,,0,,Network attack detection scheme based on variational quantum neural network,0,0,0,0,0,0,0,0,0,0,0,0,0,0,0,0,0,0,0,0,0,0,0,0,2026-10-05
https://openalex.org/W4293261736,https://doi.org/10.1145/3489517.3530495,2022,43,conference-paper,1,1,0,31,1,,QOC,0,0,1,0,0,0,0,0,0,0,1,0,0,0,0,0,0,0,0,0,0,0,0,0,2026-10-05
https://openalex.org/W4382364303,https://doi.org/10.1016/j.neunet.2023.06.027,2023,42,article,0,0,0,,0,,Stereoscopic scalable quantum convolutional neural networks,0,0,0,0,0,0,0,0,0,0,0,0,0,0,0,0,0,0,0,0,0,0,0,0,2026-10-05
https://openalex.org/W4385062990,https://doi.org/10.1109/access.2023.3297498,2023,42,article,1,1,0,32,1,,Classification of Potentially Hazardous Asteroids Using Supervised Quantum Machine Learning,0,0,0,0,0,0,0,0,0,0,0,0,0,0,0,0,0,0,0,0,0,0,0,0,2026-10-05
https://openalex.org/W4390614711,https://doi.org/10.1007/s11128-023-04217-5,2024,41,article,0,0,0,,0,,Shallow hybrid quantum-classical convolutional neural network model for image classification,0,0,0,0,0,0,0,0,0,0,0,0,0,0,0,0,0,0,0,0,0,0,0,0,2026-10-05
https://openalex.org/W4288071407,https://doi.org/10.1561/2000000118,2022,39,article,0,1,0,,0,,An Introduction to Quantum Machine Learning for Engineers,0,0,0,1,0,0,0,0,0,0,0,1,0,0,0,0,0,0,0,0,0,0,0,0,2026-10-05
https://openalex.org/W3141189820,https://doi.org/10.1088/2058-9565/ac6825,2022,38,article,1,1,0,33,1,,Quantum self-supervised learning,0,0,0,0,0,0,0,0,0,0,0,0,0,0,0,0,0,0,0,0,0,0,0,0,2026-10-05
https://openalex.org/W4313018127,https://doi.org/10.1109/iisa56318.2022.9904377,2022,38,conference-paper,1,1,0,34,1,,Quantum Machine Learning for Audio Classification with Applications to Healthcare,0,0,0,0,0,0,0,0,0,0,0,0,0,0,0,0,0,0,0,0,0,0,0,0,2026-10-05
https://openalex.org/W4389607983,https://doi.org/10.1088/1402-4896/ad14d6,2023,38,article,1,1,0,35,1,,QTN-VQC: an end-to-end learning framework for quantum neural networks,0,0,1,0,0,0,1,0,0,0,1,0,0,0,0,0,0,0,0,0,0,0,0,0,2026-10-05
https://openalex.org/W4392509742,https://doi.org/10.3390/diagnostics14050558,2024,38,article,1,1,0,36,1,,Hybrid Quantum Image Classification and Federated Learning for Hepatic Steatosis Diagnosis,0,0,0,0,0,0,0,0,0,0,0,0,0,0,0,0,0,0,0,0,0,0,0,0,2026-10-05
https://openalex.org/W4372259985,https://doi.org/10.1109/icassp49357.2023.10095215,2023,37,conference-paper,1,1,0,37,1,,PQLM - Multilingual Decentralized Portable Quantum Language Model,1,0,0,0,0,0,0,0,1,0,0,0,0,0,0,0,0,0,0,0,0,0,0,0,2026-10-05
https://openalex.org/W4289526635,https://doi.org/10.1007/jhep08(2022)014,2022,36,article,1,1,0,38,1,,Quantum Machine Learning for b-jet charge identification,0,0,0,0,0,0,0,0,0,0,0,0,0,0,0,0,0,0,0,0,0,0,0,0,2026-10-05
https://openalex.org/W4392153525,https://doi.org/10.1109/i-pact58649.2023.10434762,2023,36,conference-paper,1,1,0,39,1,,A Brief Survey on Efficient Models for Qubits Encoding Using Quantum Machine Learning With Multi Level Time Series Data Classification,1,0,0,0,1,0,0,0,1,0,0,0,1,0,0,0,0,0,0,0,1,0,0,0,2026-10-05
https://openalex.org/W4393930472,https://doi.org/10.1103/physrevresearch.6.023020,2024,35,article,1,1,0,40,1,,Enhancing quantum adversarial robustness by randomized encodings,1,0,1,0,0,0,1,0,1,0,1,0,1,0,0,0,0,0,0,0,1,0,0,0,2026-10-05
https://openalex.org/W4401698596,https://doi.org/10.3390/ai5030070,2024,35,article,1,1,0,41,1,,H-QNN: A Hybrid Quantum–Classical Neural Network for Improved Binary Image Classification,0,0,0,0,0,0,0,0,0,0,0,0,0,0,0,0,0,0,0,0,0,0,0,0,2026-10-05
https://openalex.org/W4402626748,https://doi.org/10.1109/access.2024.3464240,2024,35,article,1,1,0,42,1,,Privacy-Preserving Hybrid Federated Learning Framework for Mental Healthcare Applications: Clustered and Quantum Approaches,1,0,0,0,1,0,0,0,1,0,0,0,0,0,0,0,0,0,0,0,0,0,0,0,2026-10-05
https://openalex.org/W3162603073,https://doi.org/10.22331/q-2023-01-13-893,2023,34,article,0,1,0,,0,,Structural risk minimization for quantum linear classifiers,0,0,0,1,0,0,0,1,0,0,0,1,0,0,0,0,0,0,0,0,0,0,0,0,2026-10-05
https://openalex.org/W3165343618,https://doi.org/10.1371/journal.pone.0262346,2022,34,article,1,1,0,43,1,,Variational quantum classifiers through the lens of the Hessian,0,0,1,0,0,0,1,0,0,0,1,0,0,0,0,0,0,0,0,0,0,0,0,0,2026-10-05
https://openalex.org/W4289334409,https://doi.org/10.1103/physreva.106.022601,2022,34,article,1,1,0,44,1,,Completely quantum neural networks,1,0,0,0,0,0,0,0,1,0,0,0,0,0,0,0,0,0,0,0,0,0,0,0,2026-10-05
https://openalex.org/W4310037103,https://doi.org/10.3390/app122312025,2022,34,article,1,1,0,45,1,,Towards Explainable Quantum Machine Learning for Mobile Malware Detection and Classification,0,0,1,0,0,0,0,0,0,0,1,0,0,0,0,0,0,0,0,0,0,0,0,0,2026-10-05
https://openalex.org/W4313169488,https://doi.org/10.1109/qce53715.2022.00078,2022,34,conference-paper,1,1,0,46,1,,Variational Quantum Pulse Learning,0,1,0,0,0,1,0,0,0,1,0,0,0,0,0,0,0,0,0,0,0,0,0,0,2026-10-05
https://openalex.org/W4401277758,https://doi.org/10.1002/qute.202400084,2024,34,article,1,1,0,47,1,,Quantum‐Neural Network Model for Platform Independent Ddos Attack Classification in Cyber Security,0,0,0,0,0,0,0,0,0,0,0,0,0,0,0,0,0,0,0,0,0,0,0,0,2026-10-05
https://openalex.org/W4406610560,https://doi.org/10.1109/access.2025.3531979,2025,34,article,1,1,0,48,1,,A Quantum-Based Machine Learning Approach for Autism Detection Using Common Spatial Patterns of EEG Signals,1,0,0,0,1,0,0,0,1,0,0,0,0,0,0,0,0,0,0,0,0,0,0,0,2026-10-05
https://openalex.org/W4400877579,https://doi.org/10.1109/access.2024.3432312,2024,33,article,1,1,0,49,1,,Evaluating the Computational Advantages of the Variational Quantum Circuit Model in Financial Fraud Detection,0,1,0,0,0,0,0,0,0,0,0,0,0,0,0,0,0,0,0,0,0,0,0,0,2026-10-05
https://openalex.org/W4387408711,https://doi.org/10.1103/physrevlett.131.140601,2023,31,article,1,1,0,50,1,,Problem-Dependent Power of Quantum Neural Networks on Multiclass Classification,1,0,0,0,1,0,0,0,1,0,0,0,0,0,0,0,0,0,0,0,0,0,0,0,2026-10-05
https://openalex.org/W4412956029,https://doi.org/10.1007/s42484-025-00305-0,2025,31,article,0,0,0,,0,,Quantum-Train: rethinking hybrid quantum-classical machine learning in the model compression perspective,0,0,0,0,0,0,0,0,0,0,0,0,0,0,0,0,0,0,0,0,0,0,0,0,2026-10-05
https://openalex.org/W4283326148,https://doi.org/10.1103/physrevapplied.17.064044,2022,30,article,1,1,0,51,1,,Quantum Extreme Reservoir Computation Utilizing Scale-Free Networks,0,0,0,0,0,0,0,0,0,0,0,0,0,0,0,0,0,0,0,0,0,0,0,0,2026-10-05
https://openalex.org/W4385294648,https://doi.org/10.1021/acs.jpclett.3c01703,2023,30,article,1,1,0,52,1,,Quantum Machine Learning in Materials Prediction: A Case Study on ABO3 Perovskite Structures,0,0,0,0,0,0,0,0,0,0,0,0,0,0,0,0,0,0,0,0,0,0,0,0,2026-10-05
https://openalex.org/W4401691541,https://doi.org/10.1109/tfuzz.2024.3435792,2024,30,article,1,1,0,53,1,,Quantum-Assisted Hierarchical Fuzzy Neural Network for Image Classification,0,0,0,0,0,0,0,0,0,0,0,0,0,0,0,0,0,0,0,0,0,0,0,0,2026-10-05
https://openalex.org/W4308151549,https://doi.org/10.1016/j.snb.2022.132946,2022,29,article,0,0,0,,0,,Discrimination of geographical indication of Chinese green teas using an electronic nose combined with quantum neural networks: A portable strategy,0,0,0,0,0,0,0,0,0,0,0,0,0,0,0,0,0,0,0,0,0,0,0,0,2026-10-05
https://openalex.org/W4320727554,https://doi.org/10.1063/5.0138021,2023,29,article,0,1,0,,0,,An improved hybrid quantum-classical convolutional neural network for multi-class brain tumor MRI classification,0,0,0,0,0,0,0,0,0,0,0,0,0,0,0,0,0,0,0,0,0,0,0,0,2026-10-05
https://openalex.org/W4367301287,https://doi.org/10.1016/j.bspc.2023.104816,2023,29,article,0,0,0,,0,,ECG-based heartbeat classification using exponential-political optimizer trained deep learning for arrhythmia detection,0,0,1,0,0,0,1,0,0,0,1,0,0,0,1,0,0,0,1,0,0,0,1,0,2026-10-05
https://openalex.org/W4387461442,https://doi.org/10.1007/s42484-023-00130-3,2023,29,article,0,0,0,,0,,Quantum convolutional neural networks for multi-channel supervised learning,0,0,0,0,0,0,0,0,0,0,0,0,0,0,0,0,0,0,0,0,0,0,0,0,2026-10-05
https://openalex.org/W4394770817,https://doi.org/10.1088/1402-4896/ad3e3d,2024,29,article,1,1,0,54,1,,Hybrid quantum neural network structures for image multi-classification,1,0,1,0,0,0,1,0,1,0,1,0,0,0,0,0,0,0,0,0,0,0,0,0,2026-10-05
https://openalex.org/W4404669464,https://doi.org/10.3390/math12233684,2024,29,article,1,1,0,55,1,,Hybrid Quantum–Classical Neural Networks for Efficient MNIST Binary Image Classification,0,0,0,0,0,0,0,0,0,0,0,0,0,0,0,0,0,0,0,0,0,0,0,0,2026-10-05
https://openalex.org/W4407926588,https://doi.org/10.1007/s42484-025-00254-8,2025,29,article,0,1,0,,0,,Explaining quantum circuits with Shapley values: towards explainable quantum machine learning,0,0,0,0,0,0,0,0,0,0,0,0,0,0,0,0,0,0,0,0,0,0,0,0,2026-10-05
https://openalex.org/W4382724485,https://doi.org/10.3390/e25070992,2023,28,article,1,1,0,56,1,,On the Applicability of Quantum Machine Learning,1,0,0,0,1,0,0,0,1,0,0,0,0,0,0,0,0,0,0,0,0,0,0,0,2026-10-05
https://openalex.org/W4386480703,https://doi.org/10.1002/spe.3264,2023,28,article,1,1,0,57,1,,Quantum machine learning‐based framework to detect heart failures in Healthcare 4.0,0,0,0,0,0,0,0,0,0,0,0,0,0,0,0,0,0,0,0,0,0,0,0,0,2026-10-05
https://openalex.org/W4391984999,https://doi.org/10.1007/s11227-024-05919-y,2024,28,article,0,0,0,,0,,Network intrusion detection based on variational quantum convolution neural network,0,0,0,0,0,0,0,0,0,0,0,0,0,0,0,0,0,0,0,0,0,0,0,0,2026-10-05
https://openalex.org/W4399857653,https://doi.org/10.3389/fmed.2024.1414637,2024,28,article,1,1,0,58,1,,Enhanced cardiovascular disease prediction through self-improved Aquila optimized feature selection in quantum neural network & LSTM model,0,0,0,0,0,0,0,0,0,0,0,0,0,0,0,0,0,0,0,0,0,0,0,0,2026-10-05
https://openalex.org/W4280571626,https://doi.org/10.1007/s42484-022-00070-4,2022,27,article,1,1,0,59,1,,Quantum neural network autoencoder and classifier applied to an industrial case study,0,0,0,0,0,0,0,0,0,0,0,0,0,0,0,0,0,0,0,0,0,0,0,0,2026-10-05
https://openalex.org/W4313187652,https://doi.org/10.1109/iccd56317.2022.00050,2022,27,conference-paper,1,1,0,60,1,,On the Design of Quantum Graph Convolutional Neural Network in the NISQ-Era and Beyond,1,0,0,0,0,0,0,0,1,0,0,0,0,0,0,0,0,0,0,0,0,0,0,0,2026-10-05
https://openalex.org/W4313527693,https://doi.org/10.1088/2632-2153/acafd5,2023,27,article,0,1,0,,0,,Variational quantum one-class classifier,1,0,0,0,1,0,0,0,1,0,0,0,0,0,0,0,0,0,0,0,0,0,0,0,2026-10-05
https://openalex.org/W4313527693,https://doi.org/10.1088/2632-2153/acafd5,2023,27,article,0,1,1,,0,,Variational quantum one-class classifier,1,0,0,0,1,0,0,0,1,0,0,0,0,0,0,0,0,0,0,0,0,0,0,0,2026-10-05
https://openalex.org/W4361798816,https://doi.org/10.1007/978-981-19-9530-9_19,2023,27,book-chapter,0,0,0,,0,,Quantum Machine Learning in Prediction of Breast Cancer,0,0,0,0,0,0,0,0,0,0,0,0,0,0,0,0,0,0,0,0,0,0,0,0,2026-10-05
https://openalex.org/W4366827156,https://doi.org/10.3390/math11092008,2023,27,article,1,1,0,61,1,,Quantum Computing Meets Deep Learning: A Promising Approach for Diabetic Retinopathy Classification,0,1,0,0,0,0,0,0,0,0,0,0,0,0,0,0,0,0,0,0,0,0,0,0,2026-10-05
https://openalex.org/W4402061478,https://doi.org/10.1038/s41467-024-51161-8,2024,27,article,1,1,0,62,1,,Microwave signal processing using an analog quantum reservoir computer,0,0,1,0,0,0,1,0,0,0,1,0,0,0,0,0,0,0,0,0,0,0,0,0,2026-10-05
https://openalex.org/W4210586732,https://doi.org/10.3390/electronics11030437,2022,26,article,1,1,0,63,1,1,An Evaluation of Hardware-Efficient Quantum Neural Networks for Image Data Classification,1,1,0,1,0,0,0,1,1,1,0,1,0,0,0,0,0,0,0,0,0,0,0,0,2026-10-05
https://openalex.org/W4321489002,https://doi.org/10.1109/icaic57335.2023.10044125,2023,26,review,1,1,0,64,1,,"Quantum Machine Learning for Network Intrusion Detection Systems, a Systematic Literature Review",0,0,0,0,0,0,0,0,0,0,0,0,0,0,0,0,0,0,0,0,0,0,0,0,2026-10-05
https://openalex.org/W4321489002,https://doi.org/10.1109/icaic57335.2023.10044125,2023,26,review,1,1,1,,0,,"Quantum Machine Learning for Network Intrusion Detection Systems, a Systematic Literature Review",0,0,0,0,0,0,0,0,0,0,0,0,0,0,0,0,0,0,0,0,0,0,0,0,2026-10-05
https://openalex.org/W4323914206,https://doi.org/10.1109/access.2023.3255417,2023,26,article,0,1,0,,0,,Prognostics and Health Management of Rotating Machinery via Quantum Machine Learning,1,1,0,0,0,0,0,0,1,0,0,0,0,0,0,0,0,0,0,0,0,0,0,0,2026-10-05
https://openalex.org/W4387448602,https://doi.org/10.1109/access.2023.3323019,2023,26,article,1,1,0,65,1,,Hybrid Quantum Convolutional Neural Networks for UWB Signal Classification,1,0,0,0,1,0,0,0,1,0,0,0,0,0,0,0,0,0,0,0,0,0,0,0,2026-10-05
https://openalex.org/W4387846277,https://doi.org/10.1145/3583780.3615240,2023,26,conference-paper,1,1,0,66,1,1,Logarithmic Dimension Reduction for Quantum Neural Networks,0,0,0,1,0,0,0,1,0,0,0,1,0,0,0,0,0,0,0,0,0,0,0,0,2026-10-05
https://openalex.org/W4391345764,https://doi.org/10.1016/j.eswa.2024.123354,2024,26,article,0,0,0,,0,,EEG-based motor imagery classification with quantum algorithms,0,0,0,0,0,0,0,0,0,0,0,0,0,0,0,0,0,0,0,0,0,0,0,0,2026-10-05
https://openalex.org/W4396712756,https://doi.org/10.1109/tcss.2024.3388016,2024,26,article,1,1,0,67,1,,"Hybrid Quantum-Classical Neural Network for Multimodal Multitask Sarcasm, Emotion, and Sentiment Analysis",1,1,0,0,0,0,0,0,1,0,0,0,0,0,0,0,0,0,0,0,0,0,0,0,2026-10-05
https://openalex.org/W4414349340,https://doi.org/10.1103/3y65-f5w6,2025,26,article,1,1,0,68,1,0,Lie-algebraic classical simulations for quantum computing,0,1,1,1,0,0,1,1,0,0,1,1,0,0,0,0,0,0,0,0,0,0,0,0,2026-10-05
https://openalex.org/W4294335599,https://doi.org/10.1002/prop.202200104,2022,25,article,1,1,0,69,1,0,"Sequential Measurements, Topological Quantum Field Theories, and Topological Quantum Neural Networks",0,0,0,1,0,0,0,1,0,0,0,1,0,0,0,1,0,0,0,0,0,0,0,1,2026-10-05
https://openalex.org/W4401073989,https://doi.org/10.1016/j.knosys.2024.112260,2024,25,article,0,1,0,,0,,HQ-DCGAN: Hybrid quantum deep convolutional generative adversarial network approach for ECG generation,0,1,0,0,0,0,0,0,0,1,0,0,0,0,0,0,0,0,0,0,0,0,0,0,2026-10-05
https://openalex.org/W4404566326,https://doi.org/10.1016/j.physa.2024.130226,2024,25,article,0,0,0,,0,,Scalable quantum convolutional neural network for image classification,0,0,0,0,0,0,0,0,0,0,0,0,0,0,0,0,0,0,0,0,0,0,0,0,2026-10-05
https://openalex.org/W4293879813,https://doi.org/10.1016/j.tcs.2022.08.021,2022,24,article,1,0,0,,0,,Chronic obstructive pulmonary disease prediction using Internet of things-spiro system and fuzzy-based quantum neural network classifier,0,0,0,0,0,0,0,0,0,0,0,0,0,0,0,0,0,0,0,0,0,0,0,0,2026-10-05
https://openalex.org/W4386317179,https://doi.org/10.1007/s10994-023-06389-8,2023,24,article,1,1,0,70,1,,Hyperparameter importance and optimization of quantum neural networks across small datasets,0,1,0,0,0,1,0,0,0,1,0,0,0,0,0,0,0,0,0,0,0,0,0,0,2026-10-05
https://openalex.org/W4391375842,https://doi.org/10.1007/s11082-023-06203-8,2024,24,article,0,0,0,,0,,RETRACTED ARTICLE: Enhanced image diagnosing approach in medicine using quantum adaptive machine learning techniques,0,0,0,0,0,0,0,0,0,0,0,0,0,0,0,0,0,0,0,0,0,0,0,0,2026-10-05
https://openalex.org/W4408469963,https://doi.org/10.1016/j.enconman.2025.119694,2025,24,article,1,1,0,71,1,,Quantum machine learning based wind turbine condition monitoring: State of the art and future prospects,0,0,0,0,0,0,0,0,0,0,0,0,0,0,0,0,0,0,0,0,0,0,0,0,2026-10-05
https://openalex.org/W4312936103,https://doi.org/10.1109/qce53715.2022.00022,2022,23,conference-paper,1,0,0,,0,,wpScalable Quantum Neural Networks for Classification,0,0,0,0,0,0,0,0,0,0,0,0,0,0,0,0,0,0,0,0,0,0,0,0,2026-10-05
https://openalex.org/W4313611765,https://doi.org/10.1088/2632-2153/acb12f,2023,23,article,1,1,0,72,1,,The impact of cost function globality and locality in hybrid quantum neural networks on NISQ devices,0,0,1,0,0,0,1,0,0,0,1,0,0,0,0,0,0,0,0,0,0,0,0,0,2026-10-05
https://openalex.org/W4379741860,https://doi.org/10.1016/j.jfranklin.2023.06.003,2023,23,article,0,0,0,,0,,Efficient quantum feature extraction for CNN-based learning,0,0,0,0,0,0,0,0,0,0,0,0,0,0,0,0,0,0,0,0,0,0,0,0,2026-10-05
https://openalex.org/W4391993523,https://doi.org/10.1007/s42484-024-00145-4,2024,23,article,0,0,0,,0,,Quantum convolutional neural networks with interaction layers for classification of classical data,0,0,0,0,0,0,0,0,0,0,0,0,0,0,0,0,0,0,0,0,0,0,0,0,2026-10-05
https://openalex.org/W4403271225,https://doi.org/10.1016/j.eswa.2024.125537,2024,23,article,0,0,0,,0,,HQNet: A hybrid quantum network for multi-class MRI brain classification via quantum computing,0,0,0,0,0,0,0,0,0,0,0,0,0,0,0,0,0,0,0,0,0,0,0,0,2026-10-05
https://openalex.org/W4406817621,https://doi.org/10.1016/j.mex.2025.103185,2025,23,article,1,1,0,73,1,,QuantumNet: An enhanced diabetic retinopathy detection model using classical deep learning-quantum transfer learning,0,0,0,0,0,0,0,0,0,0,0,0,0,0,0,0,0,0,0,0,0,0,0,0,2026-10-05
https://openalex.org/W4327773897,https://doi.org/10.1109/icrc57508.2022.00011,2022,22,conference-paper,1,1,0,74,1,,Demonstrating Quantum Advantage in Hybrid Quantum Neural Networks for Model Capacity,0,0,0,0,0,0,0,0,0,0,0,0,0,0,0,0,0,0,0,0,0,0,0,0,2026-10-05
https://openalex.org/W4387169537,https://doi.org/10.1007/s42484-023-00126-z,2023,22,article,1,1,0,75,1,,Resource saving via ensemble techniques for quantum neural networks,1,0,0,0,0,0,0,0,1,0,0,0,0,0,0,0,0,0,0,0,0,0,0,0,2026-10-05
https://openalex.org/W4392894924,https://doi.org/10.1007/s42484-024-00147-2,2024,22,article,0,0,0,,0,,Hybrid classical-quantum transfer learning for text classification,0,0,0,0,0,0,0,0,0,0,0,0,0,0,0,0,0,0,0,0,0,0,0,0,2026-10-05
https://openalex.org/W4394676114,https://doi.org/10.1515/jisys-2023-0261,2024,22,article,1,1,0,76,1,,Cloud computing-based framework for heart disease classification using quantum machine learning approach,0,0,0,0,0,0,0,0,0,0,0,0,0,0,0,0,0,0,0,0,0,0,0,0,2026-10-05
https://openalex.org/W4407574905,https://doi.org/10.1109/tits.2025.3538786,2025,21,article,1,1,0,77,1,,QNN-VRCS: A Quantum Neural Network for Vehicle Road Cooperation Systems,1,1,0,0,1,0,0,0,1,0,0,0,0,0,0,0,0,0,0,0,0,0,0,0,2026-10-05
https://openalex.org/W4413286288,https://doi.org/10.3390/math13162645,2025,21,article,0,1,0,,0,,Quantum Machine Learning: Towards Hybrid Quantum-Classical Vision Models,0,0,0,1,0,0,0,1,0,0,0,1,0,0,0,0,0,0,0,0,0,0,0,0,2026-10-05
https://openalex.org/W4210524451,https://doi.org/10.1007/s00500-021-06668-3,2022,20,article,0,0,0,,0,,RETRACTED ARTICLE: Fat-based studies for computer-assisted screening of child obesity using thermal imaging based on deep learning techniques: a comparison with quantum machine learning approach,0,0,0,0,0,0,0,0,0,0,0,0,0,0,0,0,0,0,0,0,0,0,0,0,2026-10-05
https://openalex.org/W4385874416,https://doi.org/10.1038/s41598-023-39771-6,2023,20,article,1,1,0,78,1,,Variational quantum and quantum-inspired clustering,0,0,0,0,0,0,0,0,0,0,0,0,0,0,0,0,0,0,0,0,0,0,0,0,2026-10-05
https://openalex.org/W4387452280,https://doi.org/10.22331/q-2023-10-09-1130,2023,20,article,1,1,0,79,1,,Pulse-efficient quantum machine learning,0,1,1,0,0,1,1,0,0,1,1,0,0,0,0,0,0,0,0,0,0,0,0,0,2026-10-05
https://openalex.org/W4408193848,https://doi.org/10.1016/j.inffus.2025.103049,2025,20,article,0,0,0,,0,,QMLSC: A quantum multimodal learning model for sentiment classification,0,0,0,0,0,0,0,0,0,0,0,0,0,0,0,0,0,0,0,0,0,0,0,0,2026-10-05
https://openalex.org/W4411044436,https://doi.org/10.1016/j.future.2025.107905,2025,20,article,0,0,0,,0,,Multi-omic and quantum machine learning integration for lung subtypes classification,0,0,0,0,0,0,0,0,0,0,0,0,0,0,0,0,0,0,0,0,0,0,0,0,2026-10-05
https://openalex.org/W4414606656,https://doi.org/10.1038/s41598-025-17769-6,2025,20,article,1,1,0,80,1,,A comparative analysis and noise robustness evaluation in quantum neural networks,0,1,0,0,0,0,0,0,0,0,0,0,0,0,0,0,0,0,0,0,0,0,0,0,2026-10-05
https://openalex.org/W4391540373,https://doi.org/10.1007/s42484-024-00144-5,2024,19,article,1,1,0,81,1,,The effects of quantum hardware properties on the performances of variational quantum learning algorithms,0,1,0,0,0,1,0,0,0,1,0,0,0,0,0,0,0,0,0,0,0,0,0,0,2026-10-05
https://openalex.org/W4393258105,https://doi.org/10.1016/j.indcrop.2024.118397,2024,19,article,0,0,0,,0,,A comparative and practical approach using quantum machine learning (QML) and support vector classifier (SVC) for Light emitting diodes mediated in vitro micropropagation of black mulberry (Morus nigra L.),0,0,0,0,0,0,0,0,0,0,0,0,0,0,0,0,0,0,0,0,0,0,0,0,2026-10-05
https://openalex.org/W4396855072,https://doi.org/10.1103/physreva.109.052423,2024,19,article,1,1,0,82,1,,Approximate complex amplitude encoding algorithm and its application to data classification problems,1,0,1,0,1,0,0,0,1,0,1,0,1,0,0,0,1,0,0,0,1,0,0,0,2026-10-05
https://openalex.org/W4410770879,https://doi.org/10.1109/icasspw65056.2025.11011001,2025,19,conference-paper,1,1,0,83,1,1,Learning to Measure Quantum Neural Networks,1,0,0,1,1,0,0,1,1,0,0,1,0,0,0,0,0,0,0,0,0,0,0,0,2026-10-05
https://openalex.org/W4413705746,https://doi.org/10.3233/atde250557,2025,19,book-chapter,1,1,0,84,1,,Quantum Variational Transformer Model for Enhanced Cancer Classification,1,0,1,0,1,0,0,0,1,0,1,0,0,0,0,0,0,0,0,0,0,0,0,0,2026-10-05
https://openalex.org/W4221139343,https://doi.org/10.48550/arxiv.2201.01820,2022,18,preprint,1,1,0,85,1,,A Hybrid Quantum-Classical Neural Network Architecture for Binary Classification,0,0,0,0,0,0,0,0,0,0,0,0,0,0,0,0,0,0,0,0,0,0,0,0,2026-10-05
https://openalex.org/W4226186721,https://doi.org/10.1109/icitiit54346.2022.9744220,2022,18,conference-paper,1,1,0,86,1,,Brain Tumor Recognition based on Classical to Quantum Transfer Learning,0,0,0,0,0,0,0,0,0,0,0,0,0,0,0,0,0,0,0,0,0,0,0,0,2026-10-05
https://openalex.org/W4372259750,https://doi.org/10.1109/icassp49357.2023.10094634,2023,18,conference-paper,1,1,0,87,1,,Optimizing Quantum Federated Learning Based on Federated Quantum Natural Gradient Descent,0,0,1,0,0,0,0,0,0,0,1,0,0,0,1,0,0,0,0,0,0,0,1,0,2026-10-05
https://openalex.org/W4385462354,https://doi.org/10.1007/s42484-023-00118-z,2023,18,article,1,1,0,88,1,0,Classical splitting of parametrized quantum circuits,0,1,1,1,0,1,1,1,0,1,1,1,0,0,0,0,0,0,0,0,0,0,0,0,2026-10-05
https://openalex.org/W4392003955,https://doi.org/10.1007/s10489-024-05337-w,2024,18,article,0,0,0,,0,,A light-weight quantum self-attention model for classical data classification,0,0,0,0,0,0,0,0,0,0,0,0,0,0,0,0,0,0,0,0,0,0,0,0,2026-10-05
https://openalex.org/W4400513062,https://doi.org/10.1038/s41598-024-66394-2,2024,18,article,0,1,0,,0,,Scalable parameterized quantum circuits classifier,0,0,1,1,0,0,1,0,0,0,1,1,0,0,0,0,0,0,0,0,0,0,0,0,2026-10-05
https://openalex.org/W4401879064,https://doi.org/10.1109/compsac61105.2024.00144,2024,18,conference-paper,1,1,0,89,1,,Fine-Tuned Variational Quantum Classifiers for Cyber Attacks Detection Based on Parameterized Quantum Circuits and Optimizers,1,1,1,0,0,1,1,0,1,1,1,0,0,0,1,0,0,0,1,0,0,0,1,0,2026-10-05
https://openalex.org/W4414198122,https://doi.org/10.1109/dac63849.2025.11132906,2025,18,conference-paper,1,1,0,90,1,,Computational Advantage in Hybrid Quantum Neural Networks: Myth or Reality?,0,0,0,0,0,0,0,0,0,0,0,0,0,0,0,0,0,0,0,0,0,0,0,0,2026-10-05
https://openalex.org/W4366438798,https://doi.org/10.1016/j.asoc.2023.110308,2023,17,article,1,0,0,,0,,Classical simulation of variational quantum classifiers using tensor rings,0,0,0,0,0,0,0,0,0,0,0,0,0,0,0,0,0,0,0,0,0,0,0,0,2026-10-05
https://openalex.org/W4384561048,https://doi.org/10.1080/17445760.2023.2231163,2023,17,article,1,1,0,91,1,,"The unified effect of data encoding, ansatz expressibility and entanglement on the trainability of HQNNs",1,1,1,0,1,1,1,0,1,1,1,0,1,1,1,0,1,1,1,0,1,1,1,0,2026-10-05
https://openalex.org/W4390704502,https://doi.org/10.1103/physrevresearch.6.013027,2024,17,article,1,1,0,92,1,0,Ensemble-learning error mitigation for variational quantum shallow-circuit classifiers,0,0,0,1,0,0,0,0,0,0,0,1,0,0,0,0,0,0,0,0,0,0,0,0,2026-10-05
https://openalex.org/W4392100052,https://doi.org/10.1016/b978-0-44-319037-7.00028-4,2024,17,book-chapter,0,0,0,,0,,Federated quantum natural gradient descent for quantum federated learning,0,0,1,0,0,0,0,0,0,0,1,0,0,0,1,0,0,0,0,0,0,0,1,0,2026-10-05
https://openalex.org/W4396854592,https://doi.org/10.3390/axioms13050323,2024,17,article,1,1,0,93,1,,Quantum Vision Transformers for Quark–Gluon Classification,0,0,0,0,0,0,0,0,0,0,0,0,0,0,0,0,0,0,0,0,0,0,0,0,2026-10-05
https://openalex.org/W4401421850,https://doi.org/10.1103/physreva.110.022411,2024,17,article,1,1,0,94,1,,Neural quantum embedding: Pushing the limits of quantum supervised learning,1,0,1,0,1,0,1,0,1,0,1,0,1,0,0,0,1,0,0,0,1,0,0,0,2026-10-05
https://openalex.org/W4366824534,https://doi.org/10.1016/j.patrec.2023.04.008,2023,16,article,0,0,0,,0,,Training circuit-based quantum classifiers through memetic algorithms,0,0,0,0,0,0,0,0,0,0,0,0,0,0,0,0,0,0,0,0,0,0,0,0,2026-10-05
https://openalex.org/W4392930839,https://doi.org/10.1016/j.cjph.2024.03.026,2024,16,article,1,0,0,,0,,Superposition-enhanced quantum neural network for multi-class image classification,0,0,0,0,0,0,0,0,0,0,0,0,0,0,0,0,0,0,0,0,0,0,0,0,2026-10-05
https://openalex.org/W4400389384,https://doi.org/10.1038/s42005-024-01719-1,2024,16,article,1,1,0,95,1,,Enhancing the expressivity of quantum neural networks with residual connections,1,1,1,0,1,0,1,0,1,1,1,0,0,1,0,0,0,0,0,0,0,1,0,0,2026-10-05
https://openalex.org/W4400954729,https://doi.org/10.1007/s42484-024-00180-1,2024,16,article,0,0,0,,0,,SoK: quantum computing methods for machine learning optimization,0,0,0,0,0,0,0,0,0,0,0,0,0,0,0,0,0,0,0,0,0,0,0,0,2026-10-05
https://openalex.org/W4404819407,https://doi.org/10.3390/software3040024,2024,16,article,1,1,0,96,1,,Implementation and Performance Evaluation of Quantum Machine Learning Algorithms for Binary Classification,0,1,0,0,0,0,0,0,0,0,0,0,0,0,0,0,0,0,0,0,0,0,0,0,2026-10-05
https://openalex.org/W4410394802,https://doi.org/10.1109/qcnc64685.2025.00074,2025,16,conference-paper,1,1,0,97,1,,Variational Quantum Circuits for Molecular Classification Using Graph Neural Network,0,1,0,0,0,0,0,0,0,0,0,0,0,0,0,0,0,0,0,0,0,0,0,0,2026-10-05
https://openalex.org/W4291711130,https://doi.org/10.1016/j.physa.2022.128067,2022,15,article,0,0,0,,0,,Variational convolutional neural networks classifiers,0,0,0,0,0,0,0,0,0,0,0,0,0,0,0,0,0,0,0,0,0,0,0,0,2026-10-05
https://openalex.org/W4384038592,https://doi.org/10.1007/s11042-023-16023-3,2023,15,article,0,0,0,,0,,Ensemble-of-classifiers-based approach for early Alzheimer’s Disease detection,0,0,0,0,0,0,0,0,0,0,0,0,0,0,0,0,0,0,0,0,0,0,0,0,2026-10-05
https://openalex.org/W4386132004,https://doi.org/10.1109/lgrs.2023.3308105,2023,15,article,1,1,0,98,1,,On Quantum Hyperparameters Selection in Hybrid Classifiers for Earth Observation Data,0,0,0,0,0,0,0,0,0,0,0,0,0,0,0,0,0,0,0,0,0,0,0,0,2026-10-05
https://openalex.org/W4389158917,https://doi.org/10.1109/qce57702.2023.00033,2023,15,conference-paper,1,1,0,99,1,,Approximately Equivariant Quantum Neural Network for p4m Group Symmetries in Images,0,0,1,0,0,0,1,0,0,0,1,0,0,0,0,0,0,0,0,0,0,0,0,0,2026-10-05
https://openalex.org/W4389162750,https://doi.org/10.1109/qce57702.2023.00038,2023,15,conference-paper,1,1,0,100,1,,A Novel Spatial-Temporal Variational Quantum Circuit to Enable Deep Learning on NISQ Devices,1,1,0,0,0,0,0,0,1,1,0,0,0,0,0,0,0,0,0,0,0,0,0,0,2026-10-05
https://openalex.org/W4404509959,https://doi.org/10.1007/s42484-024-00208-6,2024,15,article,1,1,0,101,0,,Quantum neural networks under depolarization noise: exploring white-box attacks and defenses,0,0,0,0,0,0,0,0,0,0,0,0,0,0,0,0,0,0,0,0,0,0,0,0,2026-10-05
https://openalex.org/W4409659521,https://doi.org/10.1109/isacc65211.2025.10969366,2025,15,conference-paper,1,1,0,102,0,,PhishVQC: Optimizing Phishing URL Detection with Correlation Based Feature Selection and Variational Quantum Classifier,1,1,0,0,1,1,0,0,1,1,0,0,0,0,0,0,0,0,0,0,0,0,0,0,2026-10-05
https://openalex.org/W3210664501,https://doi.org/10.1103/physrevresearch.6.033179,2024,14,article,1,1,0,103,0,,Quantum tangent kernel,0,1,1,0,0,1,1,0,0,1,1,0,0,0,0,0,0,0,0,0,0,0,0,0,2026-10-05
https://openalex.org/W4283333227,https://doi.org/10.1103/physreva.106.032409,2022,14,article,1,1,0,104,0,,Quantum-machine-learning channel discrimination,1,1,0,0,0,0,0,0,1,0,0,0,0,0,0,0,0,0,0,0,0,0,0,0,2026-10-05
https://openalex.org/W4285233947,https://doi.org/10.1007/978-3-031-08760-8_21,2022,14,conference-paper,0,0,0,,0,,Quantum Variational Multi-class Classifier for the Iris Data Set,0,0,0,0,0,0,0,0,0,0,0,0,0,0,0,0,0,0,0,0,0,0,0,0,2026-10-05
https://openalex.org/W4313410572,https://doi.org/10.1103/physrevresearch.4.043199,2022,14,article,1,1,0,105,0,,Parametric t-stochastic neighbor embedding with quantum neural network,1,0,0,0,0,0,0,0,1,0,0,0,1,0,0,0,0,0,0,0,1,0,0,0,2026-10-05
https://openalex.org/W4322618907,https://doi.org/10.1007/s11128-023-03876-8,2023,14,article,0,0,0,,0,,Evolution strategies: application in hybrid quantum-classical neural networks,0,0,0,0,0,0,0,0,0,0,0,0,0,0,0,0,0,0,0,0,0,0,0,0,2026-10-05
https://openalex.org/W4388865626,https://doi.org/10.1038/s41534-023-00779-5,2023,14,article,1,1,0,106,0,,Realization of a quantum neural network using repeat-until-success circuits in a superconducting quantum processor,0,0,0,0,0,0,0,0,0,0,0,0,0,0,0,0,0,0,0,0,0,0,0,0,2026-10-05
https://openalex.org/W4390831159,https://doi.org/10.1002/9781394220649,2024,14,book,1,1,0,107,0,,Machine Learning Theory and Applications,0,0,0,0,0,0,0,0,0,0,0,0,0,0,0,0,0,0,0,0,0,0,0,0,2026-10-05
https://openalex.org/W4391346985,https://doi.org/10.1007/s11082-023-06202-9,2024,14,article,0,0,0,,0,,RETRACTED ARTICLE: Harnessing quantum power using hybrid quantum deep neural network for advanced image taxonomy,0,0,0,0,0,0,0,0,0,0,0,0,0,0,0,0,0,0,0,0,0,0,0,0,2026-10-05
https://openalex.org/W4394966891,https://doi.org/10.1109/tcad.2024.3391690,2024,14,article,1,1,0,108,0,,Secure Delegated Variational Quantum Algorithms,0,1,1,0,0,1,1,0,0,1,1,0,0,0,0,0,0,0,0,0,0,0,0,0,2026-10-05
https://openalex.org/W4405360444,https://doi.org/10.1109/tgrs.2024.3517459,2024,14,article,1,1,0,109,0,,Quantum Feature-Empowered Deep Classification for Fast Mangrove Mapping,0,1,0,0,0,0,0,0,0,0,0,0,0,0,0,0,0,0,0,0,0,0,0,0,2026-10-05
https://openalex.org/W4411977517,https://doi.org/10.5220/0013456100003967,2025,14,conference-paper,1,0,0,,0,,Classifying Hotspots Mutations for Biosimulation with Quantum Neural Networks and Variational Quantum Eigensolver,0,0,0,0,0,0,0,0,0,0,0,0,0,0,0,0,0,0,0,0,0,0,0,0,2026-10-05
https://openalex.org/W4414268121,https://doi.org/10.1016/j.microc.2025.115363,2025,14,article,0,0,0,,0,,The electronic nose: A critical global review of advances in analytical methods and real-world applications,0,0,0,0,0,0,0,0,0,0,0,0,0,0,0,0,0,0,0,0,0,0,0,0,2026-10-05
https://openalex.org/W4280563615,https://doi.org/10.48550/arxiv.2205.05625,2022,13,preprint,1,1,0,110,0,,Quantum Self-Attention Neural Networks for Text Classification,0,0,0,0,0,0,0,0,0,0,0,0,0,0,0,0,0,0,0,0,0,0,0,0,2026-10-05
https://openalex.org/W4285196249,https://doi.org/10.55011/staiqc.2022.2103,2022,13,article,1,1,0,111,0,,Quantum Transfer Learning Approach for Deepfake Detection,0,0,0,0,0,0,0,0,0,0,0,0,0,0,0,0,0,0,0,0,0,0,0,0,2026-10-05
https://openalex.org/W4384818316,https://doi.org/10.1088/1367-2630/ace8b4,2023,13,article,1,1,0,112,0,,Enhancing adversarial robustness of quantum neural networks by adding noise layers,0,0,0,0,0,0,0,0,0,0,0,0,0,0,0,0,0,0,0,0,0,0,0,0,2026-10-05
https://openalex.org/W4388406120,https://doi.org/10.1088/2058-9565/ad0a05,2023,13,article,0,1,0,,0,,Variational quantum state discriminator for supervised machine learning,0,0,0,0,0,0,0,0,0,0,0,0,0,0,0,0,0,0,0,0,0,0,0,0,2026-10-05
https://openalex.org/W4389747930,https://doi.org/10.1109/access.2023.3343120,2023,13,article,1,1,0,113,0,,Underwater Animal Identification and Classification Using a Hybrid Classical-Quantum Algorithm,0,0,0,0,0,0,0,0,0,0,0,0,0,0,0,0,0,0,0,0,0,0,0,0,2026-10-05
https://openalex.org/W4390752618,https://doi.org/10.7759/cureus.52093,2024,13,article,1,1,0,114,0,,A Quantum-Enhanced Precision Medicine Application to Support Data-Driven Clinical Decisions for the Personalized Treatment of Advanced Knee Osteoarthritis: The Development and Preliminary Validation of precisionKNEE_QNN,0,0,0,0,0,0,0,0,0,0,0,0,0,0,0,0,0,0,0,0,0,0,0,0,2026-10-05
https://openalex.org/W4392251061,https://doi.org/10.54216/jisiot.120105,2024,13,article,1,1,0,115,0,,Enhancing Real-Time Malware Analysis with Quantum Neural Networks,0,0,0,0,0,0,0,0,0,0,0,0,0,0,0,0,0,0,0,0,0,0,0,0,2026-10-05
https://openalex.org/W4404001581,https://doi.org/10.1016/bs.arcc.2024.10.007,2024,13,book-chapter,0,0,0,,0,,Federated quantum machine learning for drug discovery and healthcare,0,0,0,0,0,0,0,0,0,0,0,0,0,0,0,0,0,0,0,0,0,0,0,0,2026-10-05
https://openalex.org/W4408097026,https://doi.org/10.3389/fphy.2025.1529188,2025,13,article,1,1,0,116,0,,Optimizing quantum convolutional neural network architectures for arbitrary data dimension,0,0,1,0,0,0,1,0,0,0,1,0,0,0,0,0,0,0,0,0,0,0,0,0,2026-10-05
https://openalex.org/W4283076339,https://doi.org/10.48550/arxiv.2206.08273,2022,12,preprint,1,1,0,117,0,,Concentration of Data Encoding in Parameterized Quantum Circuits,1,0,0,0,1,0,0,0,1,0,0,0,1,0,0,0,1,0,0,0,1,0,0,0,2026-10-05
https://openalex.org/W4311133603,https://doi.org/10.12928/telkomnika.v21i1.24103,2022,12,article,1,1,0,118,0,,Quantum transfer learning for image classification,0,0,0,0,0,0,0,0,0,0,0,0,0,0,0,0,0,0,0,0,0,0,0,0,2026-10-05
https://openalex.org/W4319449194,https://doi.org/10.26421/qic23.3-4-1,2023,12,article,1,1,0,119,0,,The effect of superposition and entanglement on hybrid quantum machine learning for weather forecasting,1,1,0,0,1,0,0,0,1,0,0,0,0,1,0,0,0,0,0,0,0,0,0,0,2026-10-05
https://openalex.org/W4366828840,https://doi.org/10.3390/healthcare11091204,2023,12,article,1,1,0,120,0,,Artificial Intelligence Based COVID-19 Detection and Classification Model on Chest X-ray Images,0,0,1,0,0,0,1,0,0,0,1,0,0,0,0,0,0,0,0,0,0,0,0,0,2026-10-05
https://openalex.org/W4387252439,https://doi.org/10.1007/s11042-023-16784-x,2023,12,article,0,0,0,,0,,Autism Spectrum Disorder Detection Using Fractional Social Driving Training-Based Optimization Enabled Deep Learning,0,0,0,0,0,0,0,0,0,0,0,0,0,0,0,0,0,0,0,0,0,0,0,0,2026-10-05
https://openalex.org/W4387667490,https://doi.org/10.1103/physreva.108.042609,2023,12,article,1,1,0,121,0,,Impact of the form of weighted networks on the quantum extreme reservoir computation,1,0,0,0,1,0,0,0,1,0,0,0,0,0,0,0,0,0,0,0,0,0,0,0,2026-10-05
https://openalex.org/W4389373388,https://doi.org/10.1016/j.eswa.2023.122679,2023,12,article,1,0,0,,0,,Optimization enabled Deep Quantum Neural Network for weed classification and density estimation,0,0,0,0,0,0,0,0,0,0,0,0,0,0,0,0,0,0,0,0,0,0,0,0,2026-10-05
https://openalex.org/W4404433866,https://doi.org/10.1007/s42484-024-00215-7,2024,12,article,1,1,0,122,0,,The role of data embedding in equivariant quantum convolutional neural networks,1,1,1,0,1,1,1,0,1,1,1,0,1,0,0,0,0,0,0,0,1,0,0,0,2026-10-05
https://openalex.org/W4411264393,https://doi.org/10.1016/j.jpdc.2025.105133,2025,12,article,0,0,0,,0,,SHAP-based intrusion detection in IoT networks using quantum neural networks on IonQ hardware,0,0,0,0,0,0,0,0,0,0,0,0,0,0,0,0,0,0,0,0,0,0,0,0,2026-10-05
https://openalex.org/W4411406771,https://doi.org/10.1109/access.2025.3581030,2025,12,article,1,1,0,123,0,,A Hybrid Quantum-Classical Approach for Multi-Class Skin Disease Classification Using a 4-Qubit Model,0,0,0,1,0,0,0,0,0,0,0,1,0,0,0,0,0,0,0,0,0,0,0,0,2026-10-05
https://openalex.org/W4220883722,https://doi.org/10.1142/s0218001422520085,2022,11,article,1,1,0,124,0,,CPRO: Competitive Poor and Rich Optimizer-Enabled Deep Learning Model and Holoentropy Weighted-Power K-Means Clustering for Brain Tumor Classification Using MRI,0,0,1,0,0,0,1,0,0,0,1,0,0,0,1,0,0,0,1,0,0,0,1,0,2026-10-05
https://openalex.org/W4226362274,https://doi.org/10.1103/physreva.105.062439,2022,11,article,1,1,0,125,0,,Tensor-network discriminator architecture for classification of quantum data on quantum computers,0,1,0,1,0,0,0,0,0,0,0,1,0,0,0,0,0,0,0,0,0,0,0,0,2026-10-05
https://openalex.org/W4294811213,https://doi.org/10.1109/cec55065.2022.9870242,2022,11,conference-paper,1,1,0,126,0,,Training Variational Quantum Circuits through Genetic Algorithms,0,0,1,0,0,0,1,0,0,0,1,0,0,0,0,0,0,0,0,0,0,0,0,0,2026-10-05
https://openalex.org/W4367311267,https://doi.org/10.1007/s11128-023-03929-y,2023,11,article,1,0,0,,0,,Quantity study on a novel quantum neural network with alternately controlled gates for binary image classification,0,0,0,0,0,0,0,0,0,0,0,0,0,0,0,0,0,0,0,0,0,0,0,0,2026-10-05
https://openalex.org/W4386526498,https://doi.org/10.1007/s10462-023-10574-5,2023,11,article,0,0,0,,0,,Detection and classification of sugarcane billet damage using Aquila Sailfish Optimizer based deep learning,0,0,1,0,0,0,1,0,0,0,1,0,0,0,1,0,0,0,1,0,0,0,1,0,2026-10-05
https://openalex.org/W4387848807,https://doi.org/10.1145/3583780.3615144,2023,11,conference-paper,1,1,0,127,0,,Quantum Split Learning for Privacy-Preserving Information Management,0,0,0,0,0,0,0,0,0,0,0,0,0,0,0,0,0,0,0,0,0,0,0,0,2026-10-05
https://openalex.org/W4390501135,https://doi.org/10.1007/s10489-023-05192-1,2024,11,article,0,0,0,,0,,Shallow quantum neural networks (SQNNs) with application to crack identification,0,0,0,0,0,0,0,0,0,0,0,0,0,0,0,0,0,0,0,0,0,0,0,0,2026-10-05
https://openalex.org/W4394629097,https://doi.org/10.1109/csce60160.2023.00272,2023,11,conference-paper,1,1,0,128,0,,Evaluating the Impact of Noise on Variational Quantum Circuits in NISQ Era Devices,1,1,0,0,1,0,0,0,1,1,0,0,0,0,0,0,0,0,0,0,0,0,0,0,2026-10-05
https://openalex.org/W4403691685,https://doi.org/10.1007/s11240-024-02880-9,2024,11,article,0,0,0,,0,,Comparing quantum machine learning and classical machine learning for in vitro regeneration of cowpea (Vigna unguiculata),0,0,0,0,0,0,0,0,0,0,0,0,0,0,0,0,0,0,0,0,0,0,0,0,2026-10-05
https://openalex.org/W4406261216,https://doi.org/10.1109/qce60285.2024.00188,2024,11,conference-paper,1,1,0,129,0,,Hybrid Quantum-Classical Graph Neural Networks for Tumor Classification in Digital Pathology,1,0,0,0,1,0,0,0,1,0,0,0,0,0,0,0,0,0,0,0,0,0,0,0,2026-10-05
https://openalex.org/W4406843377,https://doi.org/10.3390/sym17020186,2025,11,article,1,1,0,130,0,,Leveraging Quantum Machine Learning to Address Class Imbalance: A Novel Approach for Enhanced Predictive Accuracy,0,0,0,0,0,0,0,0,0,0,0,0,0,0,0,0,0,0,0,0,0,0,0,0,2026-10-05
https://openalex.org/W4407020585,https://doi.org/10.1016/b978-0-443-29297-2.00003-4,2025,11,book-chapter,0,0,0,,0,,Quantum machine learning models in healthcare: future trends and challenges in healthcare,0,0,0,0,0,0,0,0,0,0,0,0,0,0,0,0,0,0,0,0,0,0,0,0,2026-10-05
https://openalex.org/W4407741245,https://doi.org/10.1002/qute.202400680,2025,11,article,1,1,0,131,0,,Quantum Neural Network Boosting Identifying Orbital Angular Momentum Modes,0,0,0,0,0,0,0,0,0,0,0,0,0,0,0,0,0,0,0,0,0,0,0,0,2026-10-05
https://openalex.org/W4412539571,https://doi.org/10.1007/s42484-025-00297-x,2025,11,article,0,0,0,,0,,Quantum autoencoders for image classification,0,0,0,0,0,0,0,0,0,0,0,0,0,0,0,0,0,0,0,0,0,0,0,0,2026-10-05
https://openalex.org/W4412545178,https://doi.org/10.1038/s41534-025-01064-3,2025,11,article,0,1,0,,0,,Parameterized quantum circuits as universal generative models for continuous multivariate distributions,0,1,0,1,0,1,0,0,0,1,0,1,0,0,0,0,0,0,0,0,0,0,0,0,2026-10-05
https://openalex.org/W4224236692,https://doi.org/10.1103/physrevresearch.4.023058,2022,10,article,1,1,0,132,0,,"Implementation of quantum stochastic walks for function approximation, two-dimensional data classification, and sequence classification",0,0,1,0,0,0,0,0,0,0,1,0,0,0,0,0,0,0,0,0,0,0,0,0,2026-10-05
https://openalex.org/W4281481402,https://doi.org/10.1109/ijcnn55064.2022.9892080,2022,10,conference-paper,1,1,0,133,0,,Quantum variational learning for entanglement witnessing,0,1,0,0,0,0,0,0,0,0,0,0,0,1,0,0,0,0,0,0,0,0,0,0,2026-10-05
https://openalex.org/W4283332450,https://doi.org/10.1007/978-3-031-18840-4_3,2022,10,conference-paper,0,0,0,,0,,Hyperparameter Importance of Quantum Neural Networks Across Small Datasets,0,0,0,0,0,0,0,0,0,0,0,0,0,0,0,0,0,0,0,0,0,0,0,0,2026-10-05
https://openalex.org/W4372342398,https://doi.org/10.1109/icassp49357.2023.10096141,2023,10,conference-paper,1,1,0,134,0,,Quantum Transfer Learning Using the Large-Scale Unsupervised Pre-Trained Model Wavlm-Large for Synthetic Speech Detection,1,0,0,0,1,0,0,0,1,0,0,0,0,0,0,0,0,0,0,0,0,0,0,0,2026-10-05
https://openalex.org/W4385488911,https://doi.org/10.1109/ijcnn54540.2023.10191509,2023,10,conference-paper,1,1,0,135,0,,Deep Spiking Quantum Neural Network for Noisy Image Classification,1,0,0,0,1,0,0,0,1,0,0,0,0,0,0,0,0,0,0,0,0,0,0,0,2026-10-05
https://openalex.org/W4385707678,https://doi.org/10.1007/s42484-023-00106-3,2023,10,article,1,1,0,136,0,,Comparing quantum and classical machine learning for Vector Boson Scattering background reduction at the Large Hadron Collider,0,0,0,0,0,0,0,0,0,0,0,0,0,0,0,0,0,0,0,0,0,0,0,0,2026-10-05
https://openalex.org/W4387758571,https://doi.org/10.2139/ssrn.4600242,2023,10,preprint,0,0,0,,0,,A Natural NISQ Model of Quantum Self-Attention Mechanism,0,0,0,0,0,0,0,0,0,0,0,0,0,0,0,0,0,0,0,0,0,0,0,0,2026-10-05
https://openalex.org/W4389163079,https://doi.org/10.1109/qce57702.2023.00125,2023,10,conference-paper,1,1,0,137,0,,Improving phishing detection in Ethereum transaction network using Quantum Machine Learning,1,1,0,0,1,1,0,0,1,1,0,0,0,0,0,0,0,0,0,0,0,0,0,0,2026-10-05
https://openalex.org/W4391345864,https://doi.org/10.1016/j.neucom.2024.127356,2024,10,article,0,0,0,,0,,Quantum variational distance-based centroid classifier,0,0,0,0,0,0,0,0,0,0,0,0,0,0,0,0,0,0,0,0,0,0,0,0,2026-10-05
https://openalex.org/W4396863213,https://doi.org/10.1007/s10773-024-05669-w,2024,10,article,0,0,0,,0,,Image Classification Using Hybrid Classical-Quantum Neutral Networks,0,0,0,0,0,0,0,0,0,0,0,0,0,0,0,0,0,0,0,0,0,0,0,0,2026-10-05
https://openalex.org/W4406203695,https://doi.org/10.1088/2632-2153/ada86c,2025,10,article,1,1,0,138,0,,Satellite image classification with neural quantum kernels,0,0,0,0,0,0,0,0,0,0,0,0,0,0,0,0,0,0,0,0,0,0,0,0,2026-10-05
https://openalex.org/W4406239771,https://doi.org/10.1016/j.apacoust.2024.110527,2025,10,article,0,0,0,,0,,Design and analysis of a novel quantum-classical hybrid neural network for environmental sound classification,0,0,0,0,0,0,0,0,0,0,0,0,0,0,0,0,0,0,0,0,0,0,0,0,2026-10-05
https://openalex.org/W4406709914,https://doi.org/10.1103/physrevresearch.7.013082,2025,10,article,1,1,0,139,0,,Image classification with rotation-invariant variational quantum circuits,0,0,0,0,0,0,0,0,0,0,0,0,0,0,0,0,0,0,0,0,0,0,0,0,2026-10-05
https://openalex.org/W4407389635,https://doi.org/10.1016/j.compeleceng.2025.110122,2025,10,article,0,0,0,,0,,HWDQT: A hybrid quantum machine learning method for ultra-short-term distributed photovoltaic power prediction,0,0,0,0,0,0,0,0,0,0,0,0,0,0,0,0,0,0,0,0,0,0,0,0,2026-10-05
https://openalex.org/W4408019705,https://doi.org/10.1016/j.neunet.2025.107301,2025,10,article,0,0,0,,0,,Quantum federated learning with pole-angle quantum local training and trainable measurement,0,0,1,1,0,0,1,0,0,0,1,1,0,0,1,1,0,0,1,0,0,0,1,1,2026-10-05
https://openalex.org/W4408535492,https://doi.org/10.1002/qute.202400601,2025,10,article,1,1,0,140,0,,Designing Robust Quantum Neural Networks via Optimized Circuit Metrics,0,1,1,0,0,1,0,0,0,1,1,0,0,0,0,0,0,0,0,0,0,0,0,0,2026-10-05
https://openalex.org/W4409944657,https://doi.org/10.35882/jeeemi.v7i2.720,2025,10,article,1,1,0,141,0,,Quantum-Enhanced Brain Tumor Detection and Progression Prediction Using MRI Imaging,1,0,0,0,1,0,0,0,1,0,0,0,0,0,0,0,0,0,0,0,0,0,0,0,2026-10-05
https://openalex.org/W4410780754,https://doi.org/10.1140/epjs/s11734-025-01703-y,2025,10,article,1,1,0,142,0,,Enhancing variational quantum classifier performance with meta-heuristic feature selection for credit card fraud detection,0,0,0,0,0,0,0,0,0,0,0,0,0,0,0,0,0,0,0,0,0,0,0,0,2026-10-05
https://openalex.org/W4412490604,https://doi.org/10.1038/s41598-025-97067-3,2025,10,article,1,1,0,143,0,,Hybrid classical and quantum computing for enhanced glioma tumor classification using TCGA data,1,1,0,0,1,0,0,0,1,0,0,0,0,0,0,0,0,0,0,0,0,0,0,0,2026-10-05
https://openalex.org/W4224981619,https://doi.org/10.1038/s41598-022-10677-z,2022,9,article,0,1,0,,0,,Variational quantum support vector machine based on $$\Gamma $$ matrix expansion and variational universal-quantum-state generator,0,0,0,0,0,0,0,0,0,0,0,0,0,0,0,0,0,0,0,0,0,0,0,0,2026-10-05
https://openalex.org/W4286750744,https://doi.org/10.48550/arxiv.2207.10221,2022,9,preprint,1,1,0,144,0,,Slimmable Quantum Federated Learning,0,0,0,0,0,0,0,0,0,0,0,0,0,0,0,0,0,0,0,0,0,0,0,0,2026-10-05
https://openalex.org/W4311845848,https://doi.org/10.3390/e24121783,2022,9,article,1,1,0,145,0,,Binary Classification Quantum Neural Network Model Based on Optimized Grover Algorithm,0,0,0,0,0,0,0,0,0,0,0,0,0,0,0,0,0,0,0,0,0,0,0,0,2026-10-05
https://openalex.org/W4312720775,https://doi.org/10.1109/qce53715.2022.00142,2022,9,conference-paper,1,1,0,146,0,,Quantum Machine Learning with Quantum Image Representations,1,1,0,0,1,0,0,0,1,1,0,0,0,0,0,0,0,0,0,0,0,0,0,0,2026-10-05
https://openalex.org/W4313054849,https://doi.org/10.1145/3549206.3549288,2022,9,conference-paper,1,1,0,147,0,,Quantum Enhanced Machine Learning for Unobtrusive Stress Monitoring,0,0,0,0,0,0,0,0,0,0,0,0,0,0,0,0,0,0,0,0,0,0,0,0,2026-10-05
https://openalex.org/W4313418093,https://doi.org/10.1109/upcon56432.2022.9986421,2022,9,conference-paper,1,1,0,148,0,,Performance Evaluation of a Variational Quantum Classifier,0,1,0,0,0,0,0,0,0,0,0,0,0,0,0,0,0,0,0,0,0,0,0,0,2026-10-05
https://openalex.org/W4377293939,https://doi.org/10.1109/access.2023.3278600,2023,9,article,1,1,0,149,0,,Trainable PQC-Based QRAM for Quantum Storage,1,0,1,0,0,0,1,0,1,0,1,0,0,0,1,0,0,0,1,0,0,0,1,0,2026-10-05
https://openalex.org/W4380301483,https://doi.org/10.1088/2058-9565/acdd92,2023,9,article,1,1,0,150,0,,Active learning on a programmable photonic quantum processor,0,0,0,0,0,0,0,0,0,0,0,0,0,0,0,0,0,0,0,0,0,0,0,0,2026-10-05
https://openalex.org/W4381513930,https://doi.org/10.1007/s00006-023-01280-0,2023,9,article,1,0,0,,0,,Quaternion Quantum Neural Network for Classification,0,0,0,0,0,0,0,0,0,0,0,0,0,0,0,0,0,0,0,0,0,0,0,0,2026-10-05
https://openalex.org/W4388026243,https://doi.org/10.1007/978-3-031-47359-3_15,2023,9,conference-paper,0,0,0,,0,,Neural Networks with Variational Quantum Circuits,0,0,0,0,0,0,0,0,0,0,0,0,0,0,0,0,0,0,0,0,0,0,0,0,2026-10-05
https://openalex.org/W4389168144,https://doi.org/10.1109/qce57702.2023.10182,2023,9,conference-paper,1,1,0,151,0,,Towards Transfer Learning for Large-Scale Image Classification Using Annealing-Based Quantum Boltzmann Machines,0,0,0,0,0,0,0,0,0,0,0,0,0,0,0,0,0,0,0,0,0,0,0,0,2026-10-05
https://openalex.org/W4389168220,https://doi.org/10.1109/qce57702.2023.10240,2023,9,conference-paper,1,1,0,152,0,,Random Quantum Neural Networks for Noisy Image Recognition,1,0,0,0,1,0,0,0,1,0,0,0,0,0,0,0,0,0,0,0,0,0,0,0,2026-10-05
https://openalex.org/W4389168227,https://doi.org/10.1109/qce57702.2023.00031,2023,9,conference-paper,1,1,0,153,0,,MORE: Measurement and Correlation Based Variational Quantum Circuit for Multi-Classification,0,1,0,1,0,1,0,1,0,1,0,1,0,0,0,1,0,0,0,0,0,0,0,1,2026-10-05
https://openalex.org/W4390775684,https://doi.org/10.1109/tce.2024.3351649,2024,9,article,1,1,0,154,0,,A Fusion of Supervised Contrastive Learning and Variational Quantum Classifiers,0,0,0,0,0,0,0,0,0,0,0,0,0,0,0,0,0,0,0,0,0,0,0,0,2026-10-05
https://openalex.org/W4391342121,https://doi.org/10.1109/access.2024.3360139,2024,9,article,1,1,0,155,0,,HQMC-CPC: A Hybrid Quantum Multiclass Cardiac Pathologies Classification Integrating a Modified Hardware Efficient Ansatz,0,1,1,0,0,1,1,0,0,1,1,0,0,1,0,0,0,1,0,0,0,1,0,0,2026-10-05
https://openalex.org/W4391991921,https://doi.org/10.1109/cyberc58899.2023.00070,2023,9,conference-paper,1,1,0,156,0,,On Hybrid Artificial Neural Networks and Variational Quantum Classifier for Network Intrusion Detection,0,0,0,0,0,0,0,0,0,0,0,0,0,0,0,0,0,0,0,0,0,0,0,0,2026-10-05
https://openalex.org/W4392376579,https://doi.org/10.1007/s42484-024-00153-4,2024,9,article,1,1,0,157,0,,Distributed quantum neural networks via partitioned features encoding,1,1,1,0,0,1,0,0,1,1,1,0,1,0,0,0,0,0,0,0,1,0,0,0,2026-10-05
https://openalex.org/W4392942785,https://doi.org/10.1109/icmla58977.2023.00149,2023,9,conference-paper,1,1,0,158,0,,Hybrid Quantum-Classical Machine Learning for Sentiment Analysis,0,0,0,0,0,0,0,0,0,0,0,0,0,0,0,0,0,0,0,0,0,0,0,0,2026-10-05
https://openalex.org/W4401835013,https://doi.org/10.2174/0115734056317489240808094924,2024,9,article,1,1,0,159,0,,Classification of Pneumonia via a Hybrid ZFNet-Quantum Neural Network Using a Chest X-ray Dataset,0,1,1,0,0,0,1,0,0,0,1,0,0,0,0,0,0,0,0,0,0,0,0,0,2026-10-05
https://openalex.org/W4402323114,https://doi.org/10.1140/epjqt/s40507-024-00265-7,2024,9,article,0,1,0,,0,,Continuous evolution for efficient quantum architecture search,0,1,0,0,0,1,0,0,0,1,0,0,0,1,0,0,0,1,0,0,0,1,0,0,2026-10-05
https://openalex.org/W4406137501,https://doi.org/10.1109/taes.2025.3526112,2025,9,article,1,1,0,160,0,,Radar HRRP Target Recognition Based on Hybrid Quantum Neural Networks,0,1,0,0,0,0,0,0,0,0,0,0,0,0,0,0,0,0,0,0,0,0,0,0,2026-10-05
https://openalex.org/W4407752532,https://doi.org/10.1016/j.enganabound.2025.106158,2025,9,article,1,1,0,161,0,,Multi-scale feature fusion quantum depthwise Convolutional Neural Networks for text classification,1,0,0,0,0,0,0,0,1,0,0,0,0,0,0,0,0,0,0,0,0,0,0,0,2026-10-05
https://openalex.org/W4408132751,https://doi.org/10.1007/s42484-025-00247-7,2025,9,article,1,1,0,162,0,,Quantum Hamiltonian embedding of images for data reuploading classifiers,1,0,0,0,1,0,0,0,1,0,0,0,1,0,0,0,1,0,0,0,1,0,0,0,2026-10-05
https://openalex.org/W4409309348,https://doi.org/10.1007/s42484-025-00279-z,2025,9,article,1,1,0,163,0,,LHQNN: sequential and non-sequential layered hybrid quantum neural networks for image classification,1,1,0,0,1,0,0,0,1,0,0,0,0,0,0,0,0,0,0,0,0,0,0,0,2026-10-05
https://openalex.org/W4411142634,https://doi.org/10.22178/pos.117-25,2025,9,article,1,1,0,164,0,,Quantum Computing in Artificial Intelligence: a Review of Quantum Machine Learning Algorithms,0,0,1,0,0,0,1,0,0,0,1,0,0,0,0,0,0,0,0,0,0,0,0,0,2026-10-05
https://openalex.org/W4411662692,https://doi.org/10.18090/samriddhi.v17i02.05,2025,9,article,1,1,0,165,0,,Quantum Machine Learning for Threat Detection in High-Security Networks,0,1,1,0,0,0,1,0,0,0,1,0,0,0,0,0,0,0,0,0,0,0,0,0,2026-10-05
https://openalex.org/W4412191606,https://doi.org/10.1186/s12880-025-01813-y,2025,9,article,1,1,0,166,0,,An integrated strategy based on radiomics and quantum machine learning: diagnosis and clinical interpretation of pulmonary ground-glass nodules,0,0,0,0,0,0,0,0,0,0,0,0,0,0,0,0,0,0,0,0,0,0,0,0,2026-10-05
https://openalex.org/W4412764874,https://doi.org/10.1007/s11128-025-04864-w,2025,9,article,1,1,0,167,0,,Enhancing the performance of variational quantum classifiers with hybrid autoencoders,1,0,0,0,1,0,0,0,1,0,0,0,0,0,0,0,0,0,0,0,0,0,0,0,2026-10-05
https://openalex.org/W4413089427,https://doi.org/10.62411/jimat.v2i1.12947,2025,9,article,1,1,0,168,0,,Synergizing Quantum Computing and Machine Learning: A Pathway Toward Quantum-Enhanced Intelligence,1,1,0,0,1,0,0,0,1,0,0,0,0,0,0,0,0,0,0,0,0,0,0,0,2026-10-05
https://openalex.org/W4413314637,https://doi.org/10.1109/tce.2025.3548303,2025,9,article,1,1,0,169,0,,EEG-Based Dementia Classification Using CS-EMD Synchrony Features and Quantum Machine Learning,0,0,0,1,0,0,0,0,0,0,0,1,0,0,0,0,0,0,0,0,0,0,0,0,2026-10-05
https://openalex.org/W4415054461,https://doi.org/10.1016/j.knosys.2025.114611,2025,9,article,0,0,0,,0,,Enhanced deep learning and quantum variational classifier for large-scale data analysis,0,0,0,0,0,0,0,0,0,0,0,0,0,0,0,0,0,0,0,0,0,0,0,0,2026-10-05
https://openalex.org/W4416387002,https://doi.org/10.1016/j.bspc.2025.109185,2025,9,article,1,1,0,170,0,,A hybrid quantum-neural network for heart disease classification,0,0,0,0,0,0,0,0,0,0,0,0,0,0,0,0,0,0,0,0,0,0,0,0,2026-10-05
https://openalex.org/W3159566295,https://doi.org/10.1007/s42484-021-00058-6,2022,8,article,0,0,0,,0,,Exploring quantum perceptron and quantum neural network structures with a teacher-student scheme,0,0,0,0,0,0,0,0,0,0,0,0,0,0,0,0,0,0,0,0,0,0,0,0,2026-10-05
https://openalex.org/W4285177074,https://doi.org/10.4236/jqis.2022.122005,2022,8,article,1,1,0,171,0,,Continuous Variable Quantum MNIST Classifiers —Classical-Quantum Hybrid Quantum Neural Networks,1,0,0,1,1,0,0,0,1,0,0,1,0,0,0,0,0,0,0,0,0,0,0,0,2026-10-05
https://openalex.org/W4288915018,https://doi.org/10.1561/9781638280590,2022,8,book,1,1,0,172,0,,An Introduction to Quantum Machine Learning for Engineers,0,0,0,1,0,0,0,0,0,0,0,1,0,0,0,0,0,0,0,0,0,0,0,0,2026-10-05
https://openalex.org/W4309028366,https://doi.org/10.1038/s41598-022-20688-5,2022,8,article,1,1,0,173,0,,Ansatz-Independent Variational Quantum Classifiers and the Price of Ansatz,1,1,1,1,1,1,1,0,1,1,1,1,0,1,0,0,0,1,0,0,0,1,0,0,2026-10-05
https://openalex.org/W4319869601,https://doi.org/10.1007/978-3-031-22025-8_4,2023,8,conference-paper,1,0,0,,0,,Traffic Sign Classification Using Deep and Quantum Neural Networks,0,0,0,0,0,0,0,0,0,0,0,0,0,0,0,0,0,0,0,0,0,0,0,0,2026-10-05
https://openalex.org/W4320165669,https://doi.org/10.48550/arxiv.2302.04633,2023,8,preprint,1,1,0,174,0,,Histopathological Cancer Detection Using Hybrid Quantum Computing,0,1,0,0,0,1,0,0,0,1,0,0,0,0,0,0,0,0,0,0,0,0,0,0,2026-10-05
https://openalex.org/W4361186158,https://doi.org/10.1109/it57431.2023.10078617,2023,8,conference-paper,1,1,0,175,0,,A Quantum-Classical Hybrid Classifier Using Multi-Encoding Method for Images,1,1,0,0,1,0,0,0,1,0,0,0,1,0,0,0,1,0,0,0,1,0,0,0,2026-10-05
https://openalex.org/W4366439858,https://doi.org/10.1016/j.physa.2023.128779,2023,8,article,0,0,0,,0,,Quantum continual learning of quantum data realizing knowledge backward transfer,0,0,0,0,0,0,0,0,0,0,0,0,0,0,0,0,0,0,0,0,0,0,0,0,2026-10-05
https://openalex.org/W4386642150,https://doi.org/10.1007/978-3-031-43703-8_6,2023,8,conference-paper,0,0,0,,0,,Quantum as a Service Architecture for Security in a Smart City,0,0,0,0,0,0,0,0,0,0,0,0,0,0,0,0,0,0,0,0,0,0,0,0,2026-10-05
https://openalex.org/W4387695976,https://doi.org/10.32629/jai.v7i1.734,2023,8,article,1,1,0,176,0,,Deep learning-based cancer disease classification using Gene Expression Data,0,0,0,0,0,0,0,0,0,0,0,0,0,0,0,0,0,0,0,0,0,0,0,0,2026-10-05
https://openalex.org/W4389610782,https://doi.org/10.1109/icspis60075.2023.10343811,2023,8,conference-paper,1,1,0,177,0,,Experimental Benchmarking of Quantum Machine Learning Classifiers,0,0,0,0,0,0,0,0,0,0,0,0,0,0,0,0,0,0,0,0,0,0,0,0,2026-10-05
https://openalex.org/W4390344249,https://doi.org/10.1088/1674-1056/ad1926,2023,8,article,0,1,0,,0,,Analysis of learnability of a novel hybrid quantum–classical convolutional neural network in image classification,0,0,0,0,0,0,0,0,0,0,0,0,0,0,0,0,0,0,0,0,0,0,0,0,2026-10-05
https://openalex.org/W4393159670,https://doi.org/10.1609/aaai.v38i10.28963,2024,8,conference-paper,1,1,0,178,0,,Generating Universal Adversarial Perturbations for Quantum Classifiers,0,0,0,0,0,0,0,0,0,0,0,0,0,0,0,0,0,0,0,0,0,0,0,0,2026-10-05
https://openalex.org/W4396822493,https://doi.org/10.1007/s11128-024-04393-y,2024,8,article,0,0,0,,0,,An RNN–policy gradient approach for quantum architecture search,0,1,1,0,0,1,0,0,0,1,1,0,0,1,1,0,0,1,0,0,0,1,1,0,2026-10-05
https://openalex.org/W4396949477,https://doi.org/10.1109/isqed60706.2024.10528776,2024,8,conference-paper,1,1,0,179,0,,Trojan Attacks on Variational Quantum Circuits and Countermeasures,0,0,0,0,0,0,0,0,0,0,0,0,0,0,0,0,0,0,0,0,0,0,0,0,2026-10-05
https://openalex.org/W4400883630,https://doi.org/10.22331/q-2024-07-22-1421,2024,8,article,1,1,0,180,0,,Learning quantum phases via single-qubit disentanglement,0,1,0,0,0,0,0,0,0,0,0,0,0,0,0,0,0,0,0,0,0,0,0,0,2026-10-05
https://openalex.org/W4403401610,https://doi.org/10.1007/s42484-024-00196-7,2024,8,article,1,1,0,181,0,,Quarta: quantum supervised and unsupervised learning for binary classification in domain-incremental learning,0,0,0,0,0,0,0,0,0,0,0,0,0,0,0,0,0,0,0,0,0,0,0,0,2026-10-05
https://openalex.org/W4403758921,https://doi.org/10.1109/tcyb.2024.3476339,2024,8,article,0,1,0,,0,,Quantum Few-Shot Image Classification,0,0,1,0,0,0,1,0,0,0,1,0,0,0,0,0,0,0,0,0,0,0,0,0,2026-10-05
https://openalex.org/W4404774139,https://doi.org/10.1002/qute.202400081,2024,8,article,1,1,0,182,0,,Classification Analysis of Transition Metal Compounds Using Quantum Machine Learning,0,0,0,0,0,0,0,0,0,0,0,0,0,0,0,0,0,0,0,0,0,0,0,0,2026-10-05
https://openalex.org/W4406935980,https://doi.org/10.1155/int/1351522,2025,8,article,1,1,0,183,0,,Diabetes Prediction Using an Optimized Variational Quantum Classifier,1,1,1,0,1,1,1,0,1,1,1,0,0,0,0,0,0,0,0,0,0,0,0,0,2026-10-05
https://openalex.org/W4409110064,https://doi.org/10.1016/j.aej.2025.03.023,2025,8,article,1,1,0,184,0,,"Quantum neural networks for multimodal sentiment, emotion, and sarcasm analysis",0,0,0,0,0,0,0,0,0,0,0,0,0,0,0,0,0,0,0,0,0,0,0,0,2026-10-05
https://openalex.org/W4409199626,https://doi.org/10.1016/j.neunet.2025.107442,2025,8,article,1,0,0,,0,,Exploring quantum neural networks for binary classification on MNIST dataset: A swap test approach,0,0,0,0,0,0,0,0,0,0,0,0,0,0,0,0,0,0,0,0,0,0,0,0,2026-10-05
https://openalex.org/W4412405744,https://doi.org/10.1109/iccsai64074.2025.11064720,2025,8,conference-paper,1,1,0,185,0,,A Hybrid Classical-Quantum Model for Enhanced MRI-Based Brain Tumor Classification Using Transfer Learning and Quantum Neural Networks,0,0,0,0,0,0,0,0,0,0,0,0,0,0,0,0,0,0,0,0,0,0,0,0,2026-10-05
https://openalex.org/W4412825717,https://doi.org/10.1007/s42484-025-00295-z,2025,8,article,1,1,0,186,0,,A hybrid quantum neural network for split learning,1,1,0,0,0,0,0,0,1,1,0,0,0,0,0,0,0,0,0,0,0,0,0,0,2026-10-05
https://openalex.org/W3163679698,https://doi.org/10.1016/j.patcog.2022.108750,2022,7,article,1,1,0,187,0,,Negational symmetry of quantum neural networks for binary pattern classification,0,1,0,0,0,0,0,0,0,0,0,0,0,0,0,0,0,0,0,0,0,0,0,0,2026-10-05
https://openalex.org/W4221160051,https://doi.org/10.48550/arxiv.2203.01764,2022,7,preprint,1,1,0,188,0,,Random Quantum Neural Networks (RQNN) for Noisy Image Recognition,1,0,0,0,1,0,0,0,1,0,0,0,0,0,0,0,0,0,0,0,0,0,0,0,2026-10-05
https://openalex.org/W4280586084,https://doi.org/10.1088/2058-9565/ac70f5,2022,7,article,1,1,0,189,0,,Fast decay of classification error in variational quantum circuits,0,1,0,1,0,1,0,1,0,1,0,1,0,0,0,0,0,0,0,0,0,0,0,0,2026-10-05
https://openalex.org/W4293232854,https://doi.org/10.1109/icscds53736.2022.9760943,2022,7,conference-paper,1,1,0,190,0,,Quantum Generative Adversarial Network and Quantum Neural Network for Image Classification,0,0,0,0,0,0,0,0,0,0,0,0,0,0,0,0,0,0,0,0,0,0,0,0,2026-10-05
https://openalex.org/W4308273135,https://doi.org/10.1109/nas55553.2022.9925456,2022,7,conference-paper,1,1,0,191,0,,NISQ-Friendly Non-Linear Activation Functions for Quantum Neural Networks,0,1,0,1,0,0,0,0,0,0,0,1,0,0,0,0,0,0,0,0,0,0,0,0,2026-10-05
https://openalex.org/W4317722132,https://doi.org/10.1007/s11128-023-03837-1,2023,7,article,0,0,0,,0,,Data rotation and its influence on quantum encoding,1,0,0,0,0,0,0,0,1,0,0,0,1,0,0,0,0,0,0,0,1,0,0,0,2026-10-05
https://openalex.org/W4318827166,https://doi.org/10.7498/aps.72.20221924,2023,7,article,0,1,0,,0,,Construction method of hybrid quantum long-short term memory neural network for image classification,0,0,1,1,0,0,0,0,0,0,1,1,0,0,0,0,0,0,0,0,0,0,0,0,2026-10-05
https://openalex.org/W4362698696,https://doi.org/10.1088/1674-1056/accb45,2023,7,article,1,1,0,192,0,,Deep learning framework for time series classification based on multiple imaging and hybrid quantum neural networks,0,0,0,0,0,0,0,0,0,0,0,0,0,0,0,0,0,0,0,0,0,0,0,0,2026-10-05
https://openalex.org/W4379470952,https://doi.org/10.3390/s23115316,2023,7,article,1,1,0,193,0,,Remora Namib Beetle Optimization Enabled Deep Learning for Severity of COVID-19 Lung Infection Identification and Classification Using CT Images,0,0,0,0,0,0,0,0,0,0,0,0,0,0,0,0,0,0,0,0,0,0,0,0,2026-10-05
https://openalex.org/W4382242705,https://doi.org/10.1140/epjqt/s40507-023-00182-1,2023,7,article,0,1,0,,0,,Quantum adversarial metric learning model based on triplet loss function,0,1,1,0,0,0,0,0,0,0,1,0,0,0,0,0,0,0,0,0,0,0,0,0,2026-10-05
https://openalex.org/W4385155218,https://doi.org/10.1007/s11082-023-05155-3,2023,7,article,0,0,0,,0,,RETRACTED ARTICLE: Smart explainable artificial intelligence for sustainable secure healthcare application based on quantum optical neural network,0,0,0,0,0,0,0,0,0,0,0,0,0,0,0,0,0,0,0,0,0,0,0,0,2026-10-05
https://openalex.org/W4388623559,https://doi.org/10.1109/aict59525.2023.10313161,2023,7,conference-paper,1,1,0,194,0,,Comparative Study of Quantum to Classical Machine Learning Algorithms for Breast Cancer Classification,0,0,0,0,0,0,0,0,0,0,0,0,0,0,0,0,0,0,0,0,0,0,0,0,2026-10-05
https://openalex.org/W4388878460,https://doi.org/10.1109/access.2023.3335625,2023,7,article,1,1,0,195,0,,Variational Methods in Optical Quantum Machine Learning,0,0,1,0,0,0,1,0,0,0,1,0,0,0,0,0,0,0,0,0,0,0,0,0,2026-10-05
https://openalex.org/W4389168082,https://doi.org/10.1109/qce57702.2023.00059,2023,7,conference-paper,1,1,0,196,0,,Distributed Coordinate Descent Algorithm for Variational Quantum Classification,1,0,1,0,0,0,0,0,1,0,1,0,0,0,0,0,0,0,0,0,0,0,0,0,2026-10-05
https://openalex.org/W4392380786,https://doi.org/10.1016/j.isci.2024.109394,2024,7,article,0,1,0,,0,,A degressive quantum convolutional neural network for quantum state classification and code recognition,0,0,0,1,0,0,0,0,0,0,0,1,0,0,0,0,0,0,0,0,0,0,0,0,2026-10-05
https://openalex.org/W4394999783,https://doi.org/10.3390/brainsci14040401,2024,7,article,1,1,0,197,0,,Predicting Brain Age and Gender from Brain Volume Data Using Variational Quantum Circuits,0,0,0,0,0,0,0,0,0,0,0,0,0,0,0,0,0,0,0,0,0,0,0,0,2026-10-05
https://openalex.org/W4398789302,https://doi.org/10.1109/urtc60662.2023.10535032,2023,7,conference-paper,1,1,0,198,0,,A Comparative Analysis of Hybrid Quantum Neural Networks in Binary Credit Defaulting Tasks,1,1,0,1,1,0,0,0,1,0,0,1,0,0,0,0,0,0,0,0,0,0,0,0,2026-10-05
https://openalex.org/W4400276683,https://doi.org/10.1109/icsmartgrid61824.2024.10578114,2024,7,conference-paper,1,1,0,199,0,,Quantum Computing Approach to Smart Grid Stability Forecasting,0,0,0,0,0,0,0,0,0,0,0,0,0,0,0,0,0,0,0,0,0,0,0,0,2026-10-05
https://openalex.org/W4400786575,https://doi.org/10.1016/j.neucom.2024.128223,2024,7,article,0,0,0,,0,,A quantum model of biological neurons,0,0,0,0,0,0,0,0,0,0,0,0,0,0,0,0,0,0,0,0,0,0,0,0,2026-10-05
https://openalex.org/W4401508802,https://doi.org/10.1109/iccworkshops59551.2024.10615371,2024,7,conference-paper,1,1,0,200,0,,Quant-Jack: Quantum Machine Learning to Detect Cryptojacking Attacks in IIoT Networks,0,0,0,0,0,0,0,0,0,0,0,0,0,0,0,0,0,0,0,0,0,0,0,0,2026-10-05
https://openalex.org/W4402208013,https://doi.org/10.1145/3660318.3660326,2024,7,conference-paper,0,1,0,,0,,Multi-Class Quantum Convolutional Neural Networks,0,0,0,0,0,0,0,0,0,0,0,0,0,0,0,0,0,0,0,0,0,0,0,0,2026-10-05
https://openalex.org/W4404451132,https://doi.org/10.1111/ppa.14036,2024,7,article,1,1,0,201,0,,Comparison of the performance of classical and quantum machine‐learning methods on the detection of sugar beet Cercospora leaf disease,0,0,1,0,0,0,0,0,0,0,1,0,0,0,0,0,0,0,0,0,0,0,0,0,2026-10-05
https://openalex.org/W4405599649,https://doi.org/10.1109/access.2024.3520491,2024,7,article,1,1,0,202,0,,IQGO: Iterative Quantum Gate Optimiser for Quantum Data Embedding,1,0,1,0,1,0,1,0,1,0,1,0,1,0,1,0,0,0,1,0,1,0,1,0,2026-10-05
https://openalex.org/W4406860727,https://doi.org/10.1080/08839514.2025.2457207,2025,7,article,1,1,0,203,0,,PegasosQSVM: A Quantum Machine Learning Approach for Accurate Fake News Detection,1,0,0,0,1,0,0,0,1,0,0,0,0,0,0,0,0,0,0,0,0,0,0,0,2026-10-05
https://openalex.org/W4407754928,https://doi.org/10.1007/s42484-025-00253-9,2025,7,article,1,1,0,204,0,,QRLaXAI: quantum representation learning and explainable AI,0,0,0,0,0,0,0,0,0,0,0,0,0,0,0,0,0,0,0,0,0,0,0,0,2026-10-05
https://openalex.org/W4409059926,https://doi.org/10.1109/icpct64145.2025.10940638,2025,7,conference-paper,1,1,0,205,0,,Improving Data Encoding for Enhanced AI Performance in Complex Datasets via Quantum Feature Space Mapping: Harnessing Quantum Algorithms,1,1,0,0,1,0,0,0,1,0,0,0,1,0,0,0,1,0,0,0,1,0,0,0,2026-10-05
https://openalex.org/W4409132087,https://doi.org/10.1109/hpec62836.2024.10938482,2024,7,conference-paper,1,1,0,206,0,,Quantum Machine Learning in the Cognitive Domain: Alzheimer's Disease Study,0,1,0,0,0,0,0,0,0,0,0,0,0,0,0,0,0,0,0,0,0,0,0,0,2026-10-05
https://openalex.org/W4409506875,https://doi.org/10.1007/s42484-025-00276-2,2025,7,article,0,0,0,,0,,Diffusion-inspired quantum noise mitigation in parameterized quantum circuits,0,0,0,0,0,0,0,0,0,0,0,0,0,0,0,0,0,0,0,0,0,0,0,0,2026-10-05
https://openalex.org/W4410051156,https://doi.org/10.1007/s11227-025-07331-6,2025,7,article,0,0,0,,0,,QENN: breast cancer prediction using quantum-enhanced neural network,0,0,0,0,0,0,0,0,0,0,0,0,0,0,0,0,0,0,0,0,0,0,0,0,2026-10-05
https://openalex.org/W4410638819,https://doi.org/10.1109/tai.2025.3572852,2025,7,article,1,1,0,207,0,,QSVM-QNN: Quantum Support Vector Machine Based Quantum Neural Network Learning Algorithm for Brain–Computer Interfacing Systems,0,1,0,0,0,0,0,0,0,1,0,0,0,0,0,0,0,0,0,0,0,0,0,0,2026-10-05
https://openalex.org/W4412707224,https://doi.org/10.1016/j.asoc.2025.113631,2025,7,article,0,0,0,,0,,ResQ: A hybrid classical-quantum model for efficient breast cancer image classification,0,0,0,0,0,0,0,0,0,0,0,0,0,0,0,0,0,0,0,0,0,0,0,0,2026-10-05
https://openalex.org/W4413753195,https://doi.org/10.1038/s41598-025-17075-1,2025,7,article,1,1,0,208,0,,Quantum integration in swin transformer mitigates overfitting in breast cancer screening,0,0,0,0,0,0,0,0,0,0,0,0,0,0,0,0,0,0,0,0,0,0,0,0,2026-10-05
https://openalex.org/W4415367141,https://doi.org/10.1109/icimia67127.2025.11200908,2025,7,conference-paper,1,1,0,209,0,,Integrating Quantum Computing with Genomic Data Analysis: A Next-Generation Approach for Predicting Disease Susceptibility,1,0,0,0,1,0,0,0,1,0,0,0,0,0,0,0,0,0,0,0,0,0,0,0,2026-10-05
https://openalex.org/W4415844679,https://doi.org/10.1007/s13721-025-00623-0,2025,7,article,0,0,0,,0,,Heart diseases prediction system using quantum technology,0,0,0,0,0,0,0,0,0,0,0,0,0,0,0,0,0,0,0,0,0,0,0,0,2026-10-05
https://openalex.org/W4416250458,https://doi.org/10.1109/ijcnn64981.2025.11227750,2025,7,conference-paper,1,1,0,210,0,,Quantum Machine Learning in Healthcare: Evaluating QNN and QSVM Models,0,1,0,0,0,0,0,0,0,0,0,0,0,0,0,0,0,0,0,0,0,0,0,0,2026-10-05
https://openalex.org/W4308659748,https://doi.org/10.1109/icecaa55415.2022.9936500,2022,6,conference-paper,1,1,0,211,0,,Adaptive Spotted Hyena Optimizer-enabled Deep QNN for Laryngeal Cancer Classification,0,0,1,0,0,0,1,0,0,0,1,0,0,0,1,0,0,0,1,0,0,0,1,0,2026-10-05
https://openalex.org/W4323240364,https://doi.org/10.5220/0011696300003393,2023,6,conference-paper,1,1,0,212,0,,Improving Convergence for Quantum Variational Classifiers Using Weight Re-Mapping,0,0,1,0,0,0,1,0,0,0,1,0,0,0,0,0,0,0,0,0,0,0,0,0,2026-10-05
https://openalex.org/W4360994144,https://doi.org/10.1109/icais56108.2023.10073673,2023,6,conference-paper,1,1,0,213,0,,Modelling of Optimal Quantum Neural Network for DDoS Attack Classification in Wireless Sensor Networks,0,0,1,0,0,0,1,0,0,0,1,0,0,0,0,0,0,0,0,0,0,0,0,0,2026-10-05
https://openalex.org/W4362514355,https://doi.org/10.32604/csse.2023.036796,2023,6,article,1,1,0,214,0,,Heap Based Optimization with Deep Quantum Neural Network Based Decision Making on Smart Healthcare Applications,0,0,0,0,0,0,0,0,0,0,0,0,0,0,0,0,0,0,0,0,0,0,0,0,2026-10-05
https://openalex.org/W4376129977,https://doi.org/10.20944/preprints202305.0833.v1,2023,6,preprint,1,1,0,215,0,,On the Applicability of Quantum Machine Learning,0,0,0,0,0,0,0,0,0,0,0,0,0,0,0,0,0,0,0,0,0,0,0,0,2026-10-05
https://openalex.org/W4381800454,https://doi.org/10.1007/s00521-023-08706-7,2023,6,article,1,1,0,216,0,,A topic-aware classifier based on a hybrid quantum-classical model,0,1,0,0,0,1,0,0,0,1,0,0,0,0,0,0,0,0,0,0,0,0,0,0,2026-10-05
https://openalex.org/W4386298304,https://doi.org/10.1007/978-3-031-42941-5_36,2023,6,conference-paper,0,0,0,,0,,Exploring the Capabilities and Limitations of VQC and QSVC for Sentiment Analysis on Real-World and Synthetic Datasets,0,0,0,0,0,0,0,0,0,0,0,0,0,0,0,0,0,0,0,0,0,0,0,0,2026-10-05
https://openalex.org/W4387006268,https://doi.org/10.1109/cec53210.2023.10254076,2023,6,conference-paper,1,1,0,217,0,,A Comparison of Evolutionary Algorithms for Training Variational Quantum Classifiers,0,0,1,0,0,0,1,0,0,0,1,0,0,0,0,0,0,0,0,0,0,0,0,0,2026-10-05
https://openalex.org/W4387427957,https://doi.org/10.32362/2500-316x-2023-11-5-19-33,2023,6,article,1,1,0,218,0,,Geometric properties of quantum entanglement and machine learning,0,1,0,0,0,0,0,0,0,0,0,0,0,1,0,0,0,0,0,0,0,0,0,0,2026-10-05
https://openalex.org/W4389777307,https://doi.org/10.1109/iisa59645.2023.10345929,2023,6,conference-paper,1,1,0,219,0,,A Quantum Machine Learning Methodology for Precise Appliance Identification in Smart Grids,0,1,0,0,0,0,0,0,0,0,0,0,0,0,0,0,0,0,0,0,0,0,0,0,2026-10-05
https://openalex.org/W4391481887,https://doi.org/10.1016/j.comnet.2024.110210,2024,6,article,0,0,0,,0,,PQCLP: Parameterized quantum circuit based link prediction in dynamic networks,0,0,0,0,0,0,0,0,0,0,0,0,0,0,0,0,0,0,0,0,0,0,0,0,2026-10-05
https://openalex.org/W4391646682,https://doi.org/10.3390/app14041392,2024,6,article,1,1,0,220,0,,Hybrid Quantum Neural Network Image Anti-Noise Classification Model Combined with Error Mitigation,0,0,0,0,0,0,0,0,0,0,0,0,0,0,0,0,0,0,0,0,0,0,0,0,2026-10-05
https://openalex.org/W4392060553,https://doi.org/10.1051/e3sconf/202449404026,2024,6,conference-paper,1,1,0,221,0,,Innovative quantum technologies in agriculture for assessing land fertility,0,1,0,0,0,1,0,0,0,1,0,0,0,0,0,0,0,0,0,0,0,0,0,0,2026-10-05
https://openalex.org/W4392152752,https://doi.org/10.1109/upcon59197.2023.10434320,2023,6,conference-paper,1,1,0,222,0,,QNN Learning Algorithm to Diversify the Framework in Deep Learning,0,0,1,0,0,0,1,0,0,0,1,0,0,0,0,0,0,0,0,0,0,0,0,0,2026-10-05
https://openalex.org/W4394579330,https://doi.org/10.1103/physreve.109.044117,2024,6,article,1,1,0,223,0,,Estimating entanglement entropy via variational quantum circuits with classical neural networks,0,1,0,0,0,0,0,0,0,0,0,0,0,1,0,0,0,0,0,0,0,0,0,0,2026-10-05
https://openalex.org/W4394800807,https://doi.org/10.1088/2058-9565/ad3eab,2024,6,article,0,1,0,,0,,Information flow in parameterized quantum circuits,0,0,1,0,0,0,0,0,0,0,1,0,0,0,0,0,0,0,0,0,0,0,0,0,2026-10-05
https://openalex.org/W4399487335,https://doi.org/10.1145/3649476.3658701,2024,6,conference-paper,0,1,0,,0,,Application of Quantum Tensor Networks for Protein Classification,1,0,0,0,0,0,0,0,1,0,0,0,0,0,0,0,0,0,0,0,0,0,0,0,2026-10-05
https://openalex.org/W4401753541,https://doi.org/10.36676/jqst.v1.i2.9,2024,6,article,1,1,0,224,0,,Quantum Artificial Intelligence: Enhancing Machine Learning with Quantum Computing,0,1,0,0,0,0,0,0,0,0,0,0,0,0,0,0,0,0,0,0,0,0,0,0,2026-10-05
https://openalex.org/W4402910648,https://doi.org/10.1088/2058-9565/ad80be,2024,6,article,0,1,0,,0,,Characterizing randomness in parameterized quantum circuits through expressibility and average entanglement,0,1,0,0,0,1,0,0,0,1,0,0,0,1,0,0,0,1,0,0,0,1,0,0,2026-10-05
https://openalex.org/W4404031928,https://doi.org/10.1109/icccnt61001.2024.10724803,2024,6,conference-paper,1,1,0,225,0,,Quantum Machine Learning: A Comprehensive Overview and Analysis,0,1,0,0,0,0,0,0,0,0,0,0,0,0,0,0,0,0,0,0,0,0,0,0,2026-10-05
https://openalex.org/W4404515049,https://doi.org/10.1145/3689939.3695783,2024,6,conference-paper,1,1,0,226,0,,The Quantum Imitation Game: Reverse Engineering of Quantum Machine Learning Models,0,0,0,0,0,0,0,0,0,0,0,0,0,0,0,0,0,0,0,0,0,0,0,0,2026-10-05
https://openalex.org/W4404634922,https://doi.org/10.1016/j.ndteint.2024.103262,2024,6,article,0,0,0,,0,,Quantum machine learning for recognition of defects in ultrasonic imaging,0,0,0,0,0,0,0,0,0,0,0,0,0,0,0,0,0,0,0,0,0,0,0,0,2026-10-05
https://openalex.org/W4406254715,https://doi.org/10.30574/wjaets.2024.12.1.0057,2024,6,article,1,1,0,227,0,,Advanced frameworks for fraud detection leveraging quantum machine learning and data science in fintech ecosystems,1,1,0,0,1,0,0,0,1,0,0,0,0,0,0,0,0,0,0,0,0,0,0,0,2026-10-05
https://openalex.org/W4406260852,https://doi.org/10.1109/icecce63537.2024.10823437,2024,6,conference-paper,1,1,0,228,0,,Hybrid Quantum Neural Network for Rice Leaf Disease Classification,0,0,0,0,0,0,0,0,0,0,0,0,0,0,0,0,0,0,0,0,0,0,0,0,2026-10-05
https://openalex.org/W4407784528,https://doi.org/10.1109/comsnets63942.2025.10885689,2025,6,conference-paper,1,1,0,229,0,,Quantum-Enhanced Machine Learning for Precision Breast Cancer Diagnosis,1,0,0,0,1,0,0,0,1,0,0,0,0,0,0,0,0,0,0,0,0,0,0,0,2026-10-05
https://openalex.org/W4407824786,https://doi.org/10.1002/9781394265183,2025,6,book,1,1,0,230,0,,Quantum Image Processing in Practice,0,1,0,1,0,0,0,0,0,0,0,1,0,0,0,0,0,0,0,0,0,0,0,0,2026-10-05
https://openalex.org/W4408106426,https://doi.org/10.1201/9781003499459-9,2025,6,book-chapter,1,1,0,231,0,,Exploring the Intersection of Quantum Neural Networks and Classical Neural Networks for Early Cancer Identification,0,0,0,0,0,0,0,0,0,0,0,0,0,0,0,0,0,0,0,0,0,0,0,0,2026-10-05
https://openalex.org/W4409649148,https://doi.org/10.32768/abc.2025122130-142,2025,6,review,1,1,0,232,0,,Investigating the Application of Quantum Machine Learning in Breast Cancer: A Systematic Review,0,0,0,0,0,0,0,0,0,0,0,0,0,0,0,0,0,0,0,0,0,0,0,0,2026-10-05
https://openalex.org/W4409717044,https://doi.org/10.1016/j.compbiolchem.2025.108480,2025,6,article,1,1,0,233,0,,Amino acid sequence-based IDR classification using ensemble machine learning and quantum neural networks,0,1,0,0,0,0,0,0,0,0,0,0,0,0,0,0,0,0,0,0,0,0,0,0,2026-10-05
https://openalex.org/W4410588357,https://doi.org/10.1038/s41534-025-01037-6,2025,6,article,1,1,0,234,0,,Quantum ensemble learning with a programmable superconducting processor,0,0,0,1,0,0,0,0,0,0,0,1,0,0,0,0,0,0,0,0,0,0,0,0,2026-10-05
https://openalex.org/W4411172981,https://doi.org/10.1109/iccit64611.2024.11021989,2024,6,conference-paper,1,1,0,235,0,,Enhanced Hybrid Quantum Neural Network for Breast Cancer Detection,0,0,0,0,0,0,0,0,0,0,0,0,0,0,0,0,0,0,0,0,0,0,0,0,2026-10-05
https://openalex.org/W4411935430,https://doi.org/10.1038/s41598-025-08887-2,2025,6,article,1,1,0,236,0,,Post-variational classical quantum transfer learning for binary classification,0,1,0,1,0,1,0,1,0,1,0,1,0,0,0,0,0,0,0,0,0,0,0,0,2026-10-05
https://openalex.org/W4412891358,https://doi.org/10.3390/computation13080185,2025,6,article,1,1,0,237,0,,A Hybrid Quantum–Classical Architecture with Data Re-Uploading and Genetic Algorithm Optimization for Enhanced Image Classification,1,1,0,0,1,1,0,0,1,1,0,0,1,0,0,0,1,0,0,0,1,0,0,0,2026-10-05
https://openalex.org/W4413773456,https://doi.org/10.3390/e27090906,2025,6,article,1,1,0,238,0,,HQRNN-FD: A Hybrid Quantum Recurrent Neural Network for Fraud Detection,1,1,0,0,1,0,0,0,1,0,0,0,0,0,0,0,0,0,0,0,0,0,0,0,2026-10-05
https://openalex.org/W4416252155,https://doi.org/10.1109/ijcnn64981.2025.11229153,2025,6,conference-paper,1,1,0,239,0,,Noisy HQNNs: A Comprehensive Analysis of Noise Robustness in Hybrid Quantum Neural Networks,0,0,0,1,0,0,0,1,0,0,0,1,0,0,0,0,0,0,0,0,0,0,0,0,2026-10-05
https://openalex.org/W4416874879,https://doi.org/10.1109/qce65121.2025.00170,2025,6,conference-paper,1,1,0,240,0,,Differentiable Quantum Architecture Search in Quantum-Enhanced Neural Network Parameter Generation,0,1,0,0,0,1,0,0,0,1,0,0,0,1,0,0,0,1,0,0,0,1,0,0,2026-10-05
https://openalex.org/W4416875332,https://doi.org/10.1109/qce65121.2025.10441,2025,6,conference-paper,0,1,0,,0,,Quantum Graph Transformer for NLP Sentiment Classification,0,1,1,0,0,0,1,0,0,1,1,0,0,0,0,0,0,0,0,0,0,0,0,0,2026-10-05
https://openalex.org/W4213450003,https://doi.org/10.22323/1.398.0842,2022,5,conference-paper,1,1,0,241,0,,Application of Quantum Machine Learning to HEP Analysis at LHC Using Quantum Computer Simulators and Quantum Computer Hardware,0,0,0,0,0,0,0,0,0,0,0,0,0,0,0,0,0,0,0,0,0,0,0,0,2026-10-05
https://openalex.org/W4221157786,https://doi.org/10.1007/s42484-022-00074-0,2022,5,article,0,0,0,,0,,Optimisation-free density estimation and classification with quantum circuits,0,0,0,0,0,0,0,0,0,0,0,0,0,0,0,0,0,0,0,0,0,0,0,0,2026-10-05
https://openalex.org/W4221163478,https://doi.org/10.48550/arxiv.2202.11204,2022,5,preprint,1,1,0,242,0,,Study of Feature Importance for Quantum Machine Learning Models,0,0,0,1,0,0,0,0,0,0,0,1,0,0,0,0,0,0,0,0,0,0,0,0,2026-10-05
https://openalex.org/W4225016520,https://doi.org/10.1109/iccae55086.2022.9762420,2022,5,conference-paper,1,1,0,243,0,,Design of Superior Parameterized Quantum Circuits for Quantum Image Classification,1,0,1,1,0,0,0,0,1,0,1,1,0,0,0,0,0,0,0,0,0,0,0,0,2026-10-05
https://openalex.org/W4285812904,https://doi.org/10.1109/issc55427.2022.9826145,2022,5,conference-paper,0,1,0,,0,,Hybrid Quantum Convolutional Neural Networks in TensorFlow Quantum,1,0,0,0,1,0,0,0,1,0,0,0,0,0,0,0,0,0,0,0,0,0,0,0,2026-10-05
https://openalex.org/W4288085573,https://doi.org/10.1007/978-3-031-10592-0_43,2022,5,conference-paper,0,0,0,,0,,An Example of Use of Variational Methods in Quantum Machine Learning,0,0,0,0,0,0,0,0,0,0,0,0,0,0,0,0,0,0,0,0,0,0,0,0,2026-10-05
https://openalex.org/W4295791160,https://doi.org/10.1109/vlsid2022.2022.00060,2022,5,conference-paper,1,1,0,244,0,,DeepQMLP: A Scalable Quantum-Classical Hybrid Deep Neural Network Architecture for Classification,1,1,1,1,1,0,1,0,1,1,1,1,0,0,0,0,0,0,0,0,0,0,0,0,2026-10-05
https://openalex.org/W4297973715,https://doi.org/10.18280/ria.360416,2022,5,article,1,1,0,245,0,,Detection of Cardiac Arrhythmia Using Multi-Perspective Convolutional Neutral Network for ECG Heartbeat Classification,0,0,0,0,0,0,0,0,0,0,0,0,0,0,0,0,0,0,0,0,0,0,0,0,2026-10-05
https://openalex.org/W4302306603,https://doi.org/10.48550/arxiv.2210.01656,2022,5,preprint,1,1,0,246,0,,Improving Quantum Classifier Performance in NISQ Computers by Voting Strategy from Ensemble Learning,0,0,0,0,0,0,0,0,0,0,0,0,0,0,0,0,0,0,0,0,0,0,0,0,2026-10-05
https://openalex.org/W4312118237,https://doi.org/10.1111/exsy.13225,2022,5,article,1,1,0,247,0,,RETRACTED: Segmentation and classification of lymphoblastic leukaemia using quantum neural network,0,0,0,0,0,0,0,0,0,0,0,0,0,0,0,0,0,0,0,0,0,0,0,0,2026-10-05
https://openalex.org/W4322010340,https://doi.org/10.1007/s42484-023-00096-2,2023,5,article,0,0,0,,0,,Stationary states of a dissipative two-qubit quantum channel and their applications for quantum machine learning,0,0,0,0,0,0,0,0,0,0,0,0,0,0,0,0,0,0,0,0,0,0,0,0,2026-10-05
https://openalex.org/W4324106679,https://doi.org/10.48550/arxiv.2303.05860,2023,5,preprint,1,1,0,248,0,,Variational Quantum Neural Networks (VQNNS) in Image Classification,1,0,0,0,0,0,0,0,1,0,0,0,0,0,0,0,0,0,0,0,0,0,0,0,2026-10-05
https://openalex.org/W4379259259,https://doi.org/10.48550/arxiv.2306.00874,2023,5,preprint,1,1,0,249,0,,A general-purpose single-photon-based quantum computing platform,0,1,0,1,0,0,0,0,0,0,0,1,0,0,0,0,0,0,0,0,0,0,0,0,2026-10-05
https://openalex.org/W4381052705,https://doi.org/10.1007/978-981-99-0609-3_32,2023,5,conference-paper,0,0,0,,0,,Hybrid Quantum Classical Neural Network-Based Classification of Prenatal Ventricular Septal Defect from Ultrasound Images,0,0,0,0,0,0,0,0,0,0,0,0,0,0,0,0,0,0,0,0,0,0,0,0,2026-10-05
https://openalex.org/W4382407759,https://doi.org/10.1007/978-3-031-36030-5_15,2023,5,conference-paper,0,0,0,,0,,Exploring the Capabilities of Quantum Support Vector Machines for Image Classification on the MNIST Benchmark,0,0,0,0,0,0,0,0,0,0,0,0,0,0,0,0,0,0,0,0,0,0,0,0,2026-10-05
https://openalex.org/W4387163578,https://doi.org/10.1109/ic2e357697.2023.10262740,2023,5,conference-paper,1,1,0,250,0,,Improving Image Classification with Quantum Neural Network,0,0,0,0,0,0,0,0,0,0,0,0,0,0,0,0,0,0,0,0,0,0,0,0,2026-10-05
https://openalex.org/W4387668582,https://doi.org/10.1007/s11128-023-04137-4,2023,5,article,0,0,0,,0,,Quantum machine learning based on continuous variable single-photon states: an elementary foundation for quantum neural networks,0,0,0,0,0,0,0,0,0,0,0,0,0,0,0,0,0,0,0,0,0,0,0,0,2026-10-05
https://openalex.org/W4387803551,https://doi.org/10.1109/igarss52108.2023.10281429,2023,5,conference-paper,1,1,0,251,0,,Comparison of Quantum Neural Network Algorithms For Earth Observation Data Classification,0,0,0,0,0,0,0,0,0,0,0,0,0,0,0,0,0,0,0,0,0,0,0,0,2026-10-05
https://openalex.org/W4389168368,https://doi.org/10.1109/qce57702.2023.10222,2023,5,conference-paper,1,1,0,252,0,,"Evaluating Quantum Machine Learning Approaches for Histopathological Cancer Detection: Classical, Hybrid Simulation, and IBM Quantum Computing",0,0,0,0,0,0,0,0,0,0,0,0,0,0,0,0,0,0,0,0,0,0,0,0,2026-10-05
https://openalex.org/W4389362805,https://doi.org/10.21203/rs.3.rs-3695278/v1,2023,5,preprint,1,1,0,253,0,,Hybrid Quantum Neural Network in High-dimensional Data Classification,0,0,0,0,0,0,0,0,0,0,0,0,0,0,0,0,0,0,0,0,0,0,0,0,2026-10-05
https://openalex.org/W4390750071,https://doi.org/10.1038/s41598-023-50455-z,2024,5,article,1,1,0,254,0,,Hybrid parameters for fluid identification using an enhanced quantum neural network in a tight reservoir,0,0,0,0,0,0,0,0,0,0,0,0,0,0,0,0,0,0,0,0,0,0,0,0,2026-10-05
https://openalex.org/W4390816607,https://doi.org/10.1109/ecice59523.2023.10383149,2023,5,conference-paper,1,1,0,255,0,,A Quick Overview of Quantum Machine Learning,0,0,0,0,0,0,0,0,0,0,0,0,0,0,0,0,0,0,0,0,0,0,0,0,2026-10-05
https://openalex.org/W4391750818,https://doi.org/10.21203/rs.3.rs-3943271/v1,2024,5,preprint,1,1,0,256,0,,Quantum neural network with ensemble learning to mitigate barren plateaus and cost function concentration,0,0,1,0,0,0,1,0,0,0,1,0,0,0,1,0,0,0,1,0,0,0,1,0,2026-10-05
https://openalex.org/W4392752519,https://doi.org/10.3390/axioms13030188,2024,5,article,1,1,0,257,0,,ℤ2 × ℤ2 Equivariant Quantum Neural Networks: Benchmarking against Classical Neural Networks,0,0,0,0,0,0,0,0,0,0,0,0,0,0,0,0,0,0,0,0,0,0,0,0,2026-10-05
https://openalex.org/W4393444115,https://doi.org/10.1108/k-07-2023-1210,2024,5,article,1,1,0,258,0,,Multilevel thermoplastic waste segregation and classification with AHGSO using federated learning framework,0,0,0,0,0,0,0,0,0,0,0,0,0,0,0,0,0,0,0,0,0,0,0,0,2026-10-05
https://openalex.org/W4396778118,https://doi.org/10.48550/arxiv.2405.01734,2024,5,preprint,1,1,0,259,0,,Diabetic Retinopathy Detection Using Quantum Transfer Learning,0,0,0,0,0,0,0,0,0,0,0,0,0,0,0,0,0,0,0,0,0,0,0,0,2026-10-05
https://openalex.org/W4399262932,https://doi.org/10.1007/s11128-024-04437-3,2024,5,article,0,0,0,,0,,Real-time hybrid facial expression analysis model using quantum distance-based classifier and classical artificial neural networks: QUADCANN,0,0,0,0,0,0,0,0,0,0,0,0,0,0,0,0,0,0,0,0,0,0,0,0,2026-10-05
https://openalex.org/W4401240924,https://doi.org/10.1201/9781032642079-5,2024,5,book-chapter,1,1,0,260,0,,Merging Artificial Intelligence (AI) and Machine Learning (ML) With Quantum Technology,0,1,0,0,0,0,0,0,0,0,0,0,0,0,0,0,0,0,0,0,0,0,0,0,2026-10-05
https://openalex.org/W4404689200,https://doi.org/10.1109/icds62089.2024.10756377,2024,5,conference-paper,1,1,0,261,0,,Autism Spectrum Disorder Detection with Quantum Machine Learning Methods,0,0,0,0,0,0,0,0,0,0,0,0,0,0,0,0,0,0,0,0,0,0,0,0,2026-10-05
https://openalex.org/W4405350643,https://doi.org/10.4018/979-8-3693-7673-7.ch009,2024,5,book-chapter,1,1,0,262,0,,Optimizing Feature Selection for Predictive Analytics With Quantum Algorithms,1,0,0,0,1,0,0,0,1,0,0,0,0,0,0,0,0,0,0,0,0,0,0,0,2026-10-05
https://openalex.org/W4406308672,https://doi.org/10.1016/j.neucom.2025.129404,2025,5,article,0,0,0,,0,,Unlocking the high dimensional’ potential: Comparative analysis of qubits and qutrits in variational quantum neural networks,0,0,0,0,0,0,0,0,0,0,0,0,0,0,0,0,0,0,0,0,0,0,0,0,2026-10-05
https://openalex.org/W4407198972,https://doi.org/10.1109/gccit63234.2024.10862508,2024,5,conference-paper,1,1,0,263,0,,Fraud Detection using Quantum Machine Learning(QML),1,1,1,0,1,0,1,0,1,0,1,0,0,0,0,0,0,0,0,0,0,0,0,0,2026-10-05
https://openalex.org/W4407368313,https://doi.org/10.1007/s11760-025-03875-5,2025,5,article,1,0,0,,0,,Classification and reconstruction for single-pixel imaging with classical and quantum neural networks,0,0,0,0,0,0,0,0,0,0,0,0,0,0,0,0,0,0,0,0,0,0,0,0,2026-10-05
https://openalex.org/W4408023608,https://doi.org/10.1103/physrevresearch.7.013221,2025,5,article,0,1,0,,0,,Enhanced natural parameterized quantum circuit,1,0,0,0,1,0,0,0,1,0,0,0,0,0,0,0,0,0,0,0,0,0,0,0,2026-10-05
https://openalex.org/W4408187013,https://doi.org/10.1007/s42452-025-06638-6,2025,5,article,0,1,0,,0,,Emerging generalization advantage of quantum-inspired machine learning in the diagnosis of hepatocellular carcinoma,0,0,0,0,0,0,0,0,0,0,0,0,0,0,0,0,0,0,0,0,0,0,0,0,2026-10-05
https://openalex.org/W4409331359,https://doi.org/10.1177/18724981251332137,2025,5,article,0,1,0,,0,,Photovoltaic fault classification by leveraging quantum entanglement and correlation,1,1,0,0,0,0,0,0,1,1,0,0,0,1,0,0,0,0,0,0,0,0,0,0,2026-10-05
https://openalex.org/W4409552719,https://doi.org/10.7717/peerj-cs.2789,2025,5,article,1,1,0,264,0,,Variational quantum classifier-based early identification and classification of chronic kidney disease using sparse autoencoder and LASSO shrinkage,0,0,0,0,0,0,0,0,0,0,0,0,0,0,0,0,0,0,0,0,0,0,0,0,2026-10-05
https://openalex.org/W4410065248,https://doi.org/10.1007/s11227-025-07266-y,2025,5,article,0,0,0,,0,,QEKLR: quantum-enhanced kernel logistic regression for classification,0,0,0,0,0,0,0,0,0,0,0,0,0,0,0,0,0,0,0,0,0,0,0,0,2026-10-05
https://openalex.org/W4410437982,https://doi.org/10.1103/physreva.111.052432,2025,5,article,1,1,0,265,0,,Simple Hamiltonian dynamics as a powerful resource for image classification,0,0,0,0,0,0,0,0,0,0,0,0,0,0,0,0,0,0,0,0,0,0,0,0,2026-10-05
https://openalex.org/W4410796099,https://doi.org/10.1007/s00170-025-15767-6,2025,5,article,0,0,0,,0,,Artificial intelligence–based monitoring of MAG welding by a novel hybrid quantum neural network model and signal augmentation,0,0,0,0,0,0,0,0,0,0,0,0,0,0,0,0,0,0,0,0,0,0,0,0,2026-10-05
https://openalex.org/W4410904013,https://doi.org/10.62347/wohq8174,2025,5,article,1,1,0,266,0,,Quantum dual-branch neural networks with transfer learning for early detection of skin cancer,0,0,0,0,0,0,0,0,0,0,0,0,0,0,0,0,0,0,0,0,0,0,0,0,2026-10-05
https://openalex.org/W4410966677,https://doi.org/10.1088/1402-4896/adda9e,2025,5,article,1,1,0,267,0,,A quantum neural network-based approach to power quality disturbances detection and recognition,1,1,0,1,0,0,0,0,1,0,0,1,0,0,0,0,0,0,0,0,0,0,0,0,2026-10-05
https://openalex.org/W4411503728,https://doi.org/10.22399/ijcesen.2484,2025,5,article,1,1,0,268,0,,Exploring the Synergy Between Neuro-Inspired Algorithms and Quantum Computing in Machine Learning,0,1,0,0,0,0,0,0,0,0,0,0,0,0,0,0,0,0,0,0,0,0,0,0,2026-10-05
https://openalex.org/W4412030513,https://doi.org/10.1109/jiot.2025.3586090,2025,5,article,1,1,0,269,0,,Quantum Machine Learning for Energy-Efficient 5G-Enabled IoMT Healthcare Systems: Enhancing Data Security and Processing,0,1,0,0,0,0,0,0,0,0,0,0,0,0,0,0,0,0,0,0,0,0,0,0,2026-10-05
https://openalex.org/W4412724838,https://doi.org/10.3390/life15071124,2025,5,article,1,1,0,270,0,,Binary and Multi-Class Classification of Colorectal Polyps Using CRP-ViT: A Comparative Study Between CNNs and QNNs,0,0,0,0,0,0,0,0,0,0,0,0,0,0,0,0,0,0,0,0,0,0,0,0,2026-10-05
https://openalex.org/W4413180677,https://doi.org/10.1007/s00521-025-11522-w,2025,5,article,0,0,0,,0,,Multi-classification of brain tumors using proposed hybrid quantum–classical integrated neural network (HQCINN) models: shallow and deep circuit approaches,0,0,0,0,0,0,0,0,0,0,0,0,0,0,0,0,0,0,0,0,0,0,0,0,2026-10-05
https://openalex.org/W4414072574,https://doi.org/10.47852/bonviewjcce52025121,2025,5,article,1,1,0,271,0,,"A Hybrid Framework Integrating QML, AI, and Quantum-Safe Cryptography for Cybersecurity",0,0,0,0,0,0,0,0,0,0,0,0,0,0,0,0,0,0,0,0,0,0,0,0,2026-10-05
https://openalex.org/W4416729284,https://doi.org/10.3389/fpsyt.2025.1648060,2025,5,article,0,1,0,,0,,Quantum AI for psychiatric diagnosis: enhancing dementia classification with quantum machine learning,1,1,0,0,1,0,0,0,1,0,0,0,0,0,0,0,0,0,0,0,0,0,0,0,2026-10-05
https://openalex.org/W4416874813,https://doi.org/10.1109/qce65121.2025.00224,2025,5,conference-paper,1,1,0,272,0,,Quantum-Enhanced Parameter-Efficient Learning for Typhoon Trajectory Forecasting,0,0,1,0,0,0,1,0,0,0,1,0,0,0,0,0,0,0,0,0,0,0,0,0,2026-10-05
https://openalex.org/W4416875028,https://doi.org/10.1109/qce65121.2025.00184,2025,5,conference-paper,1,1,0,273,0,,Quantum Machine Learning for Intrusion Detection on Noisy Quantum Computers,0,1,0,0,0,1,0,0,0,1,0,0,0,0,0,0,0,0,0,0,0,0,0,0,2026-10-05
https://openalex.org/W7109597915,https://doi.org/10.65511/jaima.v1i1.734,2025,5,article,1,1,0,274,0,,Efficient Blood Cell Classification Using a Hybrid Variational Quantum Circuit–EfficientNet Model on BloodMNIST,0,0,0,0,0,0,0,0,0,0,0,0,0,0,0,0,0,0,0,0,0,0,0,0,2026-10-05
https://openalex.org/W7128795198,https://doi.org/10.1109/icuis67429.2025.11380764,2025,5,conference-paper,1,1,0,275,0,,Quantum Model: Saving and Reloading Variational Quantum Classifiers,1,1,1,0,0,1,1,0,1,1,1,0,0,0,0,0,0,0,0,0,0,0,0,0,2026-10-05
https://openalex.org/W3200657128,https://doi.org/10.3390/math10060940,2022,4,article,1,1,0,276,0,,Non-Parametric Semi-Supervised Learning in Many-Body Hilbert Space with Rescaled Logarithmic Fidelity,1,0,0,0,0,0,0,0,1,0,0,0,0,0,0,0,0,0,0,0,0,0,0,0,2026-10-05
https://openalex.org/W4280620472,https://doi.org/10.1088/0256-307x/39/5/050301,2022,4,article,1,1,0,277,0,,State Classification via a Random-Walk-Based Quantum Neural Network,1,1,0,0,0,0,0,0,1,0,0,0,0,0,0,0,0,0,0,0,0,0,0,0,2026-10-05
https://openalex.org/W4297035740,https://doi.org/10.1109/inista55318.2022.9894249,2022,4,conference-paper,1,1,0,278,0,,Quantum Machine Learning: Practical Cases,1,0,0,0,1,0,0,0,1,0,0,0,0,0,0,0,0,0,0,0,0,0,0,0,2026-10-05
https://openalex.org/W4302016026,https://doi.org/10.36227/techrxiv.21251895.v1,2022,4,preprint,1,1,0,279,0,,Traffic Sign Classification Using Deep and Quantum Neural Networks,0,0,0,0,0,0,0,0,0,0,0,0,0,0,0,0,0,0,0,0,0,0,0,0,2026-10-05
https://openalex.org/W4310824323,https://doi.org/10.48550/arxiv.2212.01732,2022,4,preprint,1,1,0,280,0,,Quantum Federated Learning with Entanglement Controlled Circuits and Superposition Coding,0,1,1,0,0,0,1,0,0,0,1,0,0,1,0,0,0,0,0,0,0,0,0,0,2026-10-05
https://openalex.org/W4310879455,https://doi.org/10.48550/arxiv.2212.02531,2022,4,preprint,1,1,0,281,0,,Enhancing Quantum Adversarial Robustness by Randomized Encodings,1,0,1,0,0,0,1,0,1,0,1,0,1,0,0,0,0,0,0,0,1,0,0,0,2026-10-05
https://openalex.org/W4312218680,https://doi.org/10.1140/epjp/s13360-022-03587-6,2022,4,article,0,0,0,,0,,Quantum phase recognition using quantum tensor networks,0,0,0,0,0,0,0,0,0,0,0,0,0,0,0,0,0,0,0,0,0,0,0,0,2026-10-05
https://openalex.org/W4312288010,https://doi.org/10.48185/jaai.v3i1.446,2022,4,article,0,1,0,,0,,Developing a Model for Predicting Lung Cancer Using Variational Quantum-Classical Algorithm: A Survey,0,0,0,1,0,0,0,1,0,0,0,1,0,0,0,0,0,0,0,0,0,0,0,0,2026-10-05
https://openalex.org/W4318822324,https://doi.org/10.2139/ssrn.4290301,2022,4,preprint,0,0,0,,0,,Quantum Recurrent Neural Networks for Sequential Learning,0,0,0,0,0,0,0,0,0,0,0,0,0,0,0,0,0,0,0,0,0,0,0,0,2026-10-05
https://openalex.org/W4378983277,https://doi.org/10.21203/rs.3.rs-2999823/v1,2023,4,preprint,1,1,0,282,0,,Quantum Convolutional Neural Networks for Multi-Channel Supervised Learning,0,1,0,0,0,1,0,0,0,1,0,0,0,0,0,0,0,0,0,0,0,0,0,0,2026-10-05
https://openalex.org/W4379520864,https://doi.org/10.1007/s00500-023-08569-z,2023,4,article,0,0,0,,0,,RETRACTED ARTICLE: Intrusion detection system using combination of deep residual fuzzy network and white shark-dwarf mongoose optimization,0,0,0,0,0,0,0,0,0,0,0,0,0,0,0,0,0,0,0,0,0,0,0,0,2026-10-05
https://openalex.org/W4380789632,https://doi.org/10.21203/rs.3.rs-3037666/v1,2023,4,preprint,0,1,0,,0,,Medical Image Diagnosis Based on Adaptive Hybrid Quantum CNN,0,0,1,0,0,0,1,0,0,0,1,0,0,0,0,0,0,0,0,0,0,0,0,0,2026-10-05
https://openalex.org/W4381253573,https://doi.org/10.48550/arxiv.2306.09984,2023,4,preprint,1,1,0,283,0,,Variational quantum algorithms for machine learning: theory and applications,0,1,0,1,0,0,0,0,0,0,0,1,0,0,0,0,0,0,0,0,0,0,0,0,2026-10-05
https://openalex.org/W4385456070,https://doi.org/10.3233/atde230062,2023,4,book-chapter,1,1,0,284,0,,Hybrid Continuous Variational Quantum Neural Networks for Network Intrusion Detection,0,0,0,0,0,0,0,0,0,0,0,0,0,0,0,0,0,0,0,0,0,0,0,0,2026-10-05
https://openalex.org/W4385893309,https://doi.org/10.51903/informatika.v3i1.232,2023,4,article,1,1,0,285,0,,EKSPLORASI KAPASITAS PENGKODEAN AMPLITUDO UNTUK MODEL QUANTUM MACHINE LEARNING,0,0,0,0,0,0,0,0,0,0,0,0,0,0,0,0,0,0,0,0,0,0,0,0,2026-10-05
https://openalex.org/W4386361553,https://doi.org/10.1109/qsw59989.2023.00019,2023,4,conference-paper,1,1,0,286,0,,LAWS: Look Around and Warm-Start Natural Gradient Descent for Quantum Neural Networks,0,0,1,0,0,0,1,0,0,0,1,0,0,0,1,0,0,0,0,0,0,0,1,0,2026-10-05
https://openalex.org/W4388893632,https://doi.org/10.1109/tencon58879.2023.10322543,2023,4,conference-paper,1,1,0,287,0,,A Parallel Quantum Feature Encoding Scheme for Effective Classical Data Classification in Quantum Convolutional Neural Networks,1,1,0,0,1,1,0,0,1,1,0,0,1,0,0,0,1,0,0,0,1,0,0,0,2026-10-05
https://openalex.org/W4388937361,https://doi.org/10.1109/icccnt56998.2023.10307283,2023,4,conference-paper,1,1,0,288,0,,Hybrid Classical Quantum Neural Network based classification of Photonic Band Gap crystal structure defects,1,1,1,0,1,0,1,0,1,0,1,0,0,0,0,0,0,0,0,0,0,0,0,0,2026-10-05
https://openalex.org/W4391410251,https://doi.org/10.1109/mwscas57524.2023.10406072,2023,4,conference-paper,1,1,0,289,0,,Investigating a Quantum Cloud Paradigm with Quantum Neural Networks,0,0,0,0,0,0,0,0,0,0,0,0,0,0,0,0,0,0,0,0,0,0,0,0,2026-10-05
https://openalex.org/W4391609037,https://doi.org/10.3389/frqst.2024.1282730,2024,4,article,1,1,0,290,0,,Empowering complex-valued data classification with the variational quantum classifier,1,1,1,0,1,1,1,0,1,1,1,0,0,0,0,0,0,0,0,0,0,0,0,0,2026-10-05
https://openalex.org/W4392374399,https://doi.org/10.1007/s11128-024-04295-z,2024,4,article,1,0,0,,0,,Parallelized variational quantum classifier with shallow QRAM circuit,0,0,0,0,0,0,0,0,0,0,0,0,0,0,0,0,0,0,0,0,0,0,0,0,2026-10-05
https://openalex.org/W4393028438,https://doi.org/10.1109/confluence60223.2024.10463226,2024,4,conference-paper,1,1,0,291,0,,Retracted: Binary Image Classification Using Machine Learning and Deep Quantum Neural Networks,0,0,0,0,0,0,0,0,0,0,0,0,0,0,0,0,0,0,0,0,0,0,0,0,2026-10-05
https://openalex.org/W4393177820,https://doi.org/10.48550/arxiv.2403.14753,2024,4,preprint,1,1,0,292,0,,Learning with SASQuaTCh: a Novel Variational Quantum Transformer Architecture with Kernel-Based Self-Attention,0,1,0,0,0,1,0,0,0,1,0,0,0,0,0,0,0,0,0,0,0,0,0,0,2026-10-05
https://openalex.org/W4394564678,https://doi.org/10.1109/ic2pct60090.2024.10486763,2024,4,conference-paper,1,1,0,293,0,,Comparative Analysis of Classification Efficiency of Quantum Machine Learning Algorithms,0,0,0,0,0,0,0,0,0,0,0,0,0,0,0,0,0,0,0,0,0,0,0,0,2026-10-05
https://openalex.org/W4394964167,https://doi.org/10.1088/2058-9565/ad40cb,2024,4,article,1,1,0,294,0,,A hybrid quantum ensemble learning model for malicious code detection,0,0,0,0,0,0,0,0,0,0,0,0,0,0,0,0,0,0,0,0,0,0,0,0,2026-10-05
https://openalex.org/W4396772063,https://doi.org/10.21203/rs.3.rs-4353973/v1,2024,4,preprint,0,0,0,,0,,Breast Cancer Detection using Explainable AI and Quantum Neural Network,0,0,0,0,0,0,0,0,0,0,0,0,0,0,0,0,0,0,0,0,0,0,0,0,2026-10-05
https://openalex.org/W4398241009,https://doi.org/10.3390/math12111627,2024,4,article,1,1,0,295,0,,Optimizing Variational Quantum Neural Networks Based on Collective Intelligence,0,1,1,0,0,0,1,0,0,0,1,0,0,0,0,0,0,0,0,0,0,0,0,0,2026-10-05
https://openalex.org/W4400364415,https://doi.org/10.1007/s42484-024-00171-2,2024,4,article,0,0,0,,0,,Evaluation of VQC-LSTM for disability forecasting in multiple sclerosis using sequential multisequence MRI,0,0,0,0,0,0,0,0,0,0,0,0,0,0,0,0,0,0,0,0,0,0,0,0,2026-10-05
https://openalex.org/W4400582294,https://doi.org/10.3233/web-230214,2024,4,article,1,1,0,296,0,,Fractional hunger jellyfish search optimization based deep quantum neural network for malicious traffic segregation and attack detection,0,0,0,0,0,0,0,0,0,0,0,0,0,0,0,0,0,0,0,0,0,0,0,0,2026-10-05
https://openalex.org/W4400811360,https://doi.org/10.1109/csci62032.2023.00070,2023,4,conference-paper,1,1,0,297,0,,Quantum Neural Network Classification-Based Cyber Threat Detection in Virtual Environment,0,1,0,0,0,0,0,0,0,0,0,0,0,0,0,0,0,0,0,0,0,0,0,0,2026-10-05
https://openalex.org/W4401608967,https://doi.org/10.1109/times-icon61890.2024.10630768,2024,4,conference-paper,1,1,0,298,0,,Analytical Challenges of Quantum and Classical Computing in Thailand: A Comparative Exploration of Machine Learning Through Classification,1,0,0,0,0,0,0,0,1,0,0,0,0,0,0,0,0,0,0,0,0,0,0,0,2026-10-05
https://openalex.org/W4402209842,https://doi.org/10.1007/s10489-024-05786-3,2024,4,article,1,0,0,,0,,Parallel proportional fusion of a spiking quantum neural network for optimizing image classification,0,0,0,0,0,0,0,0,0,0,0,0,0,0,0,0,0,0,0,0,0,0,0,0,2026-10-05
https://openalex.org/W4403297093,https://doi.org/10.1103/physrevresearch.6.043028,2024,4,article,1,1,0,299,0,,Enforcing exact permutation and rotational symmetries in the application of quantum neural networks on point cloud datasets,1,0,0,0,0,0,0,0,1,0,0,0,0,0,0,0,0,0,0,0,0,0,0,0,2026-10-05
https://openalex.org/W4403678628,https://doi.org/10.1109/iccigst60741.2024.10717599,2024,4,conference-paper,1,1,0,300,0,,Epileptic Seizure Detection using Variational Quantum Classifier,0,0,0,0,0,0,0,0,0,0,0,0,0,0,0,0,0,0,0,0,0,0,0,0,2026-10-05
https://openalex.org/W4404033266,https://doi.org/10.1088/2058-9565/ad8e80,2024,4,article,1,1,0,301,0,,Permutation-equivariant quantum convolutional neural networks,1,0,0,0,0,0,0,0,1,0,0,0,0,0,0,0,0,0,0,0,0,0,0,0,2026-10-05
https://openalex.org/W4404193011,https://doi.org/10.1016/b978-0-323-95439-6.00022-3,2024,4,book-chapter,0,0,0,,0,,Automated detection of brain disease using quantum machine learning,0,0,0,0,0,0,0,0,0,0,0,0,0,0,0,0,0,0,0,0,0,0,0,0,2026-10-05
https://openalex.org/W4404936638,https://doi.org/10.1007/s42484-024-00223-7,2024,4,article,0,0,0,,0,,A quantum neural network for sequential data analysis in machine learning,0,0,0,0,0,0,0,0,0,0,0,0,0,0,0,0,0,0,0,0,0,0,0,0,2026-10-05
https://openalex.org/W4405361880,https://doi.org/10.1109/nextcomp63004.2024.10779674,2024,4,conference-paper,1,1,0,302,0,,Drug Target Interaction prediction using Variational Quantum classifier,0,0,0,0,0,0,0,0,0,0,0,0,0,0,0,0,0,0,0,0,0,0,0,0,2026-10-05
https://openalex.org/W4406063976,https://doi.org/10.62411/jcta.11779,2025,4,article,1,1,0,303,0,,A Quantum Circuit Learning-based Investigation: A Case Study in Iris Benchmark Dataset Binary Classification,0,0,0,0,0,0,0,0,0,0,0,0,0,0,0,0,0,0,0,0,0,0,0,0,2026-10-05
https://openalex.org/W4406458081,https://doi.org/10.1109/bigdata62323.2024.10825181,2024,4,conference-paper,1,1,0,304,0,,Assessment of Quantum ML Applicability for Climate Actions: Comparison of the Variational Quantum Classifier and the Quantum Support Vector Classifier with Classical ML Models,0,0,0,0,0,0,0,0,0,0,0,0,0,0,0,0,0,0,0,0,0,0,0,0,2026-10-05
https://openalex.org/W4406967582,https://doi.org/10.1103/physreva.111.012630,2025,4,article,1,1,0,305,0,,Image classification by combining quantum kernel learning and tensor networks,1,1,0,0,1,1,0,0,1,1,0,0,0,0,0,0,0,0,0,0,0,0,0,0,2026-10-05
https://openalex.org/W4407911062,https://doi.org/10.1103/physrevresearch.7.013201,2025,4,article,1,1,0,306,0,,Predicting properties of quantum systems by regression on a quantum computer,0,1,0,1,0,0,0,1,0,0,0,1,0,0,0,0,0,0,0,0,0,0,0,0,2026-10-05
https://openalex.org/W4409103701,https://doi.org/10.1109/acoit62457.2024.10939330,2024,4,conference-paper,0,1,0,,0,,QICCNN: Quantum-inspired Complex Convolutional Neural Network based brain tumor detection from MRI images,0,0,0,0,0,0,0,0,0,0,0,0,0,0,0,0,0,0,0,0,0,0,0,0,2026-10-05
https://openalex.org/W4409944343,https://doi.org/10.1002/qute.202400703,2025,4,article,1,1,0,307,0,,Lean Classical‐Quantum Hybrid Neural Network Model for Image Classification,0,0,0,0,0,0,0,0,0,0,0,0,0,0,0,0,0,0,0,0,0,0,0,0,2026-10-05
https://openalex.org/W4410394823,https://doi.org/10.1109/qcnc64685.2025.00064,2025,4,conference-paper,1,1,0,308,0,,Quantum Pointwise Convolution: A Flexible and Scalable Approach for Neural Network Enhancement,1,0,0,0,1,0,0,0,1,0,0,0,0,0,0,0,0,0,0,0,0,0,0,0,2026-10-05
https://openalex.org/W4410771058,https://doi.org/10.1109/icasspw65056.2025.11011221,2025,4,conference-paper,1,1,0,309,0,,Hybrid Quantum Machine Learning based Human Speech Emotion Recognition,0,0,0,0,0,0,0,0,0,0,0,0,0,0,0,0,0,0,0,0,0,0,0,0,2026-10-05
https://openalex.org/W4410835830,https://doi.org/10.1007/s42484-025-00287-z,2025,4,article,1,1,0,310,0,,Let the quantum creep in: designing quantum neural network models by gradually swapping out classical components,0,0,0,0,0,0,0,0,0,0,0,0,0,0,0,0,0,0,0,0,0,0,0,0,2026-10-05
https://openalex.org/W4410996893,https://doi.org/10.1007/978-3-031-89905-8_11,2025,4,book-chapter,0,0,0,,0,,Quantum Neural Networks: Exploring Quantum Enhancements in Deep Learning,0,0,0,0,0,0,0,0,0,0,0,0,0,0,0,0,0,0,0,0,0,0,0,0,2026-10-05
https://openalex.org/W4412942519,https://doi.org/10.1016/j.engappai.2025.111705,2025,4,article,0,1,0,,0,,A multi-topology quantum convolutional neural network with qubit-measurement attention for image classification,1,1,0,1,1,0,0,0,1,0,0,1,0,0,0,1,0,0,0,0,0,0,0,1,2026-10-05
https://openalex.org/W4413755163,https://doi.org/10.1109/isvlsi65124.2025.11130207,2025,4,conference-paper,1,1,0,311,0,,Quantum-Enhanced Classification of Brain Tumors Using DNA Microarray Gene Expression Profiles,0,1,0,1,0,0,0,0,0,0,0,1,0,0,0,0,0,0,0,0,0,0,0,0,2026-10-05
https://openalex.org/W4413755525,https://doi.org/10.1109/isvlsi65124.2025.11130199,2025,4,conference-paper,1,1,0,312,0,,Quantum Properties Trojans (QuPTs) for Attacking Quantum Neural Networks,0,0,0,0,0,0,0,0,0,0,0,0,0,0,0,0,0,0,0,0,0,0,0,0,2026-10-05
https://openalex.org/W4414213670,https://doi.org/10.1007/s00521-025-11601-y,2025,4,article,0,0,0,,0,,Brain tumor diagnosis using hybrid quantum-classical neural networks,0,0,0,0,0,0,0,0,0,0,0,0,0,0,0,0,0,0,0,0,0,0,0,0,2026-10-05
https://openalex.org/W4415674931,https://doi.org/10.1016/j.chaos.2025.117467,2025,4,article,0,0,0,,0,,Detecting quantum hacking attacks for continuous-variable quantum key distribution using quantum neural network,0,0,0,0,0,0,0,0,0,0,0,0,0,0,0,0,0,0,0,0,0,0,0,0,2026-10-05
https://openalex.org/W4416114206,https://doi.org/10.1109/access.2025.3631638,2025,4,article,1,1,0,313,0,,Mental Health Prediction From Twitter Content Data Based on Stress Inducing Themes and Quantum Neural Network Classifier,0,0,0,0,0,0,0,0,0,0,0,0,0,0,0,0,0,0,0,0,0,0,0,0,2026-10-05
https://openalex.org/W4416873542,https://doi.org/10.1109/qce65121.2025.00206,2025,4,conference-paper,1,1,0,314,0,,Adaptive Non-Local Observable on Quantum Neural Networks,0,1,0,1,0,0,0,1,0,1,0,1,0,0,0,1,0,0,0,1,0,0,0,1,2026-10-05
https://openalex.org/W4416874250,https://doi.org/10.1109/qce65121.2025.00180,2025,4,conference-paper,0,1,0,,0,,Leveraging Diffusion Models for Parameterized Quantum Circuit Generation,0,1,0,0,0,1,0,0,0,1,0,0,0,0,0,0,0,0,0,0,0,0,0,0,2026-10-05
https://openalex.org/W4417042384,https://doi.org/10.1038/s41598-025-28412-9,2025,4,article,1,1,0,315,0,,"Robust evaluation of classical and quantum machine learning under noise, imbalance, feature reduction and explainability",0,0,0,0,0,0,0,0,0,0,0,0,0,0,0,0,0,0,0,0,0,0,0,0,2026-10-05
https://openalex.org/W4226152172,https://doi.org/10.1002/9781119790327.ch12,2022,3,other,1,1,0,316,0,,Quantum Machine Learning,0,0,1,0,0,0,0,0,0,0,1,0,0,0,0,0,0,0,0,0,0,0,0,0,2026-10-05
https://openalex.org/W4281249540,https://doi.org/10.48550/arxiv.2205.09510,2022,3,preprint,1,1,0,317,0,,An Introduction to Quantum Machine Learning for Engineers,0,0,0,1,0,0,0,0,0,0,0,1,0,0,0,0,0,0,0,0,0,0,0,0,2026-10-05
https://openalex.org/W4288055599,https://doi.org/10.48550/arxiv.2207.11449,2022,3,preprint,1,1,0,318,0,,Generating quantum feature maps for SVM classifier,1,1,0,0,1,1,0,0,1,1,0,0,1,0,0,0,1,0,0,0,1,0,0,0,2026-10-05
https://openalex.org/W4292215102,https://doi.org/10.48550/arxiv.2208.07719,2022,3,preprint,1,1,0,319,0,,Scalable Quantum Neural Networks for Classification,0,0,0,0,0,0,0,0,0,0,0,0,0,0,0,0,0,0,0,0,0,0,0,0,2026-10-05
https://openalex.org/W4294436324,https://doi.org/10.48550/arxiv.2209.00564,2022,3,preprint,1,1,0,320,0,,Federated Quantum Natural Gradient Descent for Quantum Federated Learning,0,0,1,0,0,0,0,0,0,0,1,0,0,0,1,0,0,0,0,0,0,0,1,0,2026-10-05
https://openalex.org/W4295253376,https://doi.org/10.1063/5.0098702,2022,3,article,1,1,0,321,0,,Variational algorithm of quantum neural network based on quantum particle swarm,0,0,1,0,0,0,1,0,0,0,1,0,0,0,0,0,0,0,0,0,0,0,0,0,2026-10-05
https://openalex.org/W4306638000,https://doi.org/10.21203/rs.3.rs-1919180/v1,2022,3,preprint,1,0,0,,0,,WITHDRAWN: Evaluation of Different Ansatze Designs for Quantum Neural Network Binary Classifiers,0,1,0,0,0,1,0,0,0,1,0,0,0,1,0,0,0,1,0,0,0,1,0,0,2026-10-05
https://openalex.org/W4380346059,https://doi.org/10.20944/preprints202305.0833.v3,2023,3,preprint,1,1,0,322,0,,On the Applicability of Quantum Machine Learning,1,0,0,0,1,0,0,0,1,0,0,0,0,0,0,0,0,0,0,0,0,0,0,0,2026-10-05
https://openalex.org/W4382401671,https://doi.org/10.21203/rs.3.rs-3094921/v1,2023,3,preprint,1,1,0,323,0,,Hybrid Classical-Quantum Transfer Learning for Text Classification,1,0,0,1,0,0,0,1,1,0,0,1,0,0,0,0,0,0,0,0,0,0,0,0,2026-10-05
https://openalex.org/W4385847132,https://doi.org/10.22214/ijraset.2023.55318,2023,3,article,1,1,0,324,0,,Quantum Machine Learning: Bridging the Gap Between Quantum Computing and Artificial Intelligence: An Overview,1,0,0,0,1,0,0,0,1,0,0,0,0,0,0,0,0,0,0,0,0,0,0,0,2026-10-05
https://openalex.org/W4386232925,https://doi.org/10.1109/tensymp55890.2023.10223624,2023,3,conference-paper,1,1,0,325,0,,A Hybrid QNN-Based Framework for Accurate Early Detection of HCV Liver Abnormalities from CT Scans Using Custom Transfer Learning and AI Edge Device,0,0,1,0,0,0,1,0,0,0,1,0,0,0,0,0,0,0,0,0,0,0,0,0,2026-10-05
https://openalex.org/W4386513409,https://doi.org/10.1145/3587716.3587797,2023,3,conference-paper,0,1,0,,0,,A Quantum Classifier Based on Tree Structure,0,1,1,0,0,0,1,0,0,1,1,0,0,0,0,0,0,0,0,0,0,0,0,0,2026-10-05
https://openalex.org/W4387673145,https://doi.org/10.17587/it.29.512-521,2023,3,article,1,1,0,326,0,,Quantum Neural Networks in the Problem of Pattern Recognition,0,0,0,0,0,0,0,0,0,0,0,0,0,0,0,0,0,0,0,0,0,0,0,0,2026-10-05
https://openalex.org/W4387796557,https://doi.org/10.48550/arxiv.2310.10672,2023,3,preprint,1,1,0,327,0,,Hybrid Quantum-Classical Machine Learning for Sentiment Analysis,0,0,0,0,0,0,0,0,0,0,0,0,0,0,0,0,0,0,0,0,0,0,0,0,2026-10-05
https://openalex.org/W4387838713,https://doi.org/10.48550/arxiv.2310.12559,2023,3,preprint,1,1,0,328,0,,Application of quantum neural network model to a multivariate regression problem,0,1,0,0,0,0,0,0,0,1,0,0,0,0,0,0,0,0,0,0,0,0,0,0,2026-10-05
https://openalex.org/W4388775334,https://doi.org/10.3390/math11224678,2023,3,article,0,1,0,,0,,Dimensionality Reduction with Variational Encoders Based on Subsystem Purification,1,1,1,1,0,1,1,0,1,1,1,1,1,0,0,0,0,0,0,0,1,0,0,0,2026-10-05
https://openalex.org/W4392060538,https://doi.org/10.1051/e3sconf/202449404024,2024,3,conference-paper,1,1,0,329,0,,Application of quantum technology Variational Quantum Classifier in agriculture for classification of wheat varieties,0,0,0,0,0,0,0,0,0,0,0,0,0,0,0,0,0,0,0,0,0,0,0,0,2026-10-05
https://openalex.org/W4392380028,https://doi.org/10.36227/techrxiv.170957143.35528682/v1,2024,3,preprint,1,1,0,330,0,,Hybrid Quantum Neural Network Advantage for Radar-Based Drone Detection and Classification in Low Signal-to-Noise Ratio,0,0,0,0,0,0,0,0,0,0,0,0,0,0,0,0,0,0,0,0,0,0,0,0,2026-10-05
https://openalex.org/W4392812490,https://doi.org/10.1007/978-3-031-55326-4_14,2024,3,conference-paper,0,0,0,,0,,Weight Re-mapping for Variational Quantum Algorithms,0,0,0,0,0,0,0,0,0,0,0,0,0,0,0,0,0,0,0,0,0,0,0,0,2026-10-05
https://openalex.org/W4392845437,https://doi.org/10.2139/ssrn.4756044,2024,3,preprint,0,0,0,,0,,Beyond Limits: Charting New Horizons in Glioma Tumor Classification Through Hybrid Quantum Computing with the Cancer Genome Atlas (TCGA) Data,0,0,0,0,0,0,0,0,0,0,0,0,0,0,0,0,0,0,0,0,0,0,0,0,2026-10-05
https://openalex.org/W4394976356,https://doi.org/10.1007/s42001-024-00276-5,2024,3,article,0,0,0,,0,,Classical-quantum hybrid transfer learning for adverse drug reaction detection from social media posts,0,0,0,0,0,0,0,0,0,0,0,0,0,0,0,0,0,0,0,0,0,0,0,0,2026-10-05
https://openalex.org/W4396986691,https://doi.org/10.48550/arxiv.2405.08917,2024,3,preprint,1,1,0,331,0,,Feature Importance and Explainability in Quantum Machine Learning,0,0,0,0,0,0,0,0,0,0,0,0,0,0,0,0,0,0,0,0,0,0,0,0,2026-10-05
https://openalex.org/W4398767309,https://doi.org/10.1007/s11128-024-04426-6,2024,3,article,0,0,0,,0,,Synthesis of quantum circuits based on supervised learning and correlations,0,0,0,0,0,0,0,0,0,0,0,0,0,0,0,0,0,0,0,0,0,0,0,0,2026-10-05
https://openalex.org/W4399418320,https://doi.org/10.48550/arxiv.2406.02229,2024,3,preprint,0,1,0,,0,,Hybrid Quantum-Classical Convolutional Neural Networks for Image Classification in Multiple Color Spaces,0,1,1,0,0,0,1,0,0,1,1,0,0,0,0,0,0,0,0,0,0,0,0,0,2026-10-05
https://openalex.org/W4400518590,https://doi.org/10.48550/arxiv.2407.06226,2024,3,preprint,1,1,0,332,0,,Quantum Machine Learning with Application to Progressive Supranuclear Palsy Network Classification,0,0,0,0,0,0,0,0,0,0,0,0,0,0,0,0,0,0,0,0,0,0,0,0,2026-10-05
https://openalex.org/W4400930202,https://doi.org/10.47001/irjiet/2024.805042,2024,3,article,1,1,0,333,0,,Quantum-Assisted Machine Learning for Enhanced Fraud Detection in Cybersecurity,1,1,0,0,1,0,0,0,1,0,0,0,0,0,0,0,0,0,0,0,0,0,0,0,2026-10-05
https://openalex.org/W4401706926,https://doi.org/10.1007/978-3-031-68617-7_11,2024,3,conference-paper,0,0,0,,0,,Quantum Graph Neural Networks Based Protein-Ligand Classification,0,0,0,0,0,0,0,0,0,0,0,0,0,0,0,0,0,0,0,0,0,0,0,0,2026-10-05
https://openalex.org/W4401754107,https://doi.org/10.1109/qcnc62729.2024.00024,2024,3,conference-paper,1,1,0,334,0,,Parity-Based Amplitude Embedding for Rational Quantum Dataset Preprocessing,1,0,0,0,1,0,0,0,1,0,0,0,1,0,0,0,1,0,0,0,1,0,0,0,2026-10-05
https://openalex.org/W4402196612,https://doi.org/10.1145/3660318.3660325,2024,3,conference-paper,1,1,0,335,0,,Quantum Transfer Learning for Sentiment Analysis: an experiment on an Italian corpus,1,0,0,0,0,0,0,0,1,0,0,0,0,0,0,0,0,0,0,0,0,0,0,0,2026-10-05
https://openalex.org/W4402910896,https://doi.org/10.1088/2058-9565/ad80bd,2024,3,article,1,1,0,336,0,,A modified lightweight quantum convolutional neural network for malicious code detection,0,0,0,0,0,0,0,0,0,0,0,0,0,0,0,0,0,0,0,0,0,0,0,0,2026-10-05
https://openalex.org/W4403864951,https://doi.org/10.1109/acet61898.2024.10730182,2024,3,conference-paper,1,1,0,337,0,,Hyperspectral Image Classification Using Quantum Machine Learning,0,0,0,0,0,0,0,0,0,0,0,0,0,0,0,0,0,0,0,0,0,0,0,0,2026-10-05
https://openalex.org/W4404014535,https://doi.org/10.2118/222257-ms,2024,3,conference-paper,1,1,0,338,0,,An Efficient Quantum Neural Network Model for Prediction of Carbon Dioxide CO2 Sequestration in Saline Aquifers,1,1,1,1,0,1,1,0,1,1,1,1,0,0,0,0,0,0,0,0,0,0,0,0,2026-10-05
https://openalex.org/W4404420835,https://doi.org/10.1007/s42484-024-00218-4,2024,3,article,0,0,0,,0,,Sarcopenia risk prediction and feature selection by using quantum machine learning algorithms,0,0,0,0,0,0,0,0,0,0,0,0,0,0,0,0,0,0,0,0,0,0,0,0,2026-10-05
https://openalex.org/W4404898170,https://doi.org/10.21203/rs.3.rs-5442273/v1,2024,3,preprint,0,0,0,,0,,Leveraging Pre-Trained Neural Networks to Enhance Machine Learning with Variational Quantum Circuits,0,0,0,0,0,0,0,0,0,0,0,0,0,0,0,0,0,0,0,0,0,0,0,0,2026-10-05
https://openalex.org/W4405799476,https://doi.org/10.20535/2786-8729.5.2024.318743,2024,3,article,1,1,0,339,0,,Effectiveness of Hybrid Quantum-Classical and Quanvolutional Neural Networks for image classification,0,0,0,0,0,0,0,0,0,0,0,0,0,0,0,0,0,0,0,0,0,0,0,0,2026-10-05
https://openalex.org/W4405907789,https://doi.org/10.1109/csrswtc64338.2024.10811600,2024,3,conference-paper,0,1,0,,0,,Hybrid Neural Network Based on Parameterized Quantum Circuits for Image Classification,1,1,0,0,0,0,0,0,1,0,0,0,0,0,0,0,0,0,0,0,0,0,0,0,2026-10-05
https://openalex.org/W4405975596,https://doi.org/10.1109/sec62691.2024.00053,2024,3,conference-paper,1,1,0,340,0,,A Comparison Between Classical and Quantum Machine Learning for Mobile App Traffic Classification,1,0,0,0,0,0,0,0,1,0,0,0,0,0,0,0,0,0,0,0,0,0,0,0,2026-10-05
https://openalex.org/W4406189128,https://doi.org/10.30574/wjarr.2023.17.1.0017,2023,3,article,1,1,0,341,0,,"Revolutionizing multimodal healthcare diagnosis, treatment pathways, and prognostic analytics through quantum neural networks",0,1,0,0,0,0,0,0,0,0,0,0,0,0,0,0,0,0,0,0,0,0,0,0,2026-10-05
https://openalex.org/W4406261235,https://doi.org/10.1109/qce60285.2024.00200,2024,3,conference-paper,1,1,0,342,0,,"MQML: Multi-Omic Quantum Machine Learning Based Cancer Classification, Biomarker Identification in Human Lung Adenocarcinoma",1,0,1,0,0,0,1,0,1,0,1,0,0,0,0,0,0,0,0,0,0,0,0,0,2026-10-05
https://openalex.org/W4406287312,https://doi.org/10.1007/s11227-024-06875-3,2025,3,article,0,0,0,,0,,Evolutionary-enhanced quantum supervised learning model,0,0,0,0,0,0,0,0,0,0,0,0,0,0,0,0,0,0,0,0,0,0,0,0,2026-10-05
https://openalex.org/W4406356041,https://doi.org/10.1109/wcsp62071.2024.10827420,2024,3,conference-paper,1,1,0,343,0,,Training Quantum Self-Attention Model in Near-Term Quantum Computer,0,1,0,0,0,0,0,0,0,1,0,0,0,0,0,0,0,0,0,0,0,0,0,0,2026-10-05
https://openalex.org/W4406840996,https://doi.org/10.48550/arxiv.2501.14412,2025,3,preprint,1,1,0,344,0,,Quantum Neural Networks: A Comparative Analysis and Noise Robustness Evaluation,0,1,0,0,0,0,0,0,0,0,0,0,0,0,0,0,0,0,0,0,0,0,0,0,2026-10-05
https://openalex.org/W4408350857,https://doi.org/10.54216/jisiot.160206,2025,3,article,1,1,0,345,0,,Leveraging Quantum Neural Networks with Deep Learning Based Edge Detection Model for Breast Cancer Screening using Digital Mammograms,0,0,1,0,0,0,1,0,0,0,1,0,0,0,0,0,0,0,0,0,0,0,0,0,2026-10-05
https://openalex.org/W4408650001,https://doi.org/10.1002/qute.202400700,2025,3,article,1,1,0,346,0,,Hybrid Quantum‐Classical Inception Neural Network for Image Classification,0,1,0,0,0,1,0,0,0,1,0,0,0,0,0,0,0,0,0,0,0,0,0,0,2026-10-05
https://openalex.org/W4409342224,https://doi.org/10.1051/bioconf/202517202002,2025,3,conference-paper,1,1,0,347,0,,Quantum AI: A Cognitive Machine Learning Technique based on Nurturing Food Security Sustainability Predictive Analysis for Life Science - Bioengineering in Healthcare,0,0,0,0,0,0,0,0,0,0,0,0,0,0,0,0,0,0,0,0,0,0,0,0,2026-10-05
https://openalex.org/W4410817321,https://doi.org/10.3390/electronics14112189,2025,3,article,1,1,0,348,0,,The Proposal of a Fully Quantum Neural Network and Fidelity-Driven Training Using Directional Gradients for Multi-Class Classification,1,1,1,0,0,0,0,0,1,0,1,0,0,0,1,0,0,0,0,0,0,0,1,0,2026-10-05
https://openalex.org/W4411025404,https://doi.org/10.1103/physreva.111.062405,2025,3,article,1,1,0,349,0,,Nonlinear classification capability of quantum neural networks due to emergent quantum metastability,0,1,0,0,0,0,0,0,0,1,0,0,0,0,0,0,0,0,0,0,0,0,0,0,2026-10-05
https://openalex.org/W4411507329,https://doi.org/10.1016/j.future.2025.107966,2025,3,article,0,0,0,,0,,MPGP-QOC: Multi-programming and graph-partition-based QOC for QNN inference,0,0,0,0,0,0,0,0,0,0,0,0,0,0,0,0,0,0,0,0,0,0,0,0,2026-10-05
https://openalex.org/W4411513427,https://doi.org/10.1016/j.ibmed.2025.100264,2025,3,article,1,1,0,350,0,,Optimizing melanoma diagnosis: A hybrid deep learning and quantum computing approach for enhanced lesion classification,0,0,0,0,0,0,0,0,0,0,0,0,0,0,0,0,0,0,0,0,0,0,0,0,2026-10-05
https://openalex.org/W4413096901,https://doi.org/10.1109/ccict65753.2025.00048,2025,3,conference-paper,1,1,0,351,0,,Enhancing Data Classification with Hybrid QNNs and Quantum Feature Maps in Google Cirq,1,0,0,0,1,0,0,0,1,0,0,0,1,0,0,0,1,0,0,0,1,0,0,0,2026-10-05
https://openalex.org/W4413098688,https://doi.org/10.1109/ariia63345.2024.11051521,2024,3,conference-paper,1,1,0,352,0,,Quantum Machine Learning: Enhancing Algorithms through Quantum Neural Networks and Data Analysis,0,0,0,0,0,0,0,0,0,0,0,0,0,0,0,0,0,0,0,0,0,0,0,0,2026-10-05
https://openalex.org/W4413275427,https://doi.org/10.1016/j.engappai.2025.111972,2025,3,article,0,0,0,,0,,Quantum-enhanced deep lightweight object detection model for power tower base occlusion detection,0,0,0,0,0,0,0,0,0,0,0,0,0,0,0,0,0,0,0,0,0,0,0,0,2026-10-05
https://openalex.org/W4413414558,https://doi.org/10.1103/y8wr-yml4,2025,3,article,1,1,0,353,0,,Neural Quantum Embedding via Deterministic Quantum Computation with One Qubit,1,0,0,0,1,0,0,0,1,0,0,0,1,0,0,0,1,0,0,0,1,0,0,0,2026-10-05
https://openalex.org/W4413823257,https://doi.org/10.1109/qsw67625.2025.00013,2025,3,conference-paper,1,1,0,354,0,,Multi-VQC: A Novel QML Approach for Enhancing Healthcare Classification,0,0,0,1,0,0,0,0,0,0,0,1,0,0,0,0,0,0,0,0,0,0,0,0,2026-10-05
https://openalex.org/W4413894405,https://doi.org/10.1038/s41598-025-17651-5,2025,3,article,1,1,0,355,0,,A repetitive amplitude encoding method for enhancing the mapping ability of quantum neural networks,1,0,0,0,1,0,0,0,1,0,0,0,1,0,0,0,1,0,0,0,1,0,0,0,2026-10-05
https://openalex.org/W4413925556,https://doi.org/10.1109/access.2025.3605175,2025,3,article,1,1,0,356,0,,Hybrid Quantum–Classical Framework for Urban Traffic State Classification,0,0,0,0,0,0,0,0,0,0,0,0,0,0,0,0,0,0,0,0,0,0,0,0,2026-10-05
https://openalex.org/W4414271472,https://doi.org/10.1109/ncim65934.2025.11160275,2025,3,conference-paper,0,1,0,,0,,Quanvolutional Neural Networks for Pneumonia Detection: An Efficient Quantum-Assisted Feature Extraction Paradigm,1,1,0,0,1,0,0,0,1,0,0,0,0,0,0,0,0,0,0,0,0,0,0,0,2026-10-05
https://openalex.org/W4414368709,https://doi.org/10.1007/978-3-032-05169-1_42,2025,3,conference-paper,1,0,0,,0,,NQNN: Noise-Aware Quantum Neural Networks for Medical Image Classification,0,0,0,0,0,0,0,0,0,0,0,0,0,0,0,0,0,0,0,0,0,0,0,0,2026-10-05
https://openalex.org/W4414872314,https://doi.org/10.1103/l8y2-87vq,2025,3,article,1,1,0,357,0,,One particle - one qubit: Particle physics data encoding for quantum machine learning,1,0,1,0,1,0,1,0,1,0,1,0,1,0,0,0,1,0,0,0,1,0,0,0,2026-10-05
https://openalex.org/W4415089442,https://doi.org/10.1109/qai63978.2025.00060,2025,3,conference-paper,1,1,0,358,0,,Evaluating Variational Quantum Circuit Architectures for Distributed Quantum Computing,0,1,0,0,0,1,0,0,0,1,0,0,0,1,0,0,0,1,0,0,0,1,0,0,2026-10-05
https://openalex.org/W4415155308,https://doi.org/10.1103/41z8-d3h9,2025,3,article,1,1,0,359,0,,Classical autoencoder distillation of quantum adversarial manipulations,0,0,1,0,0,0,0,0,0,0,1,0,0,0,0,0,0,0,0,0,0,0,0,0,2026-10-05
https://openalex.org/W4415197661,https://doi.org/10.48550/arxiv.2505.05957,2025,3,preprint,0,1,0,,0,,Efficient Quantum Convolutional Neural Networks for Image Classification: Overcoming Hardware Constraints,1,1,0,0,1,1,0,0,1,1,0,0,0,0,0,0,0,0,0,0,0,0,0,0,2026-10-05
https://openalex.org/W4415300834,https://doi.org/10.1007/s11227-025-07965-6,2025,3,article,0,0,0,,0,,Sentiment analysis of movie reviews based on quantum convolutional neural networks,0,0,0,0,0,0,0,0,0,0,0,0,0,0,0,0,0,0,0,0,0,0,0,0,2026-10-05
https://openalex.org/W4416004068,https://doi.org/10.1145/3731599.3767540,2025,3,conference-paper,1,1,0,360,0,,Post-Variational Quantum Neural Networks on a Hybrid HPC-QC System,0,0,1,0,0,0,1,0,0,0,1,0,0,0,0,0,0,0,0,0,0,0,0,0,2026-10-05
https://openalex.org/W4416414965,https://doi.org/10.1007/978-981-96-7742-9_20,2025,3,conference-paper,0,0,0,,0,,An Ensemble Framework Approach of Hybrid Quantum Convolutional Neural Networks for Classification of Breast Cancer Images,0,0,0,0,0,0,0,0,0,0,0,0,0,0,0,0,0,0,0,0,0,0,0,0,2026-10-05
https://openalex.org/W4416419386,https://doi.org/10.1140/epjqt/s40507-025-00440-4,2025,3,article,1,1,0,361,0,,Quantum-assisted federated learning for radar-based object tracking in IoT-enabled environments,1,0,0,0,1,0,0,0,1,0,0,0,0,0,0,0,0,0,0,0,0,0,0,0,2026-10-05
https://openalex.org/W4416421143,https://doi.org/10.1007/s42484-025-00336-7,2025,3,article,1,1,0,362,0,,Quantum neural networks in practice: a comparative study with classical models from standard data sets to industrial images,0,1,0,0,0,0,0,0,0,1,0,0,0,0,0,0,0,0,0,0,0,0,0,0,2026-10-05
https://openalex.org/W4416766248,https://doi.org/10.3390/e27121201,2025,3,article,1,1,0,363,0,,Quantum AI in Speech Emotion Recognition,1,0,0,0,1,0,0,0,1,0,0,0,0,0,0,0,0,0,0,0,0,0,0,0,2026-10-05
https://openalex.org/W4416874020,https://doi.org/10.1109/qce65121.2025.00221,2025,3,conference-paper,1,1,0,364,0,,Stochastic Entanglement Configuration for Constructive Entanglement Topologies in Quantum Machine Learning with Application to Cardiac MRI,0,1,0,0,0,0,0,0,0,0,0,0,0,1,0,0,0,0,0,0,0,0,0,0,2026-10-05
https://openalex.org/W4416875200,https://doi.org/10.1109/qce65121.2025.00192,2025,3,conference-paper,1,1,0,365,0,,Neural Architecture Search for Quantum Autoencoders,0,1,0,0,0,1,0,0,0,1,0,0,0,1,0,0,0,1,0,0,0,1,0,0,2026-10-05
https://openalex.org/W4416875228,https://doi.org/10.1109/qce65121.2025.00165,2025,3,conference-paper,1,1,0,366,0,,Distributed Quantum Neural Networks on Distributed Photonic Quantum Computing,0,1,1,1,0,0,1,0,0,1,1,1,0,0,0,0,0,0,0,0,0,0,0,0,2026-10-05
https://openalex.org/W4416998069,https://doi.org/10.3390/computers14120529,2025,3,article,1,1,0,367,0,,Quantum Neural Networks in Magnetic Resonance Imaging: Advancing Diagnostic Precision Through Emerging Computational Paradigms,0,0,0,0,0,0,0,0,0,0,0,0,0,0,0,0,0,0,0,0,0,0,0,0,2026-10-05
https://openalex.org/W7117658420,https://doi.org/10.3390/bdcc10010012,2025,3,article,0,1,0,,0,,QU-Net: Quantum-Enhanced U-Net for Self Supervised Embedding and Classification of Skin Cancer Images,1,1,0,0,1,0,0,0,1,1,0,0,1,0,0,0,0,0,0,0,1,0,0,0,2026-10-05
https://openalex.org/W7125607713,https://doi.org/10.1109/ssitcon66133.2025.11341965,2025,3,conference-paper,1,0,0,,0,,Comprehensive Comparative Analysis of Variational Quantum Classifier and Quantum Kernel SVM Under NISQ Noise with Classical Baseline and Statistical Significance Evaluation,0,0,0,0,0,0,0,0,0,0,0,0,0,0,0,0,0,0,0,0,0,0,0,0,2026-10-05
https://openalex.org/W4206231426,https://doi.org/10.32604/cmc.2022.024364,2022,2,article,1,1,0,368,0,,Fusion Based Tongue Color Image Analysis Model for Biomedical Applications,0,0,1,0,0,0,1,0,0,0,1,0,0,0,0,0,0,0,0,0,0,0,0,0,2026-10-05
https://openalex.org/W4221147157,https://doi.org/10.48550/arxiv.2201.01246,2022,2,preprint,1,1,0,369,0,,Efficient Quantum Feature Extraction for CNN-based Learning,1,1,0,0,1,1,0,0,1,1,0,0,0,0,0,0,0,0,0,0,0,0,0,0,2026-10-05
https://openalex.org/W4282813218,https://doi.org/10.21203/rs.3.rs-1726057/v1,2022,2,preprint,1,1,0,370,0,,Theoretical Error Performance Analysis for Variational Quantum Circuit Based Functional Regression,0,0,0,0,0,0,0,0,0,0,0,0,0,0,0,0,0,0,0,0,0,0,0,0,2026-10-05
https://openalex.org/W4283316469,https://doi.org/10.48550/arxiv.2206.09641,2022,2,preprint,1,1,0,371,0,,Classical Splitting of Parametrized Quantum Circuits,0,1,1,1,0,1,1,1,0,1,1,1,0,0,0,0,0,0,0,0,0,0,0,0,2026-10-05
https://openalex.org/W4293464053,https://doi.org/10.21203/rs.3.rs-1976737/v1,2022,2,preprint,0,1,0,,0,,Quantum adversarial metric learning model based on triplet loss function,0,1,1,0,0,0,0,0,0,0,1,0,0,0,0,0,0,0,0,0,0,0,0,0,2026-10-05
https://openalex.org/W4298182858,https://doi.org/10.48550/arxiv.2209.14449,2022,2,preprint,0,1,0,,0,,Parameterized Quantum Circuits with Quantum Kernels for Machine Learning: A Hybrid Quantum-Classical Approach,1,0,1,0,0,0,1,0,1,0,1,0,0,0,0,0,0,0,0,0,0,0,0,0,2026-10-05
https://openalex.org/W4304140399,https://doi.org/10.21203/rs.3.rs-2136572/v1,2022,2,preprint,0,1,0,,0,,Variational Quantum Approximate Support Vector Machine With Inference Transfer,0,0,0,0,0,0,0,0,0,0,0,0,0,0,0,0,0,0,0,0,0,0,0,0,2026-10-05
https://openalex.org/W4309129272,https://doi.org/10.48550/arxiv.2211.06524,2022,2,preprint,1,1,0,372,0,,Quantum Split Neural Network Learning using Cross-Channel Pooling,0,0,0,0,0,0,0,0,0,0,0,0,0,0,0,0,0,0,0,0,0,0,0,0,2026-10-05
https://openalex.org/W4313447602,https://doi.org/10.48550/arxiv.2212.14807,2022,2,preprint,1,1,0,373,0,,Improving Convergence for Quantum Variational Classifiers using Weight Re-Mapping,0,0,1,0,0,0,1,0,0,0,1,0,0,0,0,0,0,0,0,0,0,0,0,0,2026-10-05
https://openalex.org/W4317832236,https://doi.org/10.48550/arxiv.2301.08292,2023,2,preprint,1,1,0,374,0,,Quantum HyperNetworks: Training Binary Neural Networks in Quantum Superposition,0,1,0,0,0,0,0,0,0,1,0,0,0,0,0,0,0,0,0,0,0,0,0,0,2026-10-05
https://openalex.org/W4318239429,https://doi.org/10.48550/arxiv.2301.10433,2023,2,preprint,1,1,0,375,0,,Delegated variational quantum algorithms based on quantum homomorphic encryption,0,1,0,0,0,1,0,0,0,1,0,0,0,0,0,0,0,0,0,0,0,0,0,0,2026-10-05
https://openalex.org/W4319788517,https://doi.org/10.1088/1674-1056/acb9fb,2023,2,article,0,1,0,,0,,Variational quantum semi-supervised classifier based on label propagation,0,1,0,1,0,0,0,0,0,1,0,1,0,0,0,0,0,0,0,0,0,0,0,0,2026-10-05
https://openalex.org/W4323526541,https://doi.org/10.1145/3545947.3573288,2022,2,conference-abstract,1,1,0,376,0,,Malware Classification and Detection using Quantum Neural Network (QNN),0,0,0,0,0,0,0,0,0,0,0,0,0,0,0,0,0,0,0,0,0,0,0,0,2026-10-05
https://openalex.org/W4323557134,https://doi.org/10.48550/arxiv.2303.02469,2023,2,preprint,1,1,0,377,0,,Variational Quantum Classifiers for Natural-Language Text,1,0,0,0,0,0,0,0,1,0,0,0,0,0,0,0,0,0,0,0,0,0,0,0,2026-10-05
https://openalex.org/W4361799420,https://doi.org/10.1007/978-981-19-9530-9_10,2023,2,book-chapter,1,0,0,,0,,Quantum Neural Network for Image Classification Using TensorFlow Quantum,0,0,0,0,0,0,0,0,0,0,0,0,0,0,0,0,0,0,0,0,0,0,0,0,2026-10-05
https://openalex.org/W4361807569,https://doi.org/10.1007/978-981-19-9530-9_23,2023,2,book-chapter,0,0,0,,0,,Implications of Deep Circuits in Improving Quality of Quantum Question Answering,0,0,0,0,0,0,0,0,0,0,0,0,0,0,0,0,0,0,0,0,0,0,0,0,2026-10-05
https://openalex.org/W4366782644,https://doi.org/10.54097/fcis.v3i2.7524,2023,2,article,1,1,0,378,0,,Quantum fuzzy neural network based on fuzzy number,0,0,0,0,0,0,0,0,0,0,0,0,0,0,0,0,0,0,0,0,0,0,0,0,2026-10-05
https://openalex.org/W4367183503,https://doi.org/10.21203/rs.3.rs-2584797/v1,2023,2,preprint,1,1,0,379,0,,Realization of a quantum neural network using repeat-until-success circuits in a superconducting quantum processor,0,0,0,0,0,0,0,0,0,0,0,0,0,0,0,0,0,0,0,0,0,0,0,0,2026-10-05
https://openalex.org/W4377027617,https://doi.org/10.20944/preprints202305.0833.v2,2023,2,preprint,1,1,0,380,0,,On the Applicability of Quantum Machine Learning,1,0,0,0,1,0,0,0,1,0,0,0,0,0,0,0,0,0,0,0,0,0,0,0,2026-10-05
https://openalex.org/W4378551644,https://doi.org/10.1007/978-981-19-9483-8_25,2023,2,book-chapter,0,0,0,,0,,Quantum-Inspired Neural Network on Handwriting Datasets,0,0,0,0,0,0,0,0,0,0,0,0,0,0,0,0,0,0,0,0,0,0,0,0,2026-10-05
https://openalex.org/W4384664584,https://doi.org/10.1007/s11082-023-05154-4,2023,2,article,0,0,0,,0,,RETRACTED ARTICLE: Empowering an IoT platform with advance quantum computing and a Customized deep residual technique,0,0,0,0,0,0,0,0,0,0,0,0,0,0,0,0,0,0,0,0,0,0,0,0,2026-10-05
https://openalex.org/W4385190246,https://doi.org/10.1145/3583133.3596302,2023,2,conference-paper,1,1,0,381,0,,Quantum Enhancements for AlphaZero,0,0,0,0,0,0,0,0,0,0,0,0,0,0,0,0,0,0,0,0,0,0,0,0,2026-10-05
https://openalex.org/W4386229323,https://doi.org/10.1007/978-3-031-39117-0_46,2023,2,conference-paper,0,0,0,,0,,City Scale Seismic-Damage Prediction of Buildings Using Quantum Neural Network,0,0,0,0,0,0,0,0,0,0,0,0,0,0,0,0,0,0,0,0,0,0,0,0,2026-10-05
https://openalex.org/W4386357401,https://doi.org/10.48550/arxiv.2308.16005,2023,2,preprint,1,1,0,382,0,,Hybrid Quantum Neural Network Structures for Image Multi-classification,1,0,1,0,1,0,1,0,1,0,1,0,0,0,0,0,0,0,0,0,0,0,0,0,2026-10-05
https://openalex.org/W4386580788,https://doi.org/10.47974/jdmsc-1739,2023,2,article,1,1,0,383,0,,A novel intrusion detection system in cloud infrastructure using deep learning technique,0,0,0,0,0,0,0,0,0,0,0,0,0,0,0,0,0,0,0,0,0,0,0,0,2026-10-05
https://openalex.org/W4387799987,https://doi.org/10.48550/arxiv.2310.11353,2023,2,preprint,1,1,0,384,0,,Hybrid quantum-classical graph neural networks for tumor classification in digital pathology,1,0,0,0,1,0,0,0,1,0,0,0,0,0,0,0,0,0,0,0,0,0,0,0,2026-10-05
https://openalex.org/W4388037896,https://doi.org/10.1109/asyu58738.2023.10296812,2023,2,conference-paper,1,1,0,385,0,,Binary Classification with Variational Quantum Circuit,1,1,0,0,1,1,0,0,1,1,0,0,0,0,0,0,0,0,0,0,0,0,0,0,2026-10-05
https://openalex.org/W4388469562,https://doi.org/10.1063/5.0179294,2023,2,conference-paper,1,0,0,,0,,Tuning variational quantum classifier with automated design,0,0,0,0,0,0,0,0,0,0,0,0,0,0,0,0,0,0,0,0,0,0,0,0,2026-10-05
https://openalex.org/W4389160939,https://doi.org/10.1109/qce57702.2023.00099,2023,2,conference-paper,1,1,0,386,0,,Toward Consistent High-Fidelity Quantum Learning on Unstable Devices via Efficient In-Situ Calibration,0,0,0,0,0,0,0,0,0,0,0,0,0,0,0,0,0,0,0,0,0,0,0,0,2026-10-05
https://openalex.org/W4389215142,https://doi.org/10.1145/3617570.3617865,2023,2,conference-paper,1,1,0,387,0,,Securing Smart Cities: Unraveling Quantum as a Service,0,0,0,0,0,0,0,0,0,0,0,0,0,0,0,0,0,0,0,0,0,0,0,0,2026-10-05
https://openalex.org/W4389217548,https://doi.org/10.48550/arxiv.2311.17458,2023,2,preprint,1,1,0,388,0,,Quantum Neural Networks under Depolarization Noise: Exploring White-Box Attacks and Defenses,0,0,0,0,0,0,0,0,0,0,0,0,0,0,0,0,0,0,0,0,0,0,0,0,2026-10-05
https://openalex.org/W4390145057,https://doi.org/10.1002/cpe.7946,2023,2,article,1,1,0,389,0,,IFATA‐Deep net: Improved invasive feedback artificial tree algorithm with deep quantum neural network for root disease classification,0,0,0,0,0,0,0,0,0,0,0,0,0,0,0,0,0,0,0,0,0,0,0,0,2026-10-05
https://openalex.org/W4390643545,https://doi.org/10.1016/j.procs.2023.12.111,2023,2,conference-paper,0,1,0,,0,,QUESC: Environmental Sound classification Using Quantum Quantized Networks,0,0,0,0,0,0,0,0,0,0,0,0,0,0,0,0,0,0,0,0,0,0,0,0,2026-10-05
https://openalex.org/W4391923969,https://doi.org/10.1109/amcai59331.2023.10431508,2023,2,conference-paper,1,1,0,390,0,,A Quantum Machine Learning Approach Using an Optimized Application of Grover's Algorithm,0,0,0,0,0,0,0,0,0,0,0,0,0,0,0,0,0,0,0,0,0,0,0,0,2026-10-05
https://openalex.org/W4391939058,https://doi.org/10.7840/kics.2024.49.2.264,2024,2,article,1,1,0,391,0,,Performance Analysis of Quantum Federated Learning in Data Classification,0,0,0,0,0,0,0,0,0,0,0,0,0,0,0,0,0,0,0,0,0,0,0,0,2026-10-05
https://openalex.org/W4392384686,https://doi.org/10.1088/2632-2153/ad2fec,2024,2,article,1,1,0,392,0,,Transforming two-dimensional tensor networks into quantum circuits for supervised learning,1,1,0,0,1,1,0,0,1,1,0,0,0,0,0,0,0,0,0,0,0,0,0,0,2026-10-05
https://openalex.org/W4392863715,https://doi.org/10.1088/1674-1056/ad342e,2024,2,article,0,1,0,,0,,Design of a novel hybrid quantum deep neural network in INEQR images classification,1,0,0,1,0,0,0,0,1,0,0,1,0,0,0,0,0,0,0,0,0,0,0,0,2026-10-05
https://openalex.org/W4393975941,https://doi.org/10.1117/12.3011171,2024,2,conference-paper,1,1,0,393,0,,Current challenges of QML: a study on celestial object classification using real IBM quantum computers,0,0,0,0,0,0,0,0,0,0,0,0,0,0,0,0,0,0,0,0,0,0,0,0,2026-10-05
https://openalex.org/W4394689065,https://doi.org/10.1177/09544062241240395,2024,2,article,1,1,0,394,0,,Multilevel-thermoplastic waste segregation using Archimedes Henry gas solubility trained deep quantum network,0,0,0,0,0,0,0,0,0,0,0,0,0,0,0,0,0,0,0,0,0,0,0,0,2026-10-05
https://openalex.org/W4394948244,https://doi.org/10.48550/arxiv.2404.11253,2024,2,preprint,0,1,0,,0,,Bayesian Parameterized Quantum Circuit Optimization (BPQCO): A task and hardware-dependent approach,0,1,0,0,0,1,0,0,0,1,0,0,0,0,0,0,0,0,0,0,0,0,0,0,2026-10-05
https://openalex.org/W4395669703,https://doi.org/10.1140/epjp/s13360-024-05144-9,2024,2,article,1,0,0,,0,,Muon/pion identification at BESIII based on variational quantum classifier,0,0,0,0,0,0,0,0,0,0,0,0,0,0,0,0,0,0,0,0,0,0,0,0,2026-10-05
https://openalex.org/W4397016578,https://doi.org/10.3389/frqst.2024.1397130,2024,2,article,1,1,0,395,0,,Art makes quantum intuitive,1,1,1,1,0,0,1,0,1,0,1,1,0,0,0,0,0,0,0,0,0,0,0,0,2026-10-05
https://openalex.org/W4399447818,https://doi.org/10.48550/arxiv.2406.03081,2024,2,preprint,1,1,0,396,0,,A Quantum Neural Network-Based Approach to Power Quality Disturbances Detection and Recognition,1,0,0,0,0,0,0,0,1,0,0,0,0,0,0,0,0,0,0,0,0,0,0,0,2026-10-05
https://openalex.org/W4400527455,https://doi.org/10.1109/ainit61980.2024.10581781,2024,2,conference-paper,0,1,0,,0,,Quantum Transfer Learning Algorithm Based on Parameterized Quantum Circuit,0,1,0,0,0,1,0,0,0,1,0,0,0,0,0,0,0,0,0,0,0,0,0,0,2026-10-05
https://openalex.org/W4400583561,https://doi.org/10.1103/physreva.110.012433,2024,2,article,1,1,0,397,0,,Quantum Bayes classifiers and their application in image classification,0,0,0,0,0,0,0,0,0,0,0,0,0,0,0,0,0,0,0,0,0,0,0,0,2026-10-05
https://openalex.org/W4401751570,https://doi.org/10.1109/isbi56570.2024.10635849,2024,2,conference-paper,1,1,0,398,0,,Pediatric TSC-Related Epilepsy Classification from Clinical MR Images Using Quantum Neural Network,0,1,0,0,0,0,0,0,0,0,0,0,0,0,0,0,0,0,0,0,0,0,0,0,2026-10-05
https://openalex.org/W4403678571,https://doi.org/10.1109/i-smac61858.2024.10714726,2024,2,conference-paper,1,1,0,399,0,,Quantum Neural Network for Image Feature Extraction using MNIST,0,0,0,0,0,0,0,0,0,0,0,0,0,0,0,0,0,0,0,0,0,0,0,0,2026-10-05
https://openalex.org/W4403787448,https://doi.org/10.48550/arxiv.2409.15958,2024,2,preprint,1,1,0,400,0,,An ensemble framework approach of hybrid Quantum convolutional neural networks for classification of breast cancer images,0,1,1,0,0,1,1,0,0,1,1,0,0,0,0,0,0,0,0,0,0,0,0,0,2026-10-05
https://openalex.org/W4403995629,https://doi.org/10.1109/icmla61862.2024.00281,2024,2,conference-paper,1,1,0,401,0,,Utilizing a Hybrid Matrix Product State and Variational Quantum Circuit Architecture for the Detection of Kidney Diseases,0,1,0,0,0,1,0,0,0,1,0,0,0,1,0,0,0,1,0,0,0,1,0,0,2026-10-05
https://openalex.org/W4404061013,https://doi.org/10.21203/rs.3.rs-5335334/v1,2024,2,preprint,0,0,0,,0,,Diffusion-Inspired Quantum Noise Mitigation in Parameterized Quantum Circuits,0,0,0,0,0,0,0,0,0,0,0,0,0,0,0,0,0,0,0,0,0,0,0,0,2026-10-05
https://openalex.org/W4404084765,https://doi.org/10.62019/abbdm.v4i4.232,2024,2,article,1,1,0,402,0,,Investigating Quantum Machine Learning Frameworks and Simulating Quantum Approaches,1,0,1,0,1,0,0,0,1,0,1,0,0,0,0,0,0,0,0,0,0,0,0,0,2026-10-05
https://openalex.org/W4404092848,https://doi.org/10.20944/preprints202411.0364.v1,2024,2,preprint,1,1,0,403,0,,Implementation and Performance Evaluation of Quantum Machine Learning Algorithms for Binary Classification,0,1,0,0,0,0,0,0,0,0,0,0,0,0,0,0,0,0,0,0,0,0,0,0,2026-10-05
https://openalex.org/W4404242835,https://doi.org/10.1007/s11227-024-06676-8,2024,2,article,1,0,0,,0,,A high-efficiency variational quantum classifier for high-dimensional data,0,0,0,0,0,0,0,0,0,0,0,0,0,0,0,0,0,0,0,0,0,0,0,0,2026-10-05
https://openalex.org/W4404347871,https://doi.org/10.52202/079017-1004,2024,2,conference-paper,1,1,0,404,0,,Quantum Deep Equilibrium Models,0,1,1,1,0,0,0,0,0,1,1,1,0,0,0,0,0,0,0,0,0,0,0,0,2026-10-05
https://openalex.org/W4404399867,https://doi.org/10.48550/arxiv.2411.04242,2024,2,preprint,1,1,0,405,0,,Multimodal Structure-Aware Quantum Data Processing,0,0,0,0,0,0,0,0,0,0,0,0,0,0,0,0,0,0,0,0,0,0,0,0,2026-10-05
https://openalex.org/W4405047144,https://doi.org/10.1088/1402-4896/ad9ae1,2024,2,article,1,1,0,406,0,,Hybrid quantum neural network based on weight remapping and its applications,0,0,0,0,0,0,0,0,0,0,0,0,0,0,0,0,0,0,0,0,0,0,0,0,2026-10-05
https://openalex.org/W4405362562,https://doi.org/10.23919/ituk62727.2024.10772814,2024,2,conference-paper,1,1,0,407,0,,PIMA Diabetes Prediction Using Machine Learning and Quantum Machine Learning Techniques,0,1,0,0,0,0,0,0,0,0,0,0,0,0,0,0,0,0,0,0,0,0,0,0,2026-10-05
https://openalex.org/W4405709152,https://doi.org/10.1109/cybercom63683.2024.10803194,2024,2,conference-paper,1,1,0,408,0,,A Review on Prediction and Diagnosis of Mental Health Disorders Using Quantum Machine Learning Classifier,0,0,0,0,0,0,0,0,0,0,0,0,0,0,0,0,0,0,0,0,0,0,0,0,2026-10-05
https://openalex.org/W4406011341,https://doi.org/10.1149/2162-8777/ada4da,2025,2,article,1,1,0,409,0,,Design and Analysis of a Highly Sensitive Terahertz Biosensor for Early Cancer Detection Using Silver Surface Plasmon Resonance Metasurfaces and Elastic Reflection Starling Murmuration Equivariant Quantum Decision Networks,0,0,1,0,0,0,1,0,0,0,1,0,0,0,0,0,0,0,0,0,0,0,0,0,2026-10-05
https://openalex.org/W4406450015,https://doi.org/10.48550/arxiv.2501.08193,2025,2,preprint,1,1,0,410,0,,Modeling Quantum Machine Learning for Genomic Data Analysis,1,0,0,0,1,0,0,0,1,0,0,0,0,0,0,0,0,0,0,0,0,0,0,0,2026-10-05
https://openalex.org/W4406458379,https://doi.org/10.1109/bigdata62323.2024.10825774,2024,2,conference-paper,1,1,0,411,0,,Quantum Kernel Based Transient Stability Assessment of Power Systems and Its Implementation in NISQ Environment,0,0,0,0,0,0,0,0,0,0,0,0,0,0,0,0,0,0,0,0,0,0,0,0,2026-10-05
https://openalex.org/W4406459230,https://doi.org/10.1109/bigdata62323.2024.10825420,2024,2,conference-paper,1,1,0,412,0,,Energy Infrastructure Risk Modeling using Quantum and Classical Machine Learning,0,0,0,0,0,0,0,0,0,0,0,0,0,0,0,0,0,0,0,0,0,0,0,0,2026-10-05
https://openalex.org/W4406524330,https://doi.org/10.1109/dasa63652.2024.10836311,2024,2,conference-paper,1,1,0,413,0,,Precision in Dermatology: Combining U-Net and Quantum Neural Networks for Melanoma Diagnosis,0,0,0,0,0,0,0,0,0,0,0,0,0,0,0,0,0,0,0,0,0,0,0,0,2026-10-05
https://openalex.org/W4407131413,https://doi.org/10.1088/1402-4896/adb228,2025,2,article,1,1,0,414,0,,Quantum neural network classifier with differential privacy,1,0,1,0,1,0,0,0,1,0,1,0,0,0,0,0,0,0,0,0,0,0,0,0,2026-10-05
https://openalex.org/W4407784266,https://doi.org/10.1109/comsnets63942.2025.10885552,2025,2,conference-paper,1,1,0,415,0,,Implementing Hybrid Quantum Neural Networks for Accurate Wildfire Detection,0,0,0,0,0,0,0,0,0,0,0,0,0,0,0,0,0,0,0,0,0,0,0,0,2026-10-05
https://openalex.org/W4408091842,https://doi.org/10.1117/12.3060077,2025,2,conference-paper,1,1,0,416,0,,Three quantum neural network architectures for multiclass image classification,1,0,0,1,1,0,0,0,1,0,0,1,0,0,0,0,0,0,0,0,0,0,0,0,2026-10-05
https://openalex.org/W4409480783,https://doi.org/10.14428/esann/2025.es2025-91,2025,2,conference-paper,1,1,0,417,0,,Encoding hyperspectral data with low-bond dimension quantum tensor networks,1,0,0,0,0,0,0,0,1,0,0,0,1,0,0,0,0,0,0,0,1,0,0,0,2026-10-05
https://openalex.org/W4409650182,https://doi.org/10.1177/18724981251331118,2025,2,article,1,1,0,418,0,,Advanced quantum neural network-link net based intrusion detection framework and enhanced blowfish cryptography for data security,0,0,0,0,0,0,0,0,0,0,0,0,0,0,0,0,0,0,0,0,0,0,0,0,2026-10-05
https://openalex.org/W4410447589,https://doi.org/10.3233/shti250605,2025,2,book-chapter,1,1,0,419,0,,Novel Tinnitus Diagnosis: Biology and Technology for Public Health Management,0,0,0,0,0,0,0,0,0,0,0,0,0,0,0,0,0,0,0,0,0,0,0,0,2026-10-05
https://openalex.org/W4410737657,https://doi.org/10.1109/tai.2025.3573303,2025,2,article,1,1,0,420,0,,Modeling Deep Unfolded Quantum Machine Learning Framework,0,0,0,0,0,0,0,0,0,0,0,0,0,0,0,0,0,0,0,0,0,0,0,0,2026-10-05
https://openalex.org/W4410766320,https://doi.org/10.1007/978-981-96-1452-3_15,2025,2,conference-paper,0,0,0,,0,,Hybrid Neural Networks with Multi-channel Quanvolutional Input for Medical Image Classification,0,0,0,0,0,0,0,0,0,0,0,0,0,0,0,0,0,0,0,0,0,0,0,0,2026-10-05
https://openalex.org/W4411132323,https://doi.org/10.21203/rs.3.rs-6735319/v1,2025,2,preprint,0,0,0,,0,,VQC-MLPNet: An Unconventional Hybrid Quantum-Classical Architecture for Scalable and Robust Quantum Machine Learning,0,0,0,0,0,0,0,0,0,0,0,0,0,0,0,0,0,0,0,0,0,0,0,0,2026-10-05
https://openalex.org/W4411407923,https://doi.org/10.1103/c8q9-6vy7,2025,2,article,1,1,0,421,0,,Quantum active learning,1,0,0,0,0,0,0,0,1,0,0,0,0,0,0,0,0,0,0,0,0,0,0,0,2026-10-05
https://openalex.org/W4411955460,https://doi.org/10.1016/j.engappai.2025.111595,2025,2,article,0,0,0,,0,,Towards quantum audio steganalysis using synergy of quantum fourier transform and quantum neural network,0,0,0,0,0,0,0,0,0,0,0,0,0,0,0,0,0,0,0,0,0,0,0,0,2026-10-05
https://openalex.org/W4411969345,https://doi.org/10.55640/ijidml-v02i02-01,2025,2,article,1,1,0,422,0,,ADVANCING FINANCIAL PREDICTION THROUGH QUANTUM MACHINE LEARNING,0,1,1,0,0,0,1,0,0,1,1,0,0,0,0,0,0,0,0,0,0,0,0,0,2026-10-05
https://openalex.org/W4412833397,https://doi.org/10.3390/app15158300,2025,2,article,1,1,0,423,0,,Beyond Classical AI: Detecting Fake News with Hybrid Quantum Neural Networks,1,0,0,0,0,0,0,0,1,0,0,0,0,0,0,0,0,0,0,0,0,0,0,0,2026-10-05
https://openalex.org/W4412912469,https://doi.org/10.1063/5.0270673,2025,2,article,1,1,0,424,0,,Adversarial attacks on hybrid classical-quantum deep learning models for histopathological cancer detection,0,0,1,0,0,0,0,0,0,0,1,0,0,0,0,0,0,0,0,0,0,0,0,0,2026-10-05
https://openalex.org/W4413066673,https://doi.org/10.1109/ginotech63460.2025.11077093,2025,2,conference-paper,1,1,0,425,0,,Hybrid Machine Learning Frameworks: Integrating Quantum and Classical Approaches for IOT,0,0,0,0,0,0,0,0,0,0,0,0,0,0,0,0,0,0,0,0,0,0,0,0,2026-10-05
https://openalex.org/W4413129428,https://doi.org/10.3126/jsce.v12i1.82365,2025,2,article,1,1,0,426,0,,Brain Tumor Classification Using Hybrid Classical-Quantum Transfer Learning,0,1,0,0,0,0,0,0,0,0,0,0,0,0,0,0,0,0,0,0,0,0,0,0,2026-10-05
https://openalex.org/W4413179223,https://doi.org/10.1111/mice.70038,2025,2,article,0,1,0,,0,,Hybrid quantum‐classical convolutional models for image‐based infrastructure inspection and assessment,1,0,1,1,0,0,1,1,1,0,1,1,0,0,0,0,0,0,0,0,0,0,0,0,2026-10-05
https://openalex.org/W4413311627,https://doi.org/10.1145/3749096.3750027,2025,2,conference-paper,1,1,0,427,0,,Towards Blind Quantum Machine Learning in Entanglement Networks,0,1,0,0,0,0,0,0,0,0,0,0,0,1,0,0,0,0,0,0,0,0,0,0,2026-10-05
https://openalex.org/W4413623049,https://doi.org/10.1007/s42484-025-00308-x,2025,2,article,0,1,0,,0,,Bayesian Parameterized Quantum Circuit Optimization (BPQCO): a task and hardware-dependent approach,0,1,0,0,0,1,0,0,0,1,0,0,0,0,0,0,0,0,0,0,0,0,0,0,2026-10-05
https://openalex.org/W4413876331,https://doi.org/10.1088/2058-9565/ae0123,2025,2,article,0,1,0,,0,,Typical machine learning datasets as low-depth quantum circuits,1,0,0,0,0,0,0,0,1,0,0,0,0,0,0,0,0,0,0,0,0,0,0,0,2026-10-05
https://openalex.org/W4414080424,https://doi.org/10.1109/lsp.2025.3606843,2025,2,article,0,1,0,,0,,HQCC: A Hybrid Quantum-Classical Classifier With Adaptive Structure,0,1,0,0,0,0,0,0,0,1,0,0,0,0,0,0,0,0,0,0,0,0,0,0,2026-10-05
https://openalex.org/W4414198228,https://doi.org/10.1109/icodsa67155.2025.11157288,2025,2,conference-paper,1,1,0,428,0,,Hybrid Quantum-Classical Neural Network for Breast Cancer Detection,0,1,0,0,0,0,0,0,0,1,0,0,0,0,0,0,0,0,0,0,0,0,0,0,2026-10-05
https://openalex.org/W4414263056,https://doi.org/10.1142/s0129183125430041,2025,2,article,1,1,0,429,0,,Quantum-enhanced brain tumor detection using QSVM and VQC,0,0,0,0,0,0,0,0,0,0,0,0,0,0,0,0,0,0,0,0,0,0,0,0,2026-10-05
https://openalex.org/W4414405756,https://doi.org/10.1109/qccl65142.2025.11158317,2025,2,conference-paper,1,1,0,430,0,,Quantum Surrogate-Driven Image Classifier: a Gradient-Free Approach to Avoid Barren Plateaus,0,0,1,1,0,0,1,0,0,0,1,1,0,0,1,0,0,0,1,0,0,0,1,0,2026-10-05
https://openalex.org/W4414464905,https://doi.org/10.1109/isci65687.2025.11167361,2025,2,conference-paper,1,1,0,431,0,,Quantum-Enhanced Hybrid CNN–QNN Framework for Intelligent Rice Disease Diagnosis and Real-Time Field Recommendations on Edge AI Devices,0,0,0,0,0,0,0,0,0,0,0,0,0,0,0,0,0,0,0,0,0,0,0,0,2026-10-05
https://openalex.org/W4414882106,https://doi.org/10.48084/etasr.12416,2025,2,article,0,1,0,,0,,A Novel Quantum Convolution Neural Network for Image Classification Applications,1,0,0,0,1,0,0,0,1,0,0,0,0,0,0,0,0,0,0,0,0,0,0,0,2026-10-05
https://openalex.org/W4414882106,https://doi.org/10.48084/etasr.12416,2025,2,article,0,1,1,,0,,A Novel Quantum Convolution Neural Network for Image Classification Applications,1,0,0,0,1,0,0,0,1,0,0,0,0,0,0,0,0,0,0,0,0,0,0,0,2026-10-05
https://openalex.org/W4414927475,https://doi.org/10.1155/int/9911441,2025,2,article,1,1,0,432,0,,VQ‐Rice: Integrating Variational Quantum Models for Intelligent Rice Disease Classification,1,0,0,0,1,0,0,0,1,0,0,0,0,0,0,0,0,0,0,0,0,0,0,0,2026-10-05
https://openalex.org/W4415172666,https://doi.org/10.65126/jocosir.v1i4.32,2023,2,article,1,1,0,433,0,,Development of quantum neural networks for complex data classification,0,1,0,0,0,0,0,0,0,0,0,0,0,0,0,0,0,0,0,0,0,0,0,0,2026-10-05
https://openalex.org/W4415199203,https://doi.org/10.1007/s11227-025-07966-5,2025,2,article,0,0,0,,0,,AraBERT-QC: a novel quantum-based classification architecture to classify short Arabic sentences,0,0,0,0,0,0,0,0,0,0,0,0,0,0,0,0,0,0,0,0,0,0,0,0,2026-10-05
https://openalex.org/W4415457532,https://doi.org/10.3389/fmed.2025.1677234,2025,2,article,1,1,0,434,0,,QBrainNet: harnessing enhanced quantum intelligence for advanced brain stroke prediction from medical imaging,0,1,0,0,0,0,0,0,0,0,0,0,0,0,0,0,0,0,0,0,0,0,0,0,2026-10-05
https://openalex.org/W4415530199,https://doi.org/10.1088/1361-6382/ae1787,2025,2,article,1,1,0,435,0,,Quantum computing tools for fast detection of gravitational waves in the context of LISA space mission,0,1,1,0,0,1,1,0,0,1,1,0,0,0,0,0,0,0,0,0,0,0,0,0,2026-10-05
https://openalex.org/W4416067236,https://doi.org/10.1007/s42484-025-00327-8,2025,2,article,1,1,0,436,0,,Hybrid quantum tensor networks for aeroelastic applications,1,0,1,0,0,0,1,0,1,0,1,0,0,0,0,0,0,0,0,0,0,0,0,0,2026-10-05
https://openalex.org/W4416874933,https://doi.org/10.1109/qce65121.2025.00259,2025,2,conference-paper,0,1,0,,0,,"SQL2Circuits: Estimating Cardinalities, Execution Times, and Costs for SQL Queries With Quantum Natural Language Processing",1,1,1,0,0,1,1,0,1,1,1,0,0,0,0,0,0,0,0,0,0,0,0,0,2026-10-05
https://openalex.org/W4416875081,https://doi.org/10.1109/qce65121.2025.10481,2025,2,conference-paper,1,1,0,437,0,,Towards Robust Quantum Machine Learning,1,0,1,0,0,0,1,0,1,0,1,0,0,0,0,0,0,0,0,0,0,0,0,0,2026-10-05
https://openalex.org/W4416875137,https://doi.org/10.1109/qce65121.2025.10323,2025,2,conference-paper,1,1,0,438,0,,QMoE: A Quantum Mixture of Experts Framework for Scalable Quantum Neural Networks,0,1,0,0,0,0,0,0,0,1,0,0,0,0,0,0,0,0,0,0,0,0,0,0,2026-10-05
https://openalex.org/W4416991376,https://doi.org/10.1007/s11227-025-08119-4,2025,2,article,0,0,0,,0,,Hybrid quantum inception-inspired convolutional neural network for image classification,0,0,0,0,0,0,0,0,0,0,0,0,0,0,0,0,0,0,0,0,0,0,0,0,2026-10-05
https://openalex.org/W4417072532,https://doi.org/10.1007/s42484-025-00324-x,2025,2,article,0,0,0,,0,,Quantum convolution image processing by quantum wavelet transform for extraction of features,0,0,0,0,0,0,0,0,0,0,0,0,0,0,0,0,0,0,0,0,0,0,0,0,2026-10-05
https://openalex.org/W4417506855,https://doi.org/10.1016/j.eswa.2025.130859,2025,2,article,1,1,0,439,0,,A quantum-classical hybrid neural network for hate speech detection in Spanish,0,0,0,0,0,0,0,0,0,0,0,0,0,0,0,0,0,0,0,0,0,0,0,0,2026-10-05
https://openalex.org/W7106558573,https://doi.org/10.33545/26648636.2025.v7.i2c.159,2025,2,article,1,1,0,440,0,,Comparative study of amplitude versus angle encoding in gate-based quantum machine learning,1,0,0,0,1,0,0,0,1,0,0,0,1,0,0,0,1,0,0,0,1,0,0,0,2026-10-05
https://openalex.org/W7114997899,https://doi.org/10.1140/epjp/s13360-025-07148-5,2025,2,article,0,0,0,,0,,MRI-based classification of lumbar spinal stenosis using a hybrid quantum and deep learning model,0,0,0,0,0,0,0,0,0,0,0,0,0,0,0,0,0,0,0,0,0,0,0,0,2026-10-05
https://openalex.org/W7117456141,https://doi.org/10.1038/s41598-025-28582-6,2025,2,article,1,1,0,441,0,,Carbon efficient quantum AI: an empirical study of ansätz design trade-offs in QNN and QLSTM models,0,1,0,0,0,1,0,0,0,1,0,0,0,1,0,0,0,1,0,0,0,1,0,0,2026-10-05
https://openalex.org/W7125602514,https://doi.org/10.1109/qai63978.2025.00018,2025,2,conference-paper,1,1,0,442,0,,A Quantum Machine Learning Algorithm for Hazelnut Variety Recognition,0,0,1,0,0,0,0,0,0,0,1,0,0,0,0,0,0,0,0,0,0,0,0,0,2026-10-05
https://openalex.org/W7125604504,https://doi.org/10.1109/qai63978.2025.00075,2025,2,conference-paper,0,1,0,,0,,Supervised Quantum Machine Learning: A Future Outlook from Qubits to Enterprise Applications,1,0,1,0,1,0,1,0,1,0,1,0,0,0,0,0,0,0,0,0,0,0,0,0,2026-10-05
https://openalex.org/W7131218887,https://doi.org/10.1109/cict67193.2025.11399051,2025,2,conference-paper,1,1,0,443,0,,Novel Quantum Machine Learning Framework for Brain Tumor Classification from MRI Images,1,1,0,0,1,0,0,0,1,1,0,0,0,0,0,0,0,0,0,0,0,0,0,0,2026-10-05
https://openalex.org/W4210914181,https://doi.org/10.1007/978-3-030-95502-1_20,2022,1,conference-paper,0,0,0,,0,,Transfer Learning Using Variational Quantum Circuit,0,0,0,0,0,0,0,0,0,0,0,0,0,0,0,0,0,0,0,0,0,0,0,0,2026-10-05
https://openalex.org/W4220877969,https://doi.org/10.18522/2311-3103-2021-7-167-177,2022,1,article,1,1,0,444,0,,QUANTUM DEEP LEARNING OF CONVOLUTIONAL NEURAL NETWORK USING VARIATIONAL QUANTUM CIRCUIT,0,0,1,0,0,0,0,0,0,0,1,0,0,0,0,0,0,0,0,0,0,0,0,0,2026-10-05
https://openalex.org/W4221156385,https://doi.org/10.48550/arxiv.2203.03251,2022,1,preprint,1,1,0,445,0,,Novel Architecture of Parameterized Quantum Circuit for Graph Convolutional Network,0,0,1,0,0,0,0,0,0,0,1,0,0,0,0,0,0,0,0,0,0,0,0,0,2026-10-05
https://openalex.org/W4221158132,https://doi.org/10.48550/arxiv.2202.04238,2022,1,preprint,1,1,0,446,0,,Parametric t-Stochastic Neighbor Embedding With Quantum Neural Network,1,0,0,0,0,0,0,0,1,0,0,0,1,0,0,0,0,0,0,0,1,0,0,0,2026-10-05
https://openalex.org/W4221164120,https://doi.org/10.48550/arxiv.2201.08878,2022,1,preprint,1,1,0,447,0,,Classical Simulation of Variational Quantum Classifiers using Tensor Rings,0,0,1,0,0,0,1,0,0,0,1,0,0,0,0,0,0,0,0,0,0,0,0,0,2026-10-05
https://openalex.org/W4224231198,https://doi.org/10.48550/arxiv.2203.17267,2022,1,preprint,1,1,0,448,0,,Variational Quantum Pulse Learning,0,1,0,0,0,1,0,0,0,1,0,0,0,0,0,0,0,0,0,0,0,0,0,0,2026-10-05
https://openalex.org/W4226080996,https://doi.org/10.1063/5.0076837,2022,1,conference-paper,1,1,0,449,0,,Trash classification using quantum transfer learning,0,0,0,0,0,0,0,0,0,0,0,0,0,0,0,0,0,0,0,0,0,0,0,0,2026-10-05
https://openalex.org/W4226253900,https://doi.org/10.48550/arxiv.2204.01194,2022,1,preprint,1,1,0,450,0,,Continuous Variable Quantum MNIST Classifiers,1,0,0,1,1,0,0,0,1,0,0,1,0,0,0,0,0,0,0,0,0,0,0,0,2026-10-05
https://openalex.org/W4285796284,https://doi.org/10.1002/cpe.7203,2022,1,article,1,1,0,451,0,,Special Issue: Recent advances in quantum computing and quantum neural networks,0,0,1,0,0,0,0,0,0,0,1,0,0,0,0,0,0,0,0,0,0,0,0,0,2026-10-05
https://openalex.org/W4296591912,https://doi.org/10.48550/arxiv.2209.09791,2022,1,preprint,0,1,0,,0,,Dimensionality reduction with variational encoders based on subsystem purification,1,1,1,1,0,1,1,0,1,1,1,1,1,0,0,0,0,0,0,0,1,0,0,0,2026-10-05
https://openalex.org/W4302016082,https://doi.org/10.36227/techrxiv.21251895,2022,1,preprint,1,1,0,452,0,,Traffic Sign Classification Using Deep and Quantum Neural Networks,0,0,0,0,0,0,0,0,0,0,0,0,0,0,0,0,0,0,0,0,0,0,0,0,2026-10-05
https://openalex.org/W4302305991,https://doi.org/10.48550/arxiv.2210.01311,2022,1,preprint,1,1,0,453,0,,Quark: A Gradient-Free Quantum Learning Framework for Classification Tasks,0,0,1,1,0,0,1,0,0,0,1,1,0,0,1,0,0,0,0,0,0,0,1,0,2026-10-05
https://openalex.org/W4304166334,https://doi.org/10.1007/978-981-19-5845-8_26,2022,1,book-chapter,0,0,0,,0,,Image Classification Using Quantum Machine Learning,0,0,0,0,0,0,0,0,0,0,0,0,0,0,0,0,0,0,0,0,0,0,0,0,2026-10-05
https://openalex.org/W4308469507,https://doi.org/10.1007/978-981-19-3679-1_60,2022,1,book-chapter,1,0,0,,0,,Supervised Question Classification on SelQA Dataset Using Variational Quantum Classifiers,0,0,0,0,0,0,0,0,0,0,0,0,0,0,0,0,0,0,0,0,0,0,0,0,2026-10-05
https://openalex.org/W4309136081,https://doi.org/10.48550/arxiv.2211.07379,2022,1,preprint,1,1,0,454,0,,QuanGCN: Noise-Adaptive Training for Robust Quantum Graph Convolutional Networks,0,0,0,0,0,0,0,0,0,0,0,0,0,0,0,0,0,0,0,0,0,0,0,0,2026-10-05
https://openalex.org/W4319241547,https://doi.org/10.36227/techrxiv.22001828,2023,1,preprint,1,1,0,455,0,,On Quantum Hyperparameters Selection in Hybrid Classifiers for Earth Observation Data,0,0,0,0,0,0,0,0,0,0,0,0,0,0,0,0,0,0,0,0,0,0,0,0,2026-10-05
https://openalex.org/W4319241548,https://doi.org/10.36227/techrxiv.22001828.v1,2023,1,preprint,1,1,0,456,0,,On Quantum Hyperparameters Selection in Hybrid Classifiers for Earth Observation Data,0,0,0,0,0,0,0,0,0,0,0,0,0,0,0,0,0,0,0,0,0,0,0,0,2026-10-05
https://openalex.org/W4319653530,https://doi.org/10.48550/arxiv.2302.03244,2023,1,preprint,1,1,0,457,0,,Quantum Recurrent Neural Networks for Sequential Learning,0,1,0,0,0,0,0,0,0,1,0,0,0,0,0,0,0,0,0,0,0,0,0,0,2026-10-05
https://openalex.org/W4322624464,https://doi.org/10.5748/19contecsi/pse/sec/7088,2023,1,review,1,1,0,458,0,,"QUANTUM MACHINE LEARNING FOR NETWORK INTRUSION DETECTION SYSTEMS, A SYSTEMATIC LITERATURE REVIEW",0,0,0,0,0,0,0,0,0,0,0,0,0,0,0,0,0,0,0,0,0,0,0,0,2026-10-05
https://openalex.org/W4323342752,https://doi.org/10.2139/ssrn.4379458,2023,1,preprint,0,0,0,,0,,Cqural: A Novel Cnn Based Hybrid Architecture for Quantum Continual Machine Learning,0,0,0,0,0,0,0,0,0,0,0,0,0,0,0,0,0,0,0,0,0,0,0,0,2026-10-05
https://openalex.org/W4367189585,https://doi.org/10.48550/arxiv.2304.13142,2023,1,preprint,1,1,0,459,0,,Quantum Machine Learning Approach for the Prediction of Surface Roughness in Additive Manufactured Specimens,0,0,0,0,0,0,0,0,0,0,0,0,0,0,0,0,0,0,0,0,0,0,0,0,2026-10-05
https://openalex.org/W4367558433,https://doi.org/10.5281/zenodo.7883219,2023,1,article,1,1,0,460,0,,Storm Chasing Using Quantum Machine Learning,0,0,0,0,0,0,0,0,0,0,0,0,0,0,0,0,0,0,0,0,0,0,0,0,2026-10-05
https://openalex.org/W4368347613,https://doi.org/10.15760/etd.8192,2023,1,dissertation,1,1,0,461,0,,Realization of Multi-Valued Logic Using Optical Quantum Computing,0,0,0,0,0,0,0,0,0,0,0,0,0,0,0,0,0,0,0,0,0,0,0,0,2026-10-05
https://openalex.org/W4377287076,https://doi.org/10.25046/aj080307,2023,1,article,1,1,0,462,0,,Forecasting the Weather behind Pa Sak Jolasid Dam using Quantum Machine Learning,0,0,1,0,0,0,1,0,0,0,1,0,0,0,0,0,0,0,0,0,0,0,0,0,2026-10-05
https://openalex.org/W4380356291,https://doi.org/10.48550/arxiv.2306.05776,2023,1,preprint,1,1,0,463,0,,Weight Re-Mapping for Variational Quantum Algorithms,0,0,1,0,0,0,1,0,0,0,1,0,0,0,0,0,0,0,0,0,0,0,0,0,2026-10-05
https://openalex.org/W4381304955,https://doi.org/10.1007/978-981-99-0085-5_39,2023,1,book-chapter,1,0,0,,0,,Empirical Analysis of Hybrid Classical Variational Quantum Neural Networks for Target Classification from SAR Data,0,0,0,0,0,0,0,0,0,0,0,0,0,0,0,0,0,0,0,0,0,0,0,0,2026-10-05
https://openalex.org/W4382059967,https://doi.org/10.1007/s11128-023-04012-2,2023,1,article,0,0,0,,0,,Domain adaptation based on hybrid classical-quantum neural network,0,0,0,0,0,0,0,0,0,0,0,0,0,0,0,0,0,0,0,0,0,0,0,0,2026-10-05
https://openalex.org/W4384919481,https://doi.org/10.48550/arxiv.2307.09771,2023,1,preprint,1,1,0,464,0,,A Novel Spatial-Temporal Variational Quantum Circuit to Enable Deep Learning on NISQ Devices,1,1,0,0,0,0,0,0,1,1,0,0,0,0,0,0,0,0,0,0,0,0,0,0,2026-10-05
https://openalex.org/W4385359032,https://doi.org/10.1364/cleo_at.2023.jth2a.22,2023,1,conference-paper,1,1,0,465,0,,Gradient-based Quantum Neural Network Using Quantum Computing Chips,0,0,1,0,0,0,0,0,0,0,1,0,0,0,1,0,0,0,0,0,0,0,1,0,2026-10-05
https://openalex.org/W4386559081,https://doi.org/10.1201/9781003371380-28,2023,1,book-chapter,1,1,0,466,0,,Investigating Classification with Quantum Computing,0,1,0,0,0,0,0,0,0,0,0,0,0,0,0,0,0,0,0,0,0,0,0,0,2026-10-05
https://openalex.org/W4388420610,https://doi.org/10.1088/1674-1056/ad09cd,2023,1,article,0,1,0,,0,,Gray code based gradient-free optimization algorithm for parameterized quantum circuit,1,0,1,0,0,0,0,0,1,0,1,0,0,0,1,0,0,0,0,0,0,0,1,0,2026-10-05
https://openalex.org/W4388585615,https://doi.org/10.48550/arxiv.2311.05559,2023,1,preprint,1,1,0,467,0,,Disentangling Quantum and Classical Contributions in Hybrid Quantum Machine Learning Architectures,1,0,0,0,1,0,0,0,1,0,0,0,0,0,0,0,0,0,0,0,0,0,0,0,2026-10-05
https://openalex.org/W4389160992,https://doi.org/10.1109/qce57702.2023.10221,2023,1,conference-paper,1,1,0,468,0,,Hybrid Variational Quantum Circuit with Transformer for Classifying Medical Conditions,1,0,0,0,0,0,0,0,1,0,0,0,0,0,0,0,0,0,0,0,0,0,0,0,2026-10-05
https://openalex.org/W4389168212,https://doi.org/10.1109/qce57702.2023.10299,2023,1,conference-paper,1,1,0,469,0,,Noise Robustness of Data Re-Uploading Quantum Classifiers,1,0,0,0,1,0,0,0,1,0,0,0,1,0,0,0,1,0,0,0,1,0,0,0,2026-10-05
https://openalex.org/W4389168225,https://doi.org/10.1109/qce57702.2023.10286,2023,1,conference-paper,1,1,0,470,0,,Characterizing Quantum Classifier Utility in Natural Language Processing Workflows,1,0,0,0,1,0,0,0,1,0,0,0,0,0,0,0,0,0,0,0,0,0,0,0,2026-10-05
https://openalex.org/W4389519432,https://doi.org/10.18653/v1/2023.crac-main.3,2023,1,conference-paper,1,1,0,471,0,,Towards Transparency in Coreference Resolution: A Quantum-Inspired Approach,0,0,0,0,0,0,0,0,0,0,0,0,0,0,0,0,0,0,0,0,0,0,0,0,2026-10-05
https://openalex.org/W4390601331,https://doi.org/10.48550/arxiv.2401.01588,2024,1,preprint,1,1,0,472,0,,Quantum Bayes Classifiers and Their Application in Image Classification,0,0,0,0,0,0,0,0,0,0,0,0,0,0,0,0,0,0,0,0,0,0,0,0,2026-10-05
https://openalex.org/W4390821342,https://doi.org/10.1002/9781394220649.ch5,2024,1,other,1,1,0,473,0,,Machine Learning Algorithms in Quantum Computing,0,0,0,0,0,0,0,0,0,0,0,0,0,0,0,0,0,0,0,0,0,0,0,0,2026-10-05
https://openalex.org/W4390988015,https://doi.org/10.1016/j.physa.2024.129530,2024,1,article,1,1,0,474,0,,Variational quantum entanglement classification discrimination,0,1,0,1,0,0,0,0,0,1,0,1,0,1,0,0,0,0,0,0,0,0,0,0,2026-10-05
https://openalex.org/W4392737461,https://doi.org/10.48550/arxiv.2403.06890,2024,1,preprint,0,1,0,,0,,Application of Quantum Tensor Networks for Protein Classification,1,0,0,0,0,0,0,0,1,0,0,0,0,0,0,0,0,0,0,0,0,0,0,0,2026-10-05
https://openalex.org/W4392968964,https://doi.org/10.1101/2024.03.11.584501,2024,1,preprint,0,1,0,,0,,Application of Quantum Tensor Networks for Protein Classification,1,0,0,0,0,0,0,0,1,0,0,0,0,0,0,0,0,0,0,0,0,0,0,0,2026-10-05
https://openalex.org/W4393234614,https://doi.org/10.4108/eetsis.5572,2024,1,article,1,1,0,475,0,,Quantum Deep Neural Network Based Classification of Attack Vectors on the Ethereum Blockchain,0,1,0,0,0,0,0,0,0,0,0,0,0,0,0,0,0,0,0,0,0,0,0,0,2026-10-05
https://openalex.org/W4393300431,https://doi.org/10.48550/arxiv.2403.18622,2024,1,preprint,1,1,0,476,0,,qIoV: A Quantum-Driven Internet-of-Vehicles-Based Approach for Environmental Monitoring and Rapid Response Systems,0,1,0,0,0,0,0,0,0,0,0,0,0,0,0,0,0,0,0,0,0,0,0,0,2026-10-05
https://openalex.org/W4393870266,https://doi.org/10.21203/rs.3.rs-4068000/v1,2024,1,preprint,1,1,0,477,0,,BOISO: Weight optimized U-Net architecture for segmentation of hyperspectral image,1,0,0,0,1,0,0,0,1,0,0,0,0,0,0,0,0,0,0,0,0,0,0,0,2026-10-05
https://openalex.org/W4395022391,https://doi.org/10.48550/arxiv.2404.12741,2024,1,preprint,0,1,0,,0,,Multi-Class Quantum Convolutional Neural Networks,0,0,0,0,0,0,0,0,0,0,0,0,0,0,0,0,0,0,0,0,0,0,0,0,2026-10-05
https://openalex.org/W4396681772,https://doi.org/10.1051/epjconf/202429512002,2024,1,conference-paper,1,1,0,478,0,,Co-Design of Quantum Hardware and Algorithms in Nuclear and High Energy Physics,0,0,0,0,0,0,0,0,0,0,0,0,0,0,0,0,0,0,0,0,0,0,0,0,2026-10-05
https://openalex.org/W4398191873,https://doi.org/10.48550/arxiv.2405.11304,2024,1,preprint,1,1,0,479,0,,Quantum-Train: Rethinking Hybrid Quantum-Classical Machine Learning in the Model Compression Perspective,1,0,0,0,1,0,0,0,1,0,0,0,0,0,0,0,0,0,0,0,0,0,0,0,2026-10-05
https://openalex.org/W4398195466,https://doi.org/10.2139/ssrn.4792054,2024,1,preprint,0,0,0,,0,,A Comprehensive Survey on Quantum Machine Learning Algorithms for Fraud Detection in Financial Sectors,0,0,0,0,0,0,0,0,0,0,0,0,0,0,0,0,0,0,0,0,0,0,0,0,2026-10-05
https://openalex.org/W4399396291,https://doi.org/10.1109/host55342.2024.10545406,2024,1,conference-paper,1,1,0,480,0,,QNAD: Quantum Noise Injection for Adversarial Defense in Deep Neural Networks,0,1,0,0,0,0,0,0,0,0,0,0,0,0,0,0,0,0,0,0,0,0,0,0,2026-10-05
https://openalex.org/W4400090766,https://doi.org/10.1007/s42484-024-00173-0,2024,1,article,0,0,0,,0,,Recognizing good variational quantum circuits with Monte Carlo Tree Search,0,0,0,0,0,0,0,0,0,0,0,0,0,0,0,0,0,0,0,0,0,0,0,0,2026-10-05
https://openalex.org/W4400308158,https://doi.org/10.21203/rs.3.rs-4594670/v1,2024,1,preprint,0,0,0,,0,,Noise Mitigation An Efficient Approach for Quantum Convolutional Neural Networks to Enhance Performance in NISQ,0,0,0,0,0,0,0,0,0,0,0,0,0,0,0,0,0,0,0,0,0,0,0,0,2026-10-05
https://openalex.org/W4401078123,https://doi.org/10.1103/physrevapplied.22.014074,2024,1,article,1,1,0,481,0,,Coreset selection can accelerate quantum machine learning models with provable generalization,0,0,0,0,0,0,0,0,0,0,0,0,0,0,0,0,0,0,0,0,0,0,0,0,2026-10-05
https://openalex.org/W4401114190,https://doi.org/10.1109/melecon56669.2024.10608509,2024,1,conference-paper,1,1,0,482,0,,Exploring Hybrid Quantum-Classical Machine Learning for Respiratory Sound Analysis,0,0,0,0,0,0,0,0,0,0,0,0,0,0,0,0,0,0,0,0,0,0,0,0,2026-10-05
https://openalex.org/W4401173421,https://doi.org/10.62441/nano-ntp.v20is5.73,2024,1,article,1,1,0,483,0,,Quantum-enhanced Diagnosis: Revolutionizing Tomato Leaf Disease Detection,0,0,0,0,0,0,0,0,0,0,0,0,0,0,0,0,0,0,0,0,0,0,0,0,2026-10-05
https://openalex.org/W4401331497,https://doi.org/10.1109/fuzz-ieee60900.2024.10611855,2024,1,conference-paper,1,1,0,484,0,,A Web Application for Training Quantum Classifiers via Evolutionary Algorithms,0,0,1,0,0,0,1,0,0,0,1,0,0,0,0,0,0,0,0,0,0,0,0,0,2026-10-05
https://openalex.org/W4401414170,https://doi.org/10.1109/cec60901.2024.10611843,2024,1,conference-paper,1,1,0,485,0,,Urban Land Cover Classification with Efficient Hybrid Quantum Machine Learning Model,0,0,0,0,0,0,0,0,0,0,0,0,0,0,0,0,0,0,0,0,0,0,0,0,2026-10-05
https://openalex.org/W4401982510,https://doi.org/10.1088/2632-2153/ad7570,2024,1,article,1,1,0,486,0,,Designing quantum multi-category classifier from the perspective of brain processing information,0,0,1,0,0,0,1,0,0,0,1,0,0,0,0,0,0,0,0,0,0,0,0,0,2026-10-05
https://openalex.org/W4402293013,https://doi.org/10.1088/1612-202x/ad7246,2024,1,article,1,1,0,487,0,,Quantum state classification via complex-valued neural networks,0,1,0,0,0,0,0,0,0,0,0,0,0,0,0,0,0,0,0,0,0,0,0,0,2026-10-05
https://openalex.org/W4402441252,https://doi.org/10.1088/2058-9565/ad749a,2024,1,article,1,1,0,488,0,,Universal and holistic privacy protection in quantum computing: a novel approach through quantum circuit equivalence homomorphic encryption,0,0,0,0,0,0,0,0,0,0,0,0,0,0,0,0,0,0,0,0,0,0,0,0,2026-10-05
https://openalex.org/W4403096535,https://doi.org/10.2139/ssrn.4972236,2024,1,preprint,0,0,0,,0,,Predicting Cardiovascular Disease with Classical and Quantum Machine Learning,0,0,0,0,0,0,0,0,0,0,0,0,0,0,0,0,0,0,0,0,0,0,0,0,2026-10-05
https://openalex.org/W4403556190,https://doi.org/10.48550/arxiv.2409.03350,2024,1,preprint,1,1,0,489,0,,Enhancing the performance of Variational Quantum Classifiers with hybrid autoencoders,1,0,0,0,1,0,0,0,1,0,0,0,0,0,0,0,0,0,0,0,0,0,0,0,2026-10-05
https://openalex.org/W4403784027,https://doi.org/10.48550/arxiv.2409.16593,2024,1,preprint,1,1,0,490,0,,A Hybrid Quantum Neural Network for Split Learning,1,1,0,0,0,0,0,0,1,1,0,0,0,0,0,0,0,0,0,0,0,0,0,0,2026-10-05
https://openalex.org/W4403795862,https://doi.org/10.48550/arxiv.2409.17583,2024,1,preprint,1,1,0,491,0,,Let the Quantum Creep In: Designing Quantum Neural Network Models by Gradually Swapping Out Classical Components,0,0,0,0,0,0,0,0,0,0,0,0,0,0,0,0,0,0,0,0,0,0,0,0,2026-10-05
https://openalex.org/W4403854027,https://doi.org/10.1038/s41534-025-01079-w,2025,1,article,1,1,0,492,0,,Quantum-data-driven dynamical transition in quantum learning,0,0,0,0,0,0,0,0,0,0,0,0,0,0,0,0,0,0,0,0,0,0,0,0,2026-10-05
https://openalex.org/W4403863684,https://doi.org/10.1109/aic61668.2024.10730837,2024,1,conference-paper,1,1,0,493,0,,Enhanced Quantum Neural Networks: A Full Entanglement Scheme for Binary Classification,1,1,0,0,1,0,0,0,1,0,0,0,0,1,0,0,0,0,0,0,0,0,0,0,2026-10-05
https://openalex.org/W4404471567,https://doi.org/10.1088/1402-4896/ad9422,2024,1,article,1,1,0,494,0,,Quantum neural networks to detect entanglement transitions in quantum many-body systems,0,1,0,0,0,0,0,0,0,0,0,0,0,1,0,0,0,0,0,0,0,0,0,0,2026-10-05
https://openalex.org/W4404614248,https://doi.org/10.1007/s10773-024-05826-1,2024,1,article,0,0,0,,0,,Max-Cut Linear Binary Classifier Based on Quantum Approximate Optimization Algorithm,0,0,0,0,0,0,0,0,0,0,0,0,0,0,0,0,0,0,0,0,0,0,0,0,2026-10-05
https://openalex.org/W4404621549,https://doi.org/10.1088/1402-4896/ad8d17,2024,1,article,0,1,0,,0,,Performance analysis of quantum convolutional layers for image classification,0,0,0,0,0,0,0,0,0,0,0,0,0,0,0,0,0,0,0,0,0,0,0,0,2026-10-05
https://openalex.org/W4404954148,https://doi.org/10.1109/icses63445.2024.10763033,2024,1,conference-paper,1,1,0,495,0,,An Optimized Equivariant Quantum Network for Ingenious Building Monitoring and Control using an Android Application,0,0,0,0,0,0,0,0,0,0,0,0,0,0,0,0,0,0,0,0,0,0,0,0,2026-10-05
https://openalex.org/W4405084665,https://doi.org/10.62441/nano-ntp.vi.1527,2024,1,article,0,1,0,,0,,Image Based Malware Detection Using Transfer Learning and Hybrid Quantum Machine Learning Models,0,0,0,1,0,0,0,0,0,0,0,1,0,0,0,0,0,0,0,0,0,0,0,0,2026-10-05
https://openalex.org/W4405355342,https://doi.org/10.48550/arxiv.2412.09486,2024,1,preprint,1,1,0,496,0,,Regression and Classification with Single-Qubit Quantum Neural Networks,0,0,1,1,0,0,0,0,0,0,1,1,0,0,0,0,0,0,0,0,0,0,0,0,2026-10-05
https://openalex.org/W4405537929,https://doi.org/10.2139/ssrn.5049675,2024,1,preprint,0,0,0,,0,,Quantumnet: An Enhanced Diabetic Retinopathy Detection Model Using Classical Deep Learning-Quantum Transfer Learning,0,0,0,0,0,0,0,0,0,0,0,0,0,0,0,0,0,0,0,0,0,0,0,0,2026-10-05
https://openalex.org/W4405709490,https://doi.org/10.1109/cybercom63683.2024.10803249,2024,1,conference-paper,1,1,0,497,0,,Exploring the Potential of Quantum Computing for Revolutionary Problem-Solving and Computational Advancements,0,0,0,0,0,0,0,0,0,0,0,0,0,0,0,0,0,0,0,0,0,0,0,0,2026-10-05
https://openalex.org/W4405920652,https://doi.org/10.1007/978-3-031-81247-7_8,2024,1,conference-paper,1,0,0,,0,,Applying Variational Quantum Classifier on Acceptability Judgements: A QNLP Experiment,0,0,0,0,0,0,0,0,0,0,0,0,0,0,0,0,0,0,0,0,0,0,0,0,2026-10-05
https://openalex.org/W4405997289,https://doi.org/10.3844/jcssp.2025.168.176,2025,1,article,1,1,0,498,0,,Quantum-Enhanced IoT-Cloud Security: Integrating SHAP and Variational Quantum Classifiers,1,0,0,0,1,0,0,0,1,0,0,0,0,0,0,0,0,0,0,0,0,0,0,0,2026-10-05
https://openalex.org/W4406261200,https://doi.org/10.1109/qce60285.2024.00195,2024,1,conference-paper,0,1,0,,0,,Fermionic Machine Learning,0,1,0,0,0,0,0,0,0,0,0,0,0,0,0,0,0,0,0,0,0,0,0,0,2026-10-05
https://openalex.org/W4406261979,https://doi.org/10.1109/qce60285.2024.10321,2024,1,conference-paper,1,1,0,499,0,,Quantum Natural Language Processing Application for Estimating SQL Query Metrics,1,1,0,0,0,1,0,0,1,1,0,0,0,0,0,0,0,0,0,0,0,0,0,0,2026-10-05
https://openalex.org/W4406262004,https://doi.org/10.1109/qce60285.2024.10372,2024,1,conference-paper,1,1,0,500,0,,HN-PQE: Hardware-Native Parameterized Quantum Embedding for Noise-Resilient Classifications of Medical Signals and Images,1,1,1,0,1,0,1,0,1,1,1,0,1,0,0,0,1,0,0,0,1,0,0,0,2026-10-05
https://openalex.org/W4406262046,https://doi.org/10.1109/qce60285.2024.10244,2024,1,conference-paper,1,1,0,501,0,,On the Quantum Impact in Hybrid Classical-Quantum Transfer Learning,0,0,0,0,0,0,0,0,0,0,0,0,0,0,0,0,0,0,0,0,0,0,0,0,2026-10-05
https://openalex.org/W4406262051,https://doi.org/10.1109/qce60285.2024.10324,2024,1,conference-paper,1,1,0,502,0,,Towards Explainability of Classical Neural Network via Quantum Computing,0,0,1,0,0,0,1,0,0,0,1,0,0,0,0,0,0,0,0,0,0,0,0,0,2026-10-05
https://openalex.org/W4406262110,https://doi.org/10.1109/qce60285.2024.00028,2024,1,conference-paper,1,1,0,503,0,,On the Robustness of Variational Quantum Classifier Against “Label Flipping Attacks” in Federated Learning for Semiconductor Manufacturing,0,0,0,0,0,0,0,0,0,0,0,0,0,0,0,0,0,0,0,0,0,0,0,0,2026-10-05
https://openalex.org/W4406276535,https://doi.org/10.1109/qce60285.2024.00191,2024,1,conference-paper,1,1,0,504,0,,"An Empirical Analysis of Realistic Noise in Quantum Neural Networks for Medical Classifications of Tabular, Signal and Imaging Data",0,0,0,0,0,0,0,0,0,0,0,0,0,0,0,0,0,0,0,0,0,0,0,0,2026-10-05
https://openalex.org/W4406754920,https://doi.org/10.1109/iemecon62401.2024.10846119,2024,1,conference-paper,1,1,0,505,0,,Quantum Neural Network (QNN) based Realization of XOR gate Using Systematic Quantum Circuit Based Approach,0,1,0,0,0,0,0,0,0,1,0,0,0,0,0,0,0,0,0,0,0,0,0,0,2026-10-05
https://openalex.org/W4407317428,https://doi.org/10.1109/icscna63714.2024.10864129,2024,1,conference-paper,0,1,0,,0,,Quantum Machine Learning for Rotating Machinery Prognostics and Health Management,0,0,0,0,0,0,0,0,0,0,0,0,0,0,0,0,0,0,0,0,0,0,0,0,2026-10-05
https://openalex.org/W4408103802,https://doi.org/10.36948/ijfmr.2025.v07i01.37949,2025,1,article,1,1,0,506,0,,The Role of Quantum Neural Networks in Fraud Detection: Opportunities and Challenges,0,0,0,0,0,0,0,0,0,0,0,0,0,0,0,0,0,0,0,0,0,0,0,0,2026-10-05
https://openalex.org/W4408258497,https://doi.org/10.1109/tencon61640.2024.10902713,2024,1,conference-paper,1,1,0,507,0,,Classical to Quantum Neural Network Transfer Learning Approach for Speech Emotion Recognition,0,0,0,0,0,0,0,0,0,0,0,0,0,0,0,0,0,0,0,0,0,0,0,0,2026-10-05
https://openalex.org/W4409081542,https://doi.org/10.21203/rs.3.rs-6342848/v1,2025,1,preprint,0,0,0,,0,,The inherent convolution property of quantum neural networks,0,0,0,0,0,0,0,0,0,0,0,0,0,0,0,0,0,0,0,0,0,0,0,0,2026-10-05
https://openalex.org/W4409168766,https://doi.org/10.26577/jpcsit20253105,2025,1,article,1,1,0,508,0,,DEVELOPMENT OF HYBRID QUANTUM-CLASSICAL MODELS FOR COMPUTER VISION,1,0,1,0,1,0,0,0,1,0,1,0,0,0,0,0,0,0,0,0,0,0,0,0,2026-10-05
https://openalex.org/W4409311620,https://doi.org/10.1109/globalaisummit62156.2024.10947885,2024,1,conference-paper,1,1,0,509,0,,Quantum Inspired Zeroshot Classification For Adverse Drug Reactions Detection From Social Media Reviews,1,0,0,0,0,0,0,0,1,0,0,0,0,0,0,0,0,0,0,0,0,0,0,0,2026-10-05
https://openalex.org/W4410020725,https://doi.org/10.37934/sijml.3.1.110a,2025,1,article,1,1,0,510,0,,Revolutionizing Financial Services with Quantum Machine Learning Techniques,0,0,0,0,0,0,0,0,0,0,0,0,0,0,0,0,0,0,0,0,0,0,0,0,2026-10-05
https://openalex.org/W4410040626,https://doi.org/10.1007/978-3-031-88304-0_65,2025,1,conference-paper,0,0,0,,0,,Quantum-Assisted Hyperparameter Tuning Challenge for Financial Fraud Detection,0,0,0,0,0,0,0,0,0,0,0,0,0,0,0,0,0,0,0,0,0,0,0,0,2026-10-05
https://openalex.org/W4410386979,https://doi.org/10.1101/2025.05.14.25327605,2025,1,preprint,1,1,0,511,0,,Quantum Machine Learning and Data Re-Uploading: Evaluation on Benchmark and Laboratory Medicine Datasets,1,0,0,0,1,0,0,0,1,0,0,0,1,0,0,0,1,0,0,0,1,0,0,0,2026-10-05
https://openalex.org/W4410394725,https://doi.org/10.1109/qcnc64685.2025.00114,2025,1,conference-paper,1,1,0,512,0,,Applications of Hybrid Machine Learning Methods to Large Datasets: A Case Study,1,0,1,0,0,0,1,0,1,0,1,0,0,0,0,0,0,0,0,0,0,0,0,0,2026-10-05
https://openalex.org/W4410609231,https://doi.org/10.1109/mciicompanion65207.2025.11007472,2025,1,conference-paper,1,1,0,513,0,,Evolutionary-Based Quantum Classification for Surface Electromyography Signals,0,0,0,0,0,0,0,0,0,0,0,0,0,0,0,0,0,0,0,0,0,0,0,0,2026-10-05
https://openalex.org/W4412131719,https://doi.org/10.1002/qute.202500262,2025,1,article,1,1,0,514,0,,QMM‐Enhanced Error Correction: Demonstrating Reversible Imprinting and Retrieval for Robust Quantum Computation,0,0,0,1,0,0,0,0,0,0,0,1,0,0,0,0,0,0,0,0,0,0,0,0,2026-10-05
https://openalex.org/W4412459869,https://doi.org/10.21203/rs.3.rs-6929117/v1,2025,1,preprint,0,0,0,,0,,Hybrid Quantum Inception-Inspired Convolutional Neural Network for Image Classification,0,0,0,0,0,0,0,0,0,0,0,0,0,0,0,0,0,0,0,0,0,0,0,0,2026-10-05
https://openalex.org/W4412536911,https://doi.org/10.1109/icssas66150.2025.11080985,2025,1,conference-paper,1,1,0,515,0,,Securing 5G-Enabled Cyber-Physical Systems: An Optimized Reflection Equivariant Quantum Neural Network Approach to DDoS Attack Detection,0,0,0,0,0,0,0,0,0,0,0,0,0,0,0,0,0,0,0,0,0,0,0,0,2026-10-05
https://openalex.org/W4412781010,https://doi.org/10.21917/ijsc.2025.0544,2025,1,article,1,1,0,516,0,,OPTIMIZING QUANTUM-ENHANCED DILATED CONVOLUTIONAL NETWORKS FOR SCALABLE AND EFFICIENT QUANTUM IMAGE RECOGNITION,1,1,1,0,0,0,1,0,1,0,1,0,0,0,0,0,0,0,0,0,0,0,0,0,2026-10-05
https://openalex.org/W4412803613,https://doi.org/10.1109/icirca65293.2025.11089744,2025,1,conference-paper,1,1,0,517,0,,QcNet: A Hybrid Quantum-Classical Neural Network for Multi-Class Image Classification,0,0,0,0,0,0,0,0,0,0,0,0,0,0,0,0,0,0,0,0,0,0,0,0,2026-10-05
https://openalex.org/W4412984954,https://doi.org/10.1109/access.2025.3596031,2025,1,article,0,1,0,,0,,Generalized Ansatz for High-Accuracy Quantum Sentiment Classification Using Variational Quantum Algorithm Scheme,0,1,1,0,0,1,1,0,0,1,1,0,0,1,0,0,0,1,0,0,0,1,0,0,2026-10-05
https://openalex.org/W4413089462,https://doi.org/10.62411/jimat.v2i1.12949,2025,1,article,1,1,0,518,0,,Tree Tensor Network Quantum-Classical Hybrid Neural Architecture for Efficient Data Classification,0,1,1,0,0,0,1,0,0,1,1,0,0,0,0,0,0,0,0,0,0,0,0,0,2026-10-05
https://openalex.org/W4413180727,https://doi.org/10.1109/isscs66034.2025.11105660,2025,1,conference-paper,1,1,0,519,0,,Hybrid Quantum-Classical Neural Networks for Image Classification: Challenges and Perspectives,0,0,0,0,0,0,0,0,0,0,0,0,0,0,0,0,0,0,0,0,0,0,0,0,2026-10-05
https://openalex.org/W4413180838,https://doi.org/10.1109/netcrypt65877.2025.11102526,2025,1,conference-paper,1,1,0,520,0,,Investigating Hybrid Algorithms for Quantum Computing in Machine Learning: Improving Data Processing Speed and Handling Complex Problems,0,1,1,0,0,0,1,0,0,0,1,0,0,0,0,0,0,0,0,0,0,0,0,0,2026-10-05
https://openalex.org/W4413466276,https://doi.org/10.1016/j.future.2025.108102,2025,1,article,0,0,0,,0,,Intrusion detection with improved quantum neural network: A bigdata perspective,0,0,0,0,0,0,0,0,0,0,0,0,0,0,0,0,0,0,0,0,0,0,0,0,2026-10-05
https://openalex.org/W4413817934,https://doi.org/10.1049/qtc2.70008,2025,1,article,1,1,0,521,0,,QROP: Quantum Learning‐Based Identification of Retinopathy of Prematurity,0,0,0,0,0,0,0,0,0,0,0,0,0,0,0,0,0,0,0,0,0,0,0,0,2026-10-05
https://openalex.org/W4413851537,https://doi.org/10.58496/mjbd/2025/011,2025,1,article,1,1,0,522,0,,Hybrid Quantum-Assisted Deep Learning Model for Early-Stage Alzheimer’s Disease Classification Based on MRI Images,1,1,0,0,0,0,0,0,1,0,0,0,0,0,0,0,0,0,0,0,0,0,0,0,2026-10-05
https://openalex.org/W4413938056,https://doi.org/10.21203/rs.3.rs-7508439/v1,2025,1,preprint,0,0,0,,0,,A Computationally-Eﬃcient Hybrid Quantum-Classical Algorithm for Robust Classification in High-Complexity Data Environments on Commodity Hardware,0,0,0,0,0,0,0,0,0,0,0,0,0,0,0,0,0,0,0,0,0,0,0,0,2026-10-05
https://openalex.org/W4414052461,https://doi.org/10.2139/ssrn.5409186,2025,1,preprint,0,0,0,,0,,"Quantizers: Quantum-Inspired Transformer Attention with Superposed Context and Entangled Position -Theory, Implementation, and Frontiers",0,1,0,0,0,0,0,0,0,0,0,0,0,1,0,0,0,0,0,0,0,0,0,0,2026-10-05
https://openalex.org/W4414069760,https://doi.org/10.64206/6mennf14,2024,1,article,1,1,0,523,0,,"Quantum Machine Learning: Algorithms, Applications, and Limitations",1,1,0,0,1,0,0,0,1,0,0,0,0,0,0,0,0,0,0,0,0,0,0,0,2026-10-05
https://openalex.org/W4414292442,https://doi.org/10.71097/ijsat.v16.i3.8236,2025,1,article,1,1,0,524,0,,The Future of Breast Cancer Diagnosis: Benchmarking Quantum Machine Learning Models against Classical Techniques,0,0,0,0,0,0,0,0,0,0,0,0,0,0,0,0,0,0,0,0,0,0,0,0,2026-10-05
https://openalex.org/W4414433075,https://doi.org/10.1109/wams64402.2025.11158066,2025,1,conference-paper,1,1,0,525,0,,Comparative Analysis on Cardiovascular Disease Prediction using Quantum Machine Learning,0,0,0,0,0,0,0,0,0,0,0,0,0,0,0,0,0,0,0,0,0,0,0,0,2026-10-05
https://openalex.org/W4414539875,https://doi.org/10.1109/icc52391.2025.11161668,2025,1,conference-paper,1,1,0,526,0,,Q-Drop: Optimizing Quantum Orthogonal Networks with Statistic Pruning and Dynamic Dropout,0,0,0,0,0,0,0,0,0,0,0,0,0,0,0,0,0,0,0,0,0,0,0,0,2026-10-05
https://openalex.org/W4414543031,https://doi.org/10.33545/27076636.2025.v6.i2b.127,2025,1,article,1,1,0,527,0,,Revolutionizing smart farming: Quantum computing applications in plant disease detection: A hybrid quantum-classical approach for sustainable agriculture,1,0,0,0,0,0,0,0,1,0,0,0,0,0,0,0,0,0,0,0,0,0,0,0,2026-10-05
https://openalex.org/W4414580824,https://doi.org/10.48550/arxiv.2505.15902,2025,1,preprint,1,1,0,528,0,,On Dequantization of Supervised Quantum Machine Learning via Random Fourier Features,0,0,0,0,0,0,0,0,0,0,0,0,0,0,0,0,0,0,0,0,0,0,0,0,2026-10-05
https://openalex.org/W4414594133,https://doi.org/10.1145/3769302,2025,1,article,1,1,0,529,0,,Quantum Neural Network Classifier for Cancer Registry System Testing: A Feasibility Study,0,0,0,0,0,0,0,0,0,0,0,0,0,0,0,0,0,0,0,0,0,0,0,0,2026-10-05
https://openalex.org/W4414603909,https://doi.org/10.1109/qpain66474.2025.11172247,2025,1,conference-paper,0,1,0,,0,,Multiqubit Quantum Convolutional Neural Networks for Efficient AI-Driven Healthcare Analytics,1,0,1,0,0,0,1,0,1,0,1,0,0,0,0,0,0,0,0,0,0,0,0,0,2026-10-05
https://openalex.org/W4414887069,https://doi.org/10.1002/qute.202500575,2025,1,article,1,1,0,530,0,,Multi‐Channel Convolutional Neural Quantum Embedding,1,0,0,1,1,0,0,0,1,0,0,1,1,0,0,0,1,0,0,0,1,0,0,0,2026-10-05
https://openalex.org/W4414941439,https://doi.org/10.1007/s11227-025-07922-3,2025,1,article,0,0,0,,0,,Hqsan: a hybrid quantum self-attention network for remote sensing image scene classification,0,0,0,0,0,0,0,0,0,0,0,0,0,0,0,0,0,0,0,0,0,0,0,0,2026-10-05
https://openalex.org/W4415004347,https://doi.org/10.1109/ciacon65473.2025.11189424,2025,1,conference-paper,1,1,0,531,0,,A Quantum-Enhanced Model for Accurate Breast Cancer Classification and Early Diagnosis,0,1,0,0,0,0,0,0,0,0,0,0,0,0,0,0,0,0,0,0,0,0,0,0,2026-10-05
https://openalex.org/W4415022857,https://doi.org/10.48550/arxiv.2505.14192,2025,1,preprint,1,1,0,532,0,,QSVM-QNN: Quantum Support Vector Machine Based Quantum Neural Network Learning Algorithm for Brain-Computer Interfacing Systems,0,1,0,0,0,0,0,0,0,1,0,0,0,0,0,0,0,0,0,0,0,0,0,0,2026-10-05
https://openalex.org/W4415208416,https://doi.org/10.12732/ijam.v38i6s.454,2025,1,article,0,1,0,,0,,QUANTUM CONVOLUTIONAL NEURAL NETWORKS FOR ENHANCED SKIN CANCER CLASSIFICATION: A HYBRID APPROACH,1,0,1,0,1,0,0,0,1,0,1,0,0,0,0,0,0,0,0,0,0,0,0,0,2026-10-05
https://openalex.org/W4415400051,https://doi.org/10.1109/sisy67000.2025.11205415,2025,1,conference-paper,1,1,0,533,0,,Quantum Machine Learning-Based Intrusion Detection: A Comparative Study on Real Quantum Hardware,1,0,0,0,1,0,0,0,1,0,0,0,0,0,0,0,0,0,0,0,0,0,0,0,2026-10-05
https://openalex.org/W4415709702,https://doi.org/10.1109/roedunet68395.2025.11208484,2025,1,conference-paper,1,1,0,534,0,,"Benchmarking Quantum, Classic, Electronic Optocoupler Neurons and Neural Networks",0,0,0,0,0,0,0,0,0,0,0,0,0,0,0,0,0,0,0,0,0,0,0,0,2026-10-05
https://openalex.org/W4415884424,https://doi.org/10.1038/s41598-025-22524-y,2025,1,article,1,1,0,535,0,,Variational quantum enhanced deep transfer learning for small underwater aqua species image classification,0,0,0,0,0,0,0,0,0,0,0,0,0,0,0,0,0,0,0,0,0,0,0,0,2026-10-05
https://openalex.org/W4416053834,https://doi.org/10.48550/arxiv.2504.10673,2025,1,preprint,1,1,0,536,0,,Quantum Phases Classification Using Quantum Machine Learning with SHAP-Driven Feature Selection,0,0,0,0,0,0,0,0,0,0,0,0,0,0,0,0,0,0,0,0,0,0,0,0,2026-10-05
https://openalex.org/W4416096000,https://doi.org/10.63278/jicrcr.vi.3419,2025,1,article,1,1,0,537,0,,Quantum Machine Learning For Credit Risk: A Next-Generation Approach To Risk Assessment,0,1,0,0,0,0,0,0,0,0,0,0,0,0,0,0,0,0,0,0,0,0,0,0,2026-10-05
https://openalex.org/W4416513975,https://doi.org/10.1109/isncc66965.2025.11250507,2025,1,conference-paper,1,1,0,538,0,,Towards Quantum-Enhanced Intrusion Detection in Industrial Control Systems: A Proof-of-Concept Using Variational Quantum Classifiers,1,0,0,0,0,0,0,0,1,0,0,0,0,0,0,0,0,0,0,0,0,0,0,0,2026-10-05
https://openalex.org/W4416513995,https://doi.org/10.1109/isncc66965.2025.11250400,2025,1,conference-paper,1,1,0,539,0,,Quantum Machine Learning: A Comparative Study of Variational Quantum Classifier with Classical Classifier Algorithms,1,1,0,0,0,1,0,0,1,1,0,0,0,0,0,0,0,0,0,0,0,0,0,0,2026-10-05
https://openalex.org/W4416616724,https://doi.org/10.1051/matecconf/202541702001,2025,1,conference-paper,1,1,0,540,0,,Comparing artificial neural networks with variational quantum circuits for biomedical data classification,0,0,0,0,0,0,0,0,0,0,0,0,0,0,0,0,0,0,0,0,0,0,0,0,2026-10-05
https://openalex.org/W4416751297,https://doi.org/10.1109/icrito66076.2025.11241603,2025,1,conference-paper,1,1,0,541,0,,Quantum Neural Networks for Enhanced Predictive Analytics in Cancer Prognosis,1,0,0,0,0,0,0,0,1,0,0,0,0,0,0,0,0,0,0,0,0,0,0,0,2026-10-05
https://openalex.org/W4416765540,https://doi.org/10.1038/s41598-025-27515-7,2025,1,article,0,1,0,,0,,Phishing threat mitigation in E-commerce using a quantum-enhanced hybrid AI framework,1,1,1,0,0,0,1,0,1,0,1,0,0,0,0,0,0,0,0,0,0,0,0,0,2026-10-05
https://openalex.org/W4416873880,https://doi.org/10.1109/qce65121.2025.00164,2025,1,conference-paper,1,1,0,542,0,,On the Mitigability of Probabilistic Photonics CNOT Failures of Variational Quantum Classifiers,0,1,0,1,0,1,0,1,0,1,0,1,0,0,0,0,0,0,0,0,0,0,0,0,2026-10-05
https://openalex.org/W4416874175,https://doi.org/10.1109/icoici65217.2025.11252795,2025,1,conference-paper,1,1,0,543,0,,"Cyber Threat Intelligence Detection and Response System using QNN Model with Flask Interface, Email, and Twilio Mobile Alerts",0,1,0,0,0,0,0,0,0,0,0,0,0,0,0,0,0,0,0,0,0,0,0,0,2026-10-05
https://openalex.org/W4416874430,https://doi.org/10.1109/qce65121.2025.00200,2025,1,conference-paper,1,1,0,544,0,,Learning to Program Quantum Measurements for Machine Learning,1,0,1,1,1,0,1,1,1,0,1,1,0,0,0,1,0,0,0,0,0,0,0,1,2026-10-05
https://openalex.org/W4416875094,https://doi.org/10.1109/qce65121.2025.10347,2025,1,conference-paper,1,1,0,545,0,,Quantum Adaptive Excitation Network with Variational Quantum Circuits for Channel Attention,0,1,0,0,0,0,0,0,0,1,0,0,0,0,0,0,0,0,0,0,0,0,0,0,2026-10-05
https://openalex.org/W4416875352,https://doi.org/10.1109/qce65121.2025.00191,2025,1,conference-paper,1,1,0,546,0,,QAS-QTNs: Curriculum Reinforcement Learning-Driven Quantum Architecture Search for Quantum Tensor Networks,0,1,0,0,0,1,0,0,0,1,0,0,0,1,0,0,0,1,0,0,0,1,0,0,2026-10-05
https://openalex.org/W4417026402,https://doi.org/10.1007/s11128-025-04998-x,2025,1,article,1,0,0,,0,,Single-qudit quantum neural networks for multiclass classification,0,0,0,0,0,0,0,0,0,0,0,0,0,0,0,0,0,0,0,0,0,0,0,0,2026-10-05
https://openalex.org/W4417121260,https://doi.org/10.1007/s11227-025-08121-w,2025,1,article,0,0,0,,0,,SQO-LSTM: a single quantum-output long short-term memory for classification tasks,0,0,0,0,0,0,0,0,0,0,0,0,0,0,0,0,0,0,0,0,0,0,0,0,2026-10-05
https://openalex.org/W4417319819,https://doi.org/10.1080/14786435.2025.2600762,2025,1,article,1,1,0,547,0,,An ablation study on hybrid quantum neural networks for enhancing brain tumour diagnosis,0,1,0,0,0,0,0,0,0,1,0,0,0,0,0,0,0,0,0,0,0,0,0,0,2026-10-05
https://openalex.org/W4417339383,https://doi.org/10.1109/iceccme64568.2025.11277717,2025,1,conference-paper,1,1,0,548,0,,An Insight on the Application of Variational Quantum Classifiers for User Classification Based on Energy Consumption Patterns,0,0,0,1,0,0,0,0,0,0,0,1,0,0,0,0,0,0,0,0,0,0,0,0,2026-10-05
https://openalex.org/W7109770553,https://doi.org/10.65511/jaima.v1i1.738,2025,1,article,0,1,0,,0,,Hybrid Quantum-Classical Convolutional Neural Networks with Gradient Variance-Controlled Optimization for Medical Images Classification,0,0,1,0,0,0,1,0,0,0,1,0,0,0,1,0,0,0,0,0,0,0,1,0,2026-10-05
https://openalex.org/W7116735039,https://doi.org/10.1140/epjc/s10052-025-15189-4,2025,1,article,1,1,0,549,0,,On the integration of quantum machine learning into hybrid frameworks for high energy particle physics,0,0,1,0,0,0,1,0,0,0,1,0,0,0,0,0,0,0,0,0,0,0,0,0,2026-10-05
https://openalex.org/W7117481491,https://doi.org/10.1038/s41598-025-28942-2,2025,1,article,0,1,0,,0,,Functional near-infrared spectroscopy for the detection of fear using parameterized quantum circuits,0,0,0,0,0,0,0,0,0,0,0,0,0,0,0,0,0,0,0,0,0,0,0,0,2026-10-05
https://openalex.org/W7117970083,https://doi.org/10.1007/978-3-032-11352-8_8,2025,1,conference-paper,0,0,0,,0,,Toward Quantum NLP: A Transfer Learning Based BERT Transformer- QML Framework for Spam Text Semantics Modeling,0,0,0,0,0,0,0,0,0,0,0,0,0,0,0,0,0,0,0,0,0,0,0,0,2026-10-05
https://openalex.org/W7124179392,https://doi.org/10.1109/icacrs67045.2025.11324437,2025,1,conference-paper,1,1,0,550,0,,Explainable Hybrid Quantum–Classical Models for Student and Employee Dropout Prediction: A Comparative Analysis,0,0,0,0,0,0,0,0,0,0,0,0,0,0,0,0,0,0,0,0,0,0,0,0,2026-10-05
https://openalex.org/W7124956632,https://doi.org/10.1109/cbase67452.2025.11335444,2025,1,conference-paper,1,1,0,551,0,,QResNet: A Hybrid Quantum-Classical Network For Medical Image Classification,0,1,1,0,0,0,1,0,0,0,1,0,0,0,0,0,0,0,0,0,0,0,0,0,2026-10-05
https://openalex.org/W7125801972,https://doi.org/10.1109/inmic65900.2025.11348289,2025,1,conference-paper,1,1,0,552,0,,Quantum Infused Multi-Modal Sentiment Analysis of Low Resourced Language,1,0,1,0,0,0,1,0,1,0,1,0,0,0,0,0,0,0,0,0,0,0,0,0,2026-10-05
https://openalex.org/W7129018398,https://doi.org/10.64206/xkc03w12,2024,1,article,1,1,0,553,0,,"Quantum Machine Learning: Algorithms, Applications, and Limitations",1,1,0,0,1,0,0,0,1,0,0,0,0,0,0,0,0,0,0,0,0,0,0,0,2026-10-05
https://openalex.org/W7131108449,https://doi.org/10.1109/aisp68263.2025.11396250,2025,1,conference-paper,1,1,0,554,0,,A Deep Learning Driven Quantum Hybrid Approach for Early Breast Cancer Detection,0,0,0,0,0,0,0,0,0,0,0,0,0,0,0,0,0,0,0,0,0,0,0,0,2026-10-05
https://openalex.org/W7131388994,https://doi.org/10.1109/icaiihi67124.2025.11403130,2025,1,conference-paper,1,1,0,555,0,,Leveraging Quantum Computing for Enhanced Medical Image Processing and Diagnostics,0,0,0,0,0,0,0,0,0,0,0,0,0,0,0,0,0,0,0,0,0,0,0,0,2026-10-05
https://openalex.org/W7133208930,https://doi.org/10.1109/ocit66168.2025.11400323,2025,1,conference-paper,1,1,0,556,0,,An Ensemble Based Predictive Analysis for Chronic Kidney Disease with Quantum Neural Networks,0,0,0,0,0,0,0,0,0,0,0,0,0,0,0,0,0,0,0,0,0,0,0,0,2026-10-05
https://openalex.org/W7133325637,https://doi.org/10.1109/ciotsc67482.2025.11413040,2025,1,conference-paper,1,1,0,557,0,,Evolutionary Ansatz Selection for Post-Variational Quantum Neural Networks,0,1,0,0,0,1,0,0,0,1,0,0,0,1,0,0,0,1,0,0,0,1,0,0,2026-10-05
https://openalex.org/W7134234344,https://doi.org/10.30574/wjarr.2023.19.1.1377,2023,1,review,1,1,0,558,0,,Quantum Machine Learning for Early Disease Diagnosis: A Systematic Review and Public Health Innovation Perspective,0,1,0,0,0,0,0,0,0,0,0,0,0,0,0,0,0,0,0,0,0,0,0,0,2026-10-05
https://openalex.org/W7138324647,https://doi.org/10.18653/v1/2025.quantumnlp-1.6,2025,1,conference-paper,1,1,0,559,0,,A Review of Quantum Computing Approaches to Semantic Search and Text Classification in Natural Language Processing,1,1,0,0,1,0,0,0,1,1,0,0,0,0,0,0,0,0,0,0,0,0,0,0,2026-10-05
https://openalex.org/W7140286992,https://doi.org/10.1109/gcwcn66157.2025.11448343,2025,1,conference-paper,1,1,0,560,0,,A Comprehensive Review of Hybrid Quantum–Classical Approaches for Image Classification,0,0,0,0,0,0,0,0,0,0,0,0,0,0,0,0,0,0,0,0,0,0,0,0,2026-10-05
https://openalex.org/W7151562690,https://doi.org/10.1109/icosec67334.2025.11459775,2025,1,conference-paper,1,1,0,561,0,,Quantum Machine Learning Framework for Predicting Risk and Market Volatility,0,0,0,0,0,0,0,0,0,0,0,0,0,0,0,0,0,0,0,0,0,0,0,0,2026-10-05
https://openalex.org/W7154060251,https://doi.org/10.1109/ibitec66306.2025.11473036,2025,1,conference-paper,1,1,0,562,0,,Hybrid Quantum Neural Networks for Enhanced Breast Cancer Thermographic Classification: A Novel Quantum-Classical Integration Approach,1,1,0,0,0,0,0,0,1,0,0,0,0,0,0,0,0,0,0,0,0,0,0,0,2026-10-05
https://openalex.org/W7154977953,https://doi.org/10.1109/chilecon66915.2025.11476147,2025,1,conference-paper,1,1,0,563,0,,The Variational Quantum Classifier from Qiskit Machine Learning Applied to the Classification of Pulsar Stars,1,1,0,0,1,1,0,0,1,1,0,0,0,0,0,0,0,0,0,0,0,0,0,0,2026-10-05
https://openalex.org/W3082381953,https://doi.org/10.31026/j.eng.2014.04.03,2023,0,article,1,1,0,564,0,,Data Classification using Quantum Neural Network,0,0,0,0,0,0,0,0,0,0,0,0,0,0,0,0,0,0,0,0,0,0,0,0,2026-10-05
https://openalex.org/W4221145417,https://doi.org/10.48550/arxiv.2202.01899,2022,0,preprint,1,1,0,565,0,,DeepQMLP: A Scalable Quantum-Classical Hybrid DeepNeural Network Architecture for Classification,1,1,1,1,1,0,1,0,1,1,1,1,0,0,0,0,0,0,0,0,0,0,0,0,2026-10-05
https://openalex.org/W4221159802,https://doi.org/10.48550/arxiv.2203.08884,2022,0,preprint,1,1,0,566,0,,Quantum Kernel Methods for Solving Differential Equations,1,0,1,0,1,0,1,0,1,0,1,0,0,0,0,0,0,0,0,0,0,0,0,0,2026-10-05
https://openalex.org/W4224321365,https://doi.org/10.16984/saufenbilder.1018716,2022,0,article,1,1,0,567,0,,Quantum Reservoir Parameter Estimation via Fisher Information,0,0,0,0,0,0,0,0,0,0,0,0,0,0,0,0,0,0,0,0,0,0,0,0,2026-10-05
https://openalex.org/W4224937912,https://doi.org/10.1109/icscds53736.2022.9760865,2022,0,conference-paper,1,1,0,568,0,,Perception of Age and Gender Detection by using Hierarchical Deep Learning Architecture through Vision,0,0,0,0,0,0,0,0,0,0,0,0,0,0,0,0,0,0,0,0,0,0,0,0,2026-10-05
https://openalex.org/W4226275733,https://doi.org/10.48550/arxiv.2204.02797,2022,0,preprint,1,1,0,569,0,,Classification of NEQR Processed Classical Images using Quantum Neural Networks (QNN),0,1,1,0,0,0,1,0,0,1,1,0,0,0,0,0,0,0,0,0,0,0,0,0,2026-10-05
https://openalex.org/W4229012676,https://doi.org/10.48550/arxiv.2205.02666,2022,0,preprint,1,1,0,570,0,,LAWS: Look Around and Warm-Start Natural Gradient Descent for Quantum Neural Networks,0,0,1,0,0,0,1,0,0,0,1,0,0,0,1,0,0,0,0,0,0,0,1,0,2026-10-05
https://openalex.org/W4281628543,https://doi.org/10.48550/arxiv.2205.13184,2022,0,preprint,1,1,0,571,0,,"Sequential measurements, TQFTs, and TQNNs",0,0,0,1,0,0,0,1,0,0,0,1,0,0,0,1,0,0,0,0,0,0,0,1,2026-10-05
https://openalex.org/W4283319243,https://doi.org/10.48550/arxiv.2206.09893,2022,0,preprint,1,1,0,572,0,,Variational Quantum and Quantum-Inspired Clustering,0,0,0,0,0,0,0,0,0,0,0,0,0,0,0,0,0,0,0,0,0,0,0,0,2026-10-05
https://openalex.org/W4285091898,https://doi.org/10.21203/rs.3.rs-1807201/v1,2022,0,preprint,1,1,0,573,0,,Classical-Quantum Hybrid Transfer Learning for COVID-19 Classification,0,0,0,0,0,0,0,0,0,0,0,0,0,0,0,0,0,0,0,0,0,0,0,0,2026-10-05
https://openalex.org/W4293089153,https://doi.org/10.48550/arxiv.2203.03550,2022,0,preprint,1,1,0,574,0,,When BERT Meets Quantum Temporal Convolution Learning for Text Classification in Heterogeneous Computing,0,0,0,0,0,0,0,0,0,0,0,0,0,0,0,0,0,0,0,0,0,0,0,0,2026-10-05
https://openalex.org/W4293792803,https://doi.org/10.21203/rs.3.rs-1966967/v1,2022,0,preprint,1,1,0,575,0,,Comparing Quantum and Classical Machine Learningfor Vector Boson Scattering Background Reduction at the Large Hadron Collide,0,0,0,0,0,0,0,0,0,0,0,0,0,0,0,0,0,0,0,0,0,0,0,0,2026-10-05
https://openalex.org/W4297194727,https://doi.org/10.4015/s1016237222500442,2022,0,article,1,1,0,576,0,,TAYLOR-IIWO: TAYLOR IMPROVED INVASIVE WEED OPTIMIZATION-ENABLED DEEP QUANTUM NEURAL NETWORK FOR BRAIN TUMOR SEGMENTATION AND CLASSIFICATION,0,0,0,0,0,0,0,0,0,0,0,0,0,0,0,0,0,0,0,0,0,0,0,0,2026-10-05
https://openalex.org/W4297920794,https://doi.org/10.23880/jenr-16000296,2022,0,article,1,1,0,577,0,,Optimizing a Variational Quantum Classifier through the Behavior Analysis of its Components,0,0,0,0,0,0,0,0,0,0,0,0,0,0,0,0,0,0,0,0,0,0,0,0,2026-10-05
https://openalex.org/W4301379430,https://doi.org/10.48550/arxiv.2208.02104,2022,0,preprint,1,1,0,578,0,,Active Learning on a Programmable Photonic Quantum Processor,0,0,0,0,0,0,0,0,0,0,0,0,0,0,0,0,0,0,0,0,0,0,0,0,2026-10-05
https://openalex.org/W4304192585,https://doi.org/10.48550/arxiv.2210.03221,2022,0,preprint,1,1,0,579,0,,PQLM -- Multilingual Decentralized Portable Quantum Language Model for Privacy Protection,1,0,0,0,0,0,0,0,1,0,0,0,0,0,0,0,0,0,0,0,0,0,0,0,2026-10-05
https://openalex.org/W4304699750,https://doi.org/10.48550/arxiv.2210.03771,2022,0,preprint,1,1,0,580,0,,Gamma-hadron Separation in Imaging Atmospheric Cherenkov Telescopes using Quantum Classifiers,0,0,0,0,0,0,0,0,0,0,0,0,0,0,0,0,0,0,0,0,0,0,0,0,2026-10-05
https://openalex.org/W4307533388,https://doi.org/10.48550/arxiv.2206.04804,2022,0,preprint,1,1,0,581,0,,Theoretical Error Performance Analysis for Variational Quantum Circuit Based Functional Regression,0,0,0,0,0,0,0,0,0,0,0,0,0,0,0,0,0,0,0,0,0,0,0,0,2026-10-05
https://openalex.org/W4308012972,https://doi.org/10.48550/arxiv.2211.00004,2022,0,preprint,1,1,0,582,0,,Classical ensemble of Quantum-classical ML algorithms for Phishing detection in Ethereum transaction networks,0,0,0,0,0,0,0,0,0,0,0,0,0,0,0,0,0,0,0,0,0,0,0,0,2026-10-05
https://openalex.org/W4309873611,https://doi.org/10.48550/arxiv.2211.12207,2022,0,preprint,1,1,0,583,0,,Photonic Quantum Computing For Polymer Classification,1,0,0,0,0,0,0,0,1,0,0,0,0,0,0,0,0,0,0,0,0,0,0,0,2026-10-05
https://openalex.org/W4310236358,https://doi.org/10.22323/1.414.0231,2022,0,conference-paper,1,1,0,584,0,,Quantum Machine Learning for b-jet charge identification,0,1,0,0,0,0,0,0,0,0,0,0,0,0,0,0,0,0,0,0,0,0,0,0,2026-10-05
https://openalex.org/W4311325728,https://doi.org/10.21203/rs.3.rs-2364684/v1,2022,0,preprint,1,1,0,585,0,,Comparing Quantum and Classical Machine Learning for Vector Boson Scattering Background Reduction at the Large Hadron Collider,0,0,0,0,0,0,0,0,0,0,0,0,0,0,0,0,0,0,0,0,0,0,0,0,2026-10-05
https://openalex.org/W4311553232,https://doi.org/10.48550/arxiv.2212.06207,2022,0,preprint,1,1,0,586,0,,Quantum Phase Recognition using Quantum Tensor Networks,0,1,0,0,0,1,0,0,0,1,0,0,0,0,0,0,0,0,0,0,0,0,0,0,2026-10-05
https://openalex.org/W4312107569,https://doi.org/10.48550/arxiv.2212.10742,2022,0,preprint,1,1,0,587,0,,Realization of a quantum neural network using repeat-until-success circuits in a superconducting quantum processor,0,0,0,0,0,0,0,0,0,0,0,0,0,0,0,0,0,0,0,0,0,0,0,0,2026-10-05
https://openalex.org/W4312579025,https://doi.org/10.1109/qce53715.2022.00116,2022,0,conference-paper,1,1,0,588,0,,Experimentally Realizable Continuous-variable Quantum Neural Networks,0,0,0,1,0,0,0,0,0,0,0,1,0,0,0,0,0,0,0,0,0,0,0,0,2026-10-05
https://openalex.org/W4312728655,https://doi.org/10.2139/ssrn.4242754,2022,0,preprint,0,0,0,,0,,HCQC: Hybrid Classical -Quantum -Classical Transfer Learning Method for COVID-19 Detection,0,0,0,0,0,0,0,0,0,0,0,0,0,0,0,0,0,0,0,0,0,0,0,0,2026-10-05
https://openalex.org/W4313452892,https://doi.org/10.1109/sec54971.2022.00063,2022,0,conference-paper,1,1,0,589,0,,Classification With Unimodular Matrices In Hybrid Models,0,1,0,0,0,1,0,0,0,1,0,0,0,0,0,0,0,0,0,0,0,0,0,0,2026-10-05
https://openalex.org/W4313469369,https://doi.org/10.32657/10356/163440,2022,0,dissertation,1,1,0,590,0,,Quantum optics of exciton polariton networks,0,0,0,1,0,0,0,0,0,0,0,1,0,0,0,0,0,0,0,0,0,0,0,0,2026-10-05
https://openalex.org/W4313483429,https://doi.org/10.48550/arxiv.2301.00109,2022,0,preprint,1,1,0,591,0,,Quantum Machine Learning Applied to the Classification of Diabetes,0,0,0,0,0,0,0,0,0,0,0,0,0,0,0,0,0,0,0,0,0,0,0,0,2026-10-05
https://openalex.org/W4313598439,https://doi.org/10.48550/arxiv.2301.01597,2022,0,preprint,1,1,0,592,0,,Problem-Dependent Power of Quantum Neural Networks on Multi-Class Classification,1,0,0,0,1,0,0,0,1,0,0,0,0,0,0,0,0,0,0,0,0,0,0,0,2026-10-05
https://openalex.org/W4315562821,https://doi.org/10.1364/fio.2022.jw5a.93,2022,0,conference-paper,1,1,0,593,0,,Implementation of variational quantum classifier with structured light,1,0,0,0,0,0,0,0,1,0,0,0,0,0,0,0,0,0,0,0,0,0,0,0,2026-10-05
https://openalex.org/W4320712052,https://doi.org/10.48550/arxiv.2210.09728,2022,0,preprint,1,1,0,594,0,,3D Scalable Quantum Convolutional Neural Networks for Point Cloud Data Processing in Classification Applications,0,0,1,0,0,0,1,0,0,0,1,0,0,0,0,0,0,0,0,0,0,0,0,0,2026-10-05
https://openalex.org/W4324324669,https://doi.org/10.21203/rs.3.rs-1919180/v2,2023,0,preprint,1,0,0,,0,,WITHDRAWN: Evaluation of Different Ansatze Designs for Quantum Neural Network Binary Classifiers,0,1,0,0,0,1,0,0,0,1,0,0,0,1,0,0,0,1,0,0,0,1,0,0,2026-10-05
https://openalex.org/W4327525611,https://doi.org/10.48550/arxiv.2303.07906,2023,0,preprint,0,1,0,,0,,A hybrid quantum-classical classifier based on branching multi-scale entanglement renormalization ansatz,0,1,0,1,0,1,0,0,0,1,0,1,0,1,0,0,0,1,0,0,0,1,0,0,2026-10-05
https://openalex.org/W4327526603,https://doi.org/10.48550/arxiv.2303.08116,2023,0,preprint,1,1,0,595,0,,Optimizing Quantum Federated Learning Based on Federated Quantum Natural Gradient Descent,0,0,1,0,0,0,0,0,0,0,1,0,0,0,1,0,0,0,0,0,0,0,1,0,2026-10-05
https://openalex.org/W4327667464,https://doi.org/10.48550/arxiv.2303.08293,2023,0,preprint,0,1,0,,0,,Quantum adversarial metric learning model based on triplet loss function,0,1,1,0,0,0,0,0,0,0,1,0,0,0,0,0,0,0,0,0,0,0,0,0,2026-10-05
https://openalex.org/W4365508529,https://doi.org/10.21203/rs.3.rs-2744567/v1,2023,0,preprint,1,1,0,596,0,,Hybrid parameters for fluid identification using an improved quantum neural network in a tight reservoir,0,0,0,0,0,0,0,0,0,0,0,0,0,0,0,0,0,0,0,0,0,0,0,0,2026-10-05
https://openalex.org/W4377086682,https://doi.org/10.48550/arxiv.2305.09738,2023,0,preprint,1,1,0,597,0,,CQural: A Novel CNN based Hybrid Architecture for Quantum Continual Machine Learning,0,0,0,0,0,0,0,0,0,0,0,0,0,0,0,0,0,0,0,0,0,0,0,0,2026-10-05
https://openalex.org/W4379114895,https://doi.org/10.1002/9781119905172.ch18,2023,0,other,1,1,0,598,0,,Quantum Intelligent Systems and Deep Learning,0,0,1,0,0,0,1,0,0,0,1,0,0,0,0,0,0,0,0,0,0,0,0,0,2026-10-05
https://openalex.org/W4379134816,https://doi.org/10.2139/ssrn.4467894,2023,0,preprint,0,0,0,,0,,Pqclp: Parameterized Quantum Circuit Based Link Prediction in Dynamic Networks,0,0,0,0,0,0,0,0,0,0,0,0,0,0,0,0,0,0,0,0,0,0,0,0,2026-10-05
https://openalex.org/W4379539633,https://doi.org/10.48550/arxiv.2306.02525,2023,0,preprint,1,1,0,599,0,,Experimentally Realizable Continuous-variable Quantum Neural Networks,0,0,0,1,0,0,0,0,0,0,0,1,0,0,0,0,0,0,0,0,0,0,0,0,2026-10-05
https://openalex.org/W4383425316,https://doi.org/10.34219/2078-8320-2023-14-2-23-26,2023,0,article,1,1,0,600,0,,Research and development of a quantum recurrent neural network for learning,0,0,0,0,0,0,0,0,0,0,0,0,0,0,0,0,0,0,0,0,0,0,0,0,2026-10-05
https://openalex.org/W4385224901,https://doi.org/10.1515/9783110798159-007,2023,0,book-chapter,1,1,0,601,0,,7 Quantum transfer learning to detect passive attacks in SDN-IOT,0,0,0,0,0,0,0,0,0,0,0,0,0,0,0,0,0,0,0,0,0,0,0,0,2026-10-05
https://openalex.org/W4385261014,https://doi.org/10.48550/arxiv.2307.11875,2023,0,preprint,1,1,0,602,0,,MORE: Measurement and Correlation Based Variational Quantum Circuit for Multi-classification,0,1,0,1,0,1,0,1,0,1,0,1,0,0,0,1,0,0,0,0,0,0,0,1,2026-10-05
https://openalex.org/W4385292628,https://doi.org/10.48550/arxiv.2307.13511,2023,0,preprint,1,1,0,603,0,,Estimating Entanglement Entropy via Variational Quantum Circuits with Classical Neural Networks,0,1,0,0,0,0,0,0,0,0,0,0,0,1,0,0,0,0,0,0,0,0,0,0,2026-10-05
https://openalex.org/W4386621631,https://doi.org/10.48550/arxiv.2309.04465,2023,0,preprint,0,1,0,,0,,Variational Quantum Approximated Spectral Clustering,0,1,0,0,0,0,0,0,0,1,0,0,0,0,0,0,0,0,0,0,0,0,0,0,2026-10-05
https://openalex.org/W4386722127,https://doi.org/10.48550/arxiv.2309.06377,2023,0,preprint,1,1,0,604,0,,Adversarial attacks on hybrid classical-quantum Deep Learning models for Histopathological Cancer Detection,0,1,0,0,0,1,0,0,0,1,0,0,0,0,0,0,0,0,0,0,0,0,0,0,2026-10-05
https://openalex.org/W4386907498,https://doi.org/10.48550/arxiv.2309.10441,2023,0,preprint,1,1,0,605,0,,Coreset selection can accelerate quantum machine learning models with provable generalization,0,0,0,0,0,0,0,0,0,0,0,0,0,0,0,0,0,0,0,0,0,0,0,0,2026-10-05
https://openalex.org/W4387774066,https://doi.org/10.1007/s11128-023-04127-6,2023,0,article,0,0,0,,0,,A design method for efficient variational quantum models based on specific Pauli axis,0,0,0,0,0,0,0,0,0,0,0,0,0,0,0,0,0,0,0,0,0,0,0,0,2026-10-05
https://openalex.org/W4387973875,https://doi.org/10.21203/rs.3.rs-3490986/v1,2023,0,preprint,0,0,0,,0,,Recognizing Good Variational Quantum Circuits with Monte Carlo Tree Search,0,0,0,0,0,0,0,0,0,0,0,0,0,0,0,0,0,0,0,0,0,0,0,0,2026-10-05
https://openalex.org/W4388269118,https://doi.org/10.14209/sbrt.2023.1570916643,2023,0,conference-paper,1,1,0,606,0,,Quantum Classifiers applied to Multi-User Detector in Communications Systems,1,0,0,0,0,0,0,0,1,0,0,0,0,0,0,0,0,0,0,0,0,0,0,0,2026-10-05
https://openalex.org/W4388716398,https://doi.org/10.48550/arxiv.2311.08081,2023,0,preprint,1,1,0,607,0,,Evolutionary-enhanced quantum supervised learning model,1,1,1,0,1,1,1,0,1,1,1,0,0,0,0,0,0,0,0,0,0,0,0,0,2026-10-05
https://openalex.org/W4388743639,https://doi.org/10.54254/2753-8818/12/20230440,2023,0,article,1,1,0,608,0,,Analysis of the principle and state-of-art applications for quantum neural network,0,0,0,0,0,0,0,0,0,0,0,0,0,0,0,0,0,0,0,0,0,0,0,0,2026-10-05
https://openalex.org/W4388878253,https://doi.org/10.2139/ssrn.4638956,2023,0,preprint,0,0,0,,0,,A Degressive Quantum Convolutional Neural Network and for Quantum State Classification and Code Recognition,0,0,0,0,0,0,0,0,0,0,0,0,0,0,0,0,0,0,0,0,0,0,0,0,2026-10-05
https://openalex.org/W4389004261,https://doi.org/10.55606/jeei.v2i3.916,2022,0,article,1,1,0,609,0,,EXPLORATION OF AMPLITUDE CODING CAPACITIES FOR Q-ML MODEL,0,0,0,0,0,0,0,0,0,0,0,0,0,0,0,0,0,0,0,0,0,0,0,0,2026-10-05
https://openalex.org/W4389076668,https://doi.org/10.1201/9781003374404-23,2023,0,book-chapter,1,1,0,610,0,,Hybrid Approaches-Variational Classification,0,1,1,1,0,1,1,0,0,1,1,1,0,0,0,0,0,0,0,0,0,0,0,0,2026-10-05
https://openalex.org/W4389116220,https://doi.org/10.48550/arxiv.2311.15663,2023,0,preprint,1,1,0,611,0,,Comparison between Tensor Networks and Variational Quantum Classifier,0,1,1,0,0,1,1,0,0,1,1,0,0,0,0,0,0,0,0,0,0,0,0,0,2026-10-05
https://openalex.org/W4389157043,https://doi.org/10.48550/arxiv.2311.16866,2023,0,preprint,1,1,0,612,0,,Quantum Metric Learning for New Physics Searches at the LHC,1,0,0,0,1,0,0,0,1,0,0,0,0,0,0,0,0,0,0,0,0,0,0,0,2026-10-05
https://openalex.org/W4389158993,https://doi.org/10.1109/qce57702.2023.10265,2023,0,conference-paper,1,1,0,613,0,,A Study on Concentric Feature Embeddings in Variational Multiclass Classification for Small-Scale Quantum Computers,1,0,0,0,0,0,0,0,1,0,0,0,1,0,0,0,0,0,0,0,1,0,0,0,2026-10-05
https://openalex.org/W4389326163,https://doi.org/10.48550/arxiv.2312.00688,2023,0,preprint,1,1,0,614,0,,Towards Transparency in Coreference Resolution: A Quantum-Inspired Approach,0,0,0,0,0,0,0,0,0,0,0,0,0,0,0,0,0,0,0,0,0,0,0,0,2026-10-05
https://openalex.org/W4389363321,https://doi.org/10.48550/arxiv.2312.01024,2023,0,preprint,1,1,0,615,0,,Hybrid Quantum Neural Network in High-dimensional Data Classification,0,0,0,0,0,0,0,0,0,0,0,0,0,0,0,0,0,0,0,0,0,0,0,0,2026-10-05
https://openalex.org/W4389363560,https://doi.org/10.48550/arxiv.2312.01221,2023,0,preprint,0,1,0,,0,,Enabling Quantum Natural Language Processing for Hindi Language,0,1,0,0,0,1,0,0,0,1,0,0,0,0,0,0,0,0,0,0,0,0,0,0,2026-10-05
https://openalex.org/W4390718355,https://doi.org/10.21203/rs.3.rs-3850071/v1,2024,0,preprint,0,0,0,,0,,Real-time Hybrid Facial Expression Analysis Model Using Quantum Distance-based Classifier and Classical Artificial Neural Networks : QUADCANN,0,0,0,0,0,0,0,0,0,0,0,0,0,0,0,0,0,0,0,0,0,0,0,0,2026-10-05
https://openalex.org/W4391075674,https://doi.org/10.21203/rs.3.rs-3876410/v1,2024,0,preprint,0,0,0,,0,,Beyond Limits: Charting New Horizons in Glioma Tumor Classification through Hybrid Quantum Computing with The Cancer Genome Atlas (TCGA) Data,0,0,0,0,0,0,0,0,0,0,0,0,0,0,0,0,0,0,0,0,0,0,0,0,2026-10-05
https://openalex.org/W4391376605,https://doi.org/10.48550/arxiv.2401.15871,2024,0,preprint,1,1,0,616,0,,Enhancing the expressivity of quantum neural networks with residual connections,1,1,1,0,1,0,1,0,1,1,1,0,0,1,0,0,0,0,0,0,0,1,0,0,2026-10-05
https://openalex.org/W4391564055,https://doi.org/10.1103/physreva.109.022602,2024,0,article,1,1,0,617,0,,Quantum algorithms for state preparation and data classification based on stabilizer codes,1,1,0,1,1,0,0,0,1,0,0,1,0,0,0,0,0,0,0,0,0,0,0,0,2026-10-05
https://openalex.org/W4391766446,https://doi.org/10.48550/arxiv.2402.06026,2024,0,preprint,1,1,0,618,0,,Quantum neural network with ensemble learning to mitigate barren plateaus and cost function concentration,0,0,1,0,0,0,1,0,0,0,1,0,0,0,1,0,0,0,1,0,0,0,1,0,2026-10-05
https://openalex.org/W4391910155,https://doi.org/10.1016/b978-0-443-13697-9.00026-6,2024,0,book-chapter,0,0,0,,0,,Basics of deep learning,0,0,0,0,0,0,0,0,0,0,0,0,0,0,0,0,0,0,0,0,0,0,0,0,2026-10-05
https://openalex.org/W4392489514,https://doi.org/10.48550/arxiv.2403.02080,2024,0,preprint,1,1,0,619,0,,Hybrid Quantum Neural Network Advantage for Radar-Based Drone Detection and Classification in Low Signal-to-Noise Ratio,0,0,0,0,0,0,0,0,0,0,0,0,0,0,0,0,0,0,0,0,0,0,0,0,2026-10-05
https://openalex.org/W4392890634,https://doi.org/10.48550/arxiv.2403.09318,2024,0,preprint,1,1,0,620,0,,A Hierarchical Fused Quantum Fuzzy Neural Network for Image Classification,0,0,0,0,0,0,0,0,0,0,0,0,0,0,0,0,0,0,0,0,0,0,0,0,2026-10-05
https://openalex.org/W4393924555,https://doi.org/10.48550/arxiv.2404.01359,2024,0,preprint,1,1,0,621,0,,Parallel Proportional Fusion of Spiking Quantum Neural Network for Optimizing Image Classification,0,1,1,0,0,0,1,0,0,1,1,0,0,0,0,0,0,0,0,0,0,0,0,0,2026-10-05
https://openalex.org/W4394709320,https://doi.org/10.48550/arxiv.2404.06108,2024,0,preprint,1,1,0,622,0,,Symmetry-guided gradient descent for quantum neural networks,0,1,1,1,0,1,1,1,0,1,1,1,0,0,1,0,0,0,0,0,0,0,1,0,2026-10-05
https://openalex.org/W4395049462,https://doi.org/10.1007/s11128-024-04363-4,2024,0,article,0,0,0,,0,,Variational shadow quantum neural network based on immune optimisation algorithm,0,0,0,0,0,0,0,0,0,0,0,0,0,0,0,0,0,0,0,0,0,0,0,0,2026-10-05
https://openalex.org/W4396727557,https://doi.org/10.52783/jes.3149,2024,0,article,1,1,0,623,0,,Emotion Analysis of Literary Works Based on Qutrit-inspired Fully Self-supervised Quantum Neural Network,0,0,0,0,0,0,0,0,0,0,0,0,0,0,0,0,0,0,0,0,0,0,0,0,2026-10-05
https://openalex.org/W4397028246,https://doi.org/10.48550/arxiv.2405.09781,2024,0,preprint,1,1,0,624,0,,An Independent Implementation of Quantum Machine Learning Algorithms in Qiskit for Genomic Data,0,0,0,0,0,0,0,0,0,0,0,0,0,0,0,0,0,0,0,0,0,0,0,0,2026-10-05
https://openalex.org/W4398191698,https://doi.org/10.48550/arxiv.2405.11150,2024,0,preprint,1,1,0,625,0,,Enforcing exact permutation and rotational symmetries in the application of quantum neural network on point cloud datasets,1,0,0,0,0,0,0,0,1,0,0,0,0,0,0,0,0,0,0,0,0,0,0,0,2026-10-05
https://openalex.org/W4398795601,https://doi.org/10.48550/arxiv.2405.13515,2024,0,preprint,1,1,0,626,0,,Multi-Scale Feature Fusion Quantum Depthwise Convolutional Neural Networks for Text Classification,1,0,0,0,0,0,0,0,1,0,0,0,0,0,0,0,0,0,0,0,0,0,0,0,2026-10-05
https://openalex.org/W4399198412,https://doi.org/10.48550/arxiv.2405.18989,2024,0,preprint,1,1,0,627,0,,Classification analysis of transition-metal chalcogenides and oxides using quantum machine learning,0,1,0,0,0,1,0,0,0,1,0,0,0,0,0,0,0,0,0,0,0,0,0,0,2026-10-05
https://openalex.org/W4399399392,https://doi.org/10.48550/arxiv.2406.00843,2024,0,preprint,0,1,0,,0,,Diffusion-Inspired Quantum Noise Mitigation in Parameterized Quantum Circuits,0,0,0,0,0,0,0,0,0,0,0,0,0,0,0,0,0,0,0,0,0,0,0,0,2026-10-05
https://openalex.org/W4399593833,https://doi.org/10.1007/978-3-031-59318-5_15,2024,0,conference-paper,0,0,0,,0,,A Quantum-Inspired Deep Learning Models for Skin Lesion Classification,0,0,0,0,0,0,0,0,0,0,0,0,0,0,0,0,0,0,0,0,0,0,0,0,2026-10-05
https://openalex.org/W4400516901,https://doi.org/10.48550/arxiv.2407.04708,2024,0,preprint,1,1,0,628,0,,QMViT: A Mushroom is worth 16x16 Words,0,0,0,0,0,0,0,0,0,0,0,0,0,0,0,0,0,0,0,0,0,0,0,0,2026-10-05
https://openalex.org/W4400600656,https://doi.org/10.48550/arxiv.2407.07237,2024,0,preprint,1,1,0,629,0,,The Quantum Imitation Game: Reverse Engineering of Quantum Machine Learning Models,0,0,0,0,0,0,0,0,0,0,0,0,0,0,0,0,0,0,0,0,0,0,0,0,2026-10-05
https://openalex.org/W4400667631,https://doi.org/10.48550/arxiv.2407.08847,2024,0,preprint,1,1,0,630,0,,Predicting properties of quantum systems by regression on a quantum computer,0,1,0,1,0,0,0,1,0,0,0,1,0,0,0,0,0,0,0,0,0,0,0,0,2026-10-05
https://openalex.org/W4400957524,https://doi.org/10.1007/978-3-031-64836-6_41,2024,0,conference-paper,1,0,0,,0,,Optimization Techniques of Quantum Neural Network for Image Classification,0,0,0,0,0,0,0,0,0,0,0,0,0,0,0,0,0,0,0,0,0,0,0,0,2026-10-05
https://openalex.org/W4400971239,https://doi.org/10.1007/978-981-97-1724-8_14,2024,0,conference-paper,0,0,0,,0,,Brain Tumor Detection Using Quantum Neural Network,0,0,0,0,0,0,0,0,0,0,0,0,0,0,0,0,0,0,0,0,0,0,0,0,2026-10-05
https://openalex.org/W4401071754,https://doi.org/10.1109/iccea62105.2024.10603623,2024,0,conference-paper,1,1,0,631,0,,Quantum Neural Network Image Three-Classification Model Based on the Iris Dataset,1,1,0,0,1,1,0,0,1,1,0,0,0,0,0,0,0,0,0,0,0,0,0,0,2026-10-05
https://openalex.org/W4401173309,https://doi.org/10.1201/9781003534112-46,2024,0,book-chapter,1,1,0,632,0,,Comparative Analysis of Heart Failure Detection Using Quantum Enhanced Machine Learning,0,0,0,0,0,0,0,0,0,0,0,0,0,0,0,0,0,0,0,0,0,0,0,0,2026-10-05
https://openalex.org/W4401331144,https://doi.org/10.1103/physreva.110.022406,2024,0,article,1,1,0,633,0,,Symmetry-guided gradient descent for quantum neural networks,0,1,1,1,0,1,1,1,0,1,1,1,0,0,1,0,0,0,0,0,0,0,1,0,2026-10-05
https://openalex.org/W4401655676,https://doi.org/10.21203/rs.3.rs-4781022/v1,2024,0,preprint,1,0,0,,0,,Classification and reconstruction for single-pixel imaging with classical and quantum neural networks,0,0,0,0,0,0,0,0,0,0,0,0,0,0,0,0,0,0,0,0,0,0,0,0,2026-10-05
https://openalex.org/W4401904570,https://doi.org/10.48175/ijarsct-19440,2024,0,article,1,1,0,634,0,,Review Paper on Detection of Diabetic Retinopathy through Quantum Transfer Learning,0,0,0,0,0,0,0,0,0,0,0,0,0,0,0,0,0,0,0,0,0,0,0,0,2026-10-05
https://openalex.org/W4402187519,https://doi.org/10.1109/icocn63276.2024.10648370,2024,0,conference-paper,1,1,0,635,0,,Analysis of Influencing Factors in Quantum Neural Network for Solving Classification Problem,1,1,1,0,1,1,1,0,1,1,1,0,0,0,0,0,0,0,0,0,0,0,0,0,2026-10-05
https://openalex.org/W4402267250,https://doi.org/10.1364/cleo_fs.2024.fm2k.2,2024,0,conference-paper,0,1,0,,0,,Photonic Quantum Extreme Reservoir Computation,0,0,0,0,0,0,0,0,0,0,0,0,0,0,0,0,0,0,0,0,0,0,0,0,2026-10-05
https://openalex.org/W4402698707,https://doi.org/10.48550/arxiv.2408.12615,2024,0,preprint,1,1,0,636,0,,Pediatric TSC-Related Epilepsy Classification from Clinical MR Images Using Quantum Neural Network,0,1,0,0,0,1,0,0,0,1,0,0,0,0,0,0,0,0,0,0,0,0,0,0,2026-10-05
https://openalex.org/W4402701701,https://doi.org/10.48550/arxiv.2408.13812,2024,0,preprint,1,1,0,637,0,,Muon/Pion Identification at BESIII based on Variational Quantum Classifier,1,1,1,0,0,1,1,0,1,1,1,0,0,0,0,0,0,0,0,0,0,0,0,0,2026-10-05
https://openalex.org/W4402705813,https://doi.org/10.48550/arxiv.2408.15462,2024,0,preprint,1,1,0,638,0,,CTRQNets & LQNets: Continuous Time Recurrent and Liquid Quantum Neural Networks,0,0,0,0,0,0,0,0,0,0,0,0,0,0,0,0,0,0,0,0,0,0,0,0,2026-10-05
https://openalex.org/W4402922865,https://doi.org/10.1142/s0218001424570131,2024,0,article,1,1,0,639,0,,Optimization-Enabled Shepard Convolutional Quantum Neural Network for Brain Tumor Detection Using MRI Image,0,0,0,0,0,0,0,0,0,0,0,0,0,0,0,0,0,0,0,0,0,0,0,0,2026-10-05
https://openalex.org/W4402981404,https://doi.org/10.1117/12.3045429,2024,0,conference-paper,1,1,0,640,0,,Multiclassification quantum neural network based on variational quantum circuits,0,0,0,0,0,0,0,0,0,0,0,0,0,0,0,0,0,0,0,0,0,0,0,0,2026-10-05
https://openalex.org/W4403175196,https://doi.org/10.1109/confluence60223.2024.10703809,2024,0,retraction,1,1,0,641,0,,Retraction Notice: Binary Image Classification Using Machine Learning and Deep Quantum Neural Networks,0,0,0,0,0,0,0,0,0,0,0,0,0,0,0,0,0,0,0,0,0,0,0,0,2026-10-05
https://openalex.org/W4403232841,https://doi.org/10.1007/978-3-031-74183-8_19,2024,0,conference-paper,0,0,0,,0,,Implementation of Classical Decision Trees in a Quantum Computing Paradigm,0,0,0,0,0,0,0,0,0,0,0,0,0,0,0,0,0,0,0,0,0,0,0,0,2026-10-05
https://openalex.org/W4403564279,https://doi.org/10.48550/arxiv.2410.09121,2024,0,preprint,1,1,0,642,0,,Comparing Quantum Encoding Techniques,1,0,0,0,1,0,0,0,1,0,0,0,1,0,0,0,1,0,0,0,1,0,0,0,2026-10-05
https://openalex.org/W4404148481,https://doi.org/10.1360/sspma-2024-0416,2024,0,article,1,1,0,643,0,,基于变分量子深度神经网络的图像分类方法,0,0,1,0,0,0,1,0,0,0,1,0,0,0,0,0,0,0,0,0,0,0,0,0,2026-10-05
https://openalex.org/W4404330168,https://doi.org/10.1360/sspma-2024-0373,2024,0,article,1,1,0,644,0,,A quantum neural network for multi-classifications by using FRQI with extra measurement,1,0,1,1,0,0,1,0,1,0,1,1,0,0,0,1,0,0,0,0,0,0,0,1,2026-10-05
https://openalex.org/W4404355192,https://doi.org/10.48550/arxiv.2411.02313,2024,0,preprint,1,1,0,645,0,,Information plane and compression-gnostic feedback in quantum machine learning,0,0,1,0,0,0,0,0,0,0,1,0,0,0,0,0,0,0,0,0,0,0,0,0,2026-10-05
https://openalex.org/W4404365937,https://doi.org/10.21203/rs.3.rs-5371051/v1,2024,0,preprint,0,0,0,,0,,Investigating Parameter Initialization Techniques in Variational Quantum Circuits,0,0,1,0,0,0,1,0,0,0,1,0,0,0,1,0,0,0,1,0,0,0,1,0,2026-10-05
https://openalex.org/W4404397094,https://doi.org/10.48550/arxiv.2411.04740,2024,0,preprint,1,1,0,646,0,,Quantum Neural Network Classifier for Cancer Registry System Testing: A Feasibility Study,0,0,0,0,0,0,0,0,0,0,0,0,0,0,0,0,0,0,0,0,0,0,0,0,2026-10-05
https://openalex.org/W4404407809,https://doi.org/10.48550/arxiv.2411.08552,2024,0,preprint,1,1,0,647,0,,Leveraging Pre-Trained Neural Networks to Enhance Machine Learning with Variational Quantum Circuits,0,0,0,0,0,0,0,0,0,0,0,0,0,0,0,0,0,0,0,0,0,0,0,0,2026-10-05
https://openalex.org/W4404663536,https://doi.org/10.21203/rs.3.rs-5289422/v1,2024,0,preprint,0,0,0,,0,,Quantum ensemble learning with a programmable superconducting processor,0,0,0,0,0,0,0,0,0,0,0,0,0,0,0,0,0,0,0,0,0,0,0,0,2026-10-05
https://openalex.org/W4404990784,https://doi.org/10.48550/arxiv.2411.18141,2024,0,preprint,1,1,0,648,0,,Predicting Water Quality using Quantum Machine Learning: The Case of the Umgeni Catchment (U20A) Study Region,0,0,1,0,0,0,1,0,0,0,1,0,0,0,0,0,0,0,0,0,0,0,0,0,2026-10-05
https://openalex.org/W4405029355,https://doi.org/10.1109/icmlant63295.2024.00007,2024,0,conference-paper,1,1,0,649,0,,EQNN: Enhanced Quantum Neural Network — A Case Study of Mobile Data Usage Prediction,1,0,0,0,1,0,0,0,1,0,0,0,0,0,0,0,0,0,0,0,0,0,0,0,2026-10-05
https://openalex.org/W4405034019,https://doi.org/10.48550/arxiv.2412.01241,2024,0,preprint,1,1,0,650,0,,Quantum Pointwise Convolution: A Flexible and Scalable Approach for Neural Network Enhancement,1,0,0,0,1,0,0,0,1,0,0,0,0,0,0,0,0,0,0,0,0,0,0,0,2026-10-05
https://openalex.org/W4405035986,https://doi.org/10.48550/arxiv.2412.02955,2024,0,preprint,1,1,0,651,0,,Variational quantum classifiers via a programmable photonic microprocessor,0,0,1,0,0,0,0,0,0,0,1,0,0,0,0,0,0,0,0,0,0,0,0,0,2026-10-05
https://openalex.org/W4405173958,https://doi.org/10.48550/arxiv.2412.04991,2024,0,preprint,1,1,0,652,0,,Computational Advantage in Hybrid Quantum Neural Networks: Myth or Reality?,0,0,0,0,0,0,0,0,0,0,0,0,0,0,0,0,0,0,0,0,0,0,0,0,2026-10-05
https://openalex.org/W4405175093,https://doi.org/10.1111/exsy.13815,2024,0,retraction,1,1,0,653,0,,RETRACTION : Segmentation and Classification of Lymphoblastic Leukaemia Using Quantum Neural Network,0,0,0,0,0,0,0,0,0,0,0,0,0,0,0,0,0,0,0,0,0,0,0,0,2026-10-05
https://openalex.org/W4405561957,https://doi.org/10.48550/arxiv.2412.12397,2024,0,preprint,1,1,0,654,0,,Quantum Re-Uploading for Calorimetry: Optimized Architectures with Extended Expressivity,1,1,1,0,1,0,1,0,1,1,1,0,1,1,0,0,1,0,0,0,1,1,0,0,2026-10-05
https://openalex.org/W4405562261,https://doi.org/10.48550/arxiv.2412.12705,2024,0,preprint,1,1,0,655,0,,QNN-VRCS: A Quantum Neural Network for Vehicle Road Cooperation Systems,1,1,0,0,1,0,0,0,1,0,0,0,0,0,0,0,0,0,0,0,0,0,0,0,2026-10-05
https://openalex.org/W4406041920,https://doi.org/10.53759/7669/jmc202505024,2025,0,article,1,1,0,656,0,,Toward Efficient Credit Card Fraud Detection: Leveraging Quantum Neural Networks and Modified Feature Selection Techniques,0,0,0,0,0,0,0,0,0,0,0,0,0,0,0,0,0,0,0,0,0,0,0,0,2026-10-05
https://openalex.org/W4406261675,https://doi.org/10.1109/qce60285.2024.10263,2024,0,conference-paper,1,1,0,657,0,,Ideal Parametrisation Estimation for Variational Quantum Circuit Classifiers Using Machine Learning,0,1,0,0,0,1,0,0,0,1,0,0,0,0,0,0,0,0,0,0,0,0,0,0,2026-10-05
https://openalex.org/W4406316664,https://doi.org/10.48550/arxiv.2501.05558,2025,0,preprint,1,1,0,658,0,,Quantum Simplicial Neural Networks,1,0,0,0,0,0,0,0,1,0,0,0,0,0,0,0,0,0,0,0,0,0,0,0,2026-10-05
https://openalex.org/W4406317053,https://doi.org/10.48550/arxiv.2501.05663,2025,0,preprint,1,1,0,659,0,,Learning to Measure Quantum Neural Networks,1,0,0,1,1,0,0,1,1,0,0,1,0,0,0,0,0,0,0,0,0,0,0,0,2026-10-05
https://openalex.org/W4406449624,https://doi.org/10.48550/arxiv.2501.08017,2025,0,preprint,1,1,0,660,0,,Noise-resistant adaptive Hamiltonian learning,0,0,0,0,0,0,0,0,0,0,0,0,0,0,0,0,0,0,0,0,0,0,0,0,2026-10-05
https://openalex.org/W4406455586,https://doi.org/10.2139/ssrn.5090989,2025,0,preprint,0,0,0,,0,,An Integrated Strategy Based on Radiomics and Quantum Machine Learning: Diagnosis and Clinical Interpretation of Pulmonary Ground-Glass Nodules,0,0,0,0,0,0,0,0,0,0,0,0,0,0,0,0,0,0,0,0,0,0,0,0,2026-10-05
https://openalex.org/W4406840750,https://doi.org/10.48550/arxiv.2501.14185,2025,0,preprint,1,1,0,661,0,,Tensor-Based Binary Graph Encoding for Variational Quantum Classifiers,1,0,1,0,0,0,1,0,1,0,1,0,1,0,0,0,0,0,0,0,1,0,0,0,2026-10-05
https://openalex.org/W4406880362,https://doi.org/10.48550/arxiv.2501.15359,2025,0,preprint,0,1,0,,0,,Neural quantum embedding via deterministic quantum computation with one qubit,1,0,0,0,1,0,0,0,1,0,0,0,1,0,0,0,1,0,0,0,1,0,0,0,2026-10-05
https://openalex.org/W4407256851,https://doi.org/10.21275/sr25203105727,2025,0,article,1,1,0,662,0,,Quantum Neural Networks for Enhanced Crater and Boulder Detection Using Hyper Spectral Imaging,0,0,0,0,0,0,0,0,0,0,0,0,0,0,0,0,0,0,0,0,0,0,0,0,2026-10-05
https://openalex.org/W4407425778,https://doi.org/10.48550/arxiv.2502.07667,2025,0,preprint,0,1,0,,0,,Unsupervised Feature Extraction and Reconstruction Using Parameterized Quantum Circuits,1,0,0,0,0,0,0,0,1,0,0,0,0,0,0,0,0,0,0,0,0,0,0,0,2026-10-05
https://openalex.org/W4407477524,https://doi.org/10.1109/eiect64462.2024.10867223,2024,0,conference-paper,0,1,0,,0,,A Lightweight Design for Quantum Networks,0,1,1,0,0,0,0,0,0,0,1,0,0,0,0,0,0,0,0,0,0,0,0,0,2026-10-05
https://openalex.org/W4407570322,https://doi.org/10.48550/arxiv.2502.08225,2025,0,preprint,1,1,0,663,0,,Quantum-Efficient Kernel Target Alignment,1,0,0,0,1,0,0,0,1,0,0,0,0,0,0,0,0,0,0,0,0,0,0,0,2026-10-05
https://openalex.org/W4407699162,https://doi.org/10.48550/arxiv.2502.11412,2025,0,preprint,1,1,0,664,0,,Quantum decision trees with information entropy,0,0,1,1,0,0,1,1,0,0,1,1,0,0,0,0,0,0,0,0,0,0,0,0,2026-10-05
https://openalex.org/W4407708284,https://doi.org/10.37934/sijml.3.1.110,2024,0,article,1,1,0,665,0,,Revolutionizing Financial Services with Quantum Machine Learning Techniques,0,0,0,0,0,0,0,0,0,0,0,0,0,0,0,0,0,0,0,0,0,0,0,0,2026-10-05
https://openalex.org/W4407758928,https://doi.org/10.48550/arxiv.2502.11951,2025,0,preprint,1,1,0,666,0,,Quantum Data Encoding and Variational Algorithms: A Framework for Hybrid Quantum Classical Machine Learning,1,1,1,0,1,0,1,0,1,1,1,0,1,0,0,0,1,0,0,0,1,0,0,0,2026-10-05
https://openalex.org/W4407893312,https://doi.org/10.1360/sspma-2024-0589,2025,0,article,0,1,0,,0,,Recognition of time-frequency signals based on quantum-classical hybrid residual networks,0,0,0,0,0,0,0,0,0,0,0,0,0,0,0,0,0,0,0,0,0,0,0,0,2026-10-05
https://openalex.org/W4407988394,https://doi.org/10.2139/ssrn.5156687,2025,0,preprint,0,0,0,,0,,A Multi-Topology Quantum Convolutional Neural Network With Qubit-Measurement Attention for Image Classification,0,0,0,1,0,0,0,0,0,0,0,1,0,0,0,1,0,0,0,0,0,0,0,1,2026-10-05
https://openalex.org/W4408085917,https://doi.org/10.1504/ijahuc.2024.10069707,2024,0,article,1,1,0,667,0,,Big Data Classification using Mapreduce Framework Enabled Deep Quantum Dilated Convolutional Neural Network,0,0,0,0,0,0,0,0,0,0,0,0,0,0,0,0,0,0,0,0,0,0,0,0,2026-10-05
https://openalex.org/W4408200585,https://doi.org/10.1142/s0218126625502895,2025,0,article,1,1,0,668,0,,DQFCNN: A New Deep Learning Architecture for Bird Species Classification Based on Images,0,0,0,0,0,0,0,0,0,0,0,0,0,0,0,0,0,0,0,0,0,0,0,0,2026-10-05
https://openalex.org/W4408401897,https://doi.org/10.1109/icftic64248.2024.10913090,2024,0,conference-paper,0,1,0,,0,,Quantum Kernel-Based Classification: An Optimized Quantum Support Vector Classifier Approach,0,0,0,0,0,0,0,0,0,0,0,0,0,0,0,0,0,0,0,0,0,0,0,0,2026-10-05
https://openalex.org/W4408759042,https://doi.org/10.15680/ijirset.2022.1109004,2022,0,article,1,1,0,669,0,,Quantum Machine Learning: Harnessing Quantum Algorithms for Supervised and Unsupervised Learning,0,1,0,0,0,0,0,0,0,0,0,0,0,0,0,0,0,0,0,0,0,0,0,0,2026-10-05
https://openalex.org/W4409077872,https://doi.org/10.1109/icdscnc62492.2024.10939990,2024,0,conference-paper,1,1,0,670,0,,A Comparative Analysis of Quantum and Classical Algorithms for Heart Disease Prediction,0,1,1,0,0,1,0,0,0,1,1,0,0,0,0,0,0,0,0,0,0,0,0,0,2026-10-05
https://openalex.org/W4409156653,https://doi.org/10.1109/ciss64860.2025.10944642,2025,0,conference-paper,1,1,0,671,0,,Revolutionizing Fake News Detection: A Quantum Machine Learning Paradigm,1,1,0,0,1,0,0,0,1,0,0,0,0,0,0,0,0,0,0,0,0,0,0,0,2026-10-05
https://openalex.org/W4409271430,https://doi.org/10.54946/wilm.12138,2025,0,article,0,1,0,,0,,Density Matrix Classifier,1,0,0,0,1,0,0,0,1,0,0,0,0,0,0,0,0,0,0,0,0,0,0,0,2026-10-05
https://openalex.org/W4409399950,https://doi.org/10.36838/v7i3.14,2025,0,article,1,1,0,672,0,,Comparison of Classical and Hybrid Quantum Models in Secondary Structure Protein Prediction,0,0,0,0,0,0,0,0,0,0,0,0,0,0,0,0,0,0,0,0,0,0,0,0,2026-10-05
https://openalex.org/W4409457676,https://doi.org/10.34218/ijaret_13_06_006,2022,0,article,1,1,0,673,0,,"QUANTUM AI FRAMEWORKS: ENHANCING MACHINE LEARNING AND OPTIMIZATION THROUGH QUANTUM NEURAL NETWORKS, VARIATIONAL ALGORITHMS, AND QUANTUM WALKS",0,1,0,0,0,1,0,0,0,1,0,0,0,0,0,0,0,0,0,0,0,0,0,0,2026-10-05
https://openalex.org/W4409480871,https://doi.org/10.14428/esann/2025.es2025-195,2025,0,conference-paper,1,1,0,674,0,,Enhancing Image Classification in Quantum Computing: A Study on Preprocessing Techniques and Qubit Limitations,0,0,0,0,0,0,0,0,0,0,0,0,0,0,0,0,0,0,0,0,0,0,0,0,2026-10-05
https://openalex.org/W4409696905,https://doi.org/10.48550/arxiv.2504.02167,2025,0,preprint,0,1,0,,0,,HQCC: A Hybrid Quantum-Classical Classifier with Adaptive Structure,0,1,0,0,0,0,0,0,0,0,0,0,0,0,0,0,0,0,0,0,0,0,0,0,2026-10-05
https://openalex.org/W4409728929,https://doi.org/10.63530/ijcsitr_2022_03_01_13,2022,0,article,1,1,0,675,0,,Quantum-Assisted AI for Speeding up Large-Scale Data Processing,1,0,0,1,1,0,0,1,1,0,0,1,0,0,0,0,0,0,0,0,0,0,0,0,2026-10-05
https://openalex.org/W4409796466,https://doi.org/10.1109/icmlas64557.2025.10968158,2025,0,conference-paper,0,1,0,,0,,Exploring Quantum Processors in Decentralized Edge Computing for Improved Data Processing,0,0,0,0,0,0,0,0,0,0,0,0,0,0,0,0,0,0,0,0,0,0,0,0,2026-10-05
https://openalex.org/W4409799229,https://doi.org/10.1007/978-3-031-87327-0_18,2025,0,conference-paper,0,0,0,,0,,Quantum Transfer Learning: The Impact of Classical Preprocessing,0,0,0,0,0,0,0,0,0,0,0,0,0,0,0,0,0,0,0,0,0,0,0,0,2026-10-05
https://openalex.org/W4410091918,https://doi.org/10.55248/gengpi.6.0425.15180,2025,0,article,1,1,0,676,0,,Comparative Analysis of Hybrid Machine Learning Models for Early- Stage Diabetes and Cardiovascular Disease Prediction,0,0,0,0,0,0,0,0,0,0,0,0,0,0,0,0,0,0,0,0,0,0,0,0,2026-10-05
https://openalex.org/W4410144818,https://doi.org/10.20944/preprints202505.0203.v1,2025,0,preprint,1,1,0,677,0,,Proposal of a Fully Quantum Neural Network and Fidelity-Driven Training Using Directional Gradients for Multi-Class Classification,1,0,1,0,0,0,0,0,1,0,1,0,0,0,1,0,0,0,0,0,0,0,1,0,2026-10-05
https://openalex.org/W4410394983,https://doi.org/10.1109/qcnc64685.2025.00095,2025,0,conference-paper,1,1,0,678,0,,Tensor-Based Binary Graph Encoding for Variational Quantum Classifiers,1,0,1,0,0,0,1,0,1,0,1,0,1,0,0,0,0,0,0,0,1,0,0,0,2026-10-05
https://openalex.org/W4410403093,https://doi.org/10.22541/au.174731423.33892933/v1,2025,0,preprint,1,1,0,679,0,,Quantum-Classical Federated Learning: Enhancing Robustness Against Backdoor Attacks in Non-IID Environments,0,0,0,0,0,0,0,0,0,0,0,0,0,0,0,0,0,0,0,0,0,0,0,0,2026-10-05
https://openalex.org/W4410492482,https://doi.org/10.1109/aisomt64170.2024.10992124,2024,0,conference-paper,1,1,0,680,0,,Quantum Circuit Construction for Cat and Dog Image Classification Based on Quantum Neural Network,0,0,0,0,0,0,0,0,0,0,0,0,0,0,0,0,0,0,0,0,0,0,0,0,2026-10-05
https://openalex.org/W4410827027,https://doi.org/10.1007/s11227-025-07394-5,2025,0,article,0,0,0,,0,,Variational quantum neural networks based on dynamic layerwise strategy,0,0,0,0,0,0,0,0,0,0,0,0,0,0,0,0,0,0,0,0,0,0,0,0,2026-10-05
https://openalex.org/W4410885603,https://doi.org/10.1117/12.3052526,2025,0,conference-paper,1,1,0,681,0,,Optimizing supervised quantum machine learning for pixel classification,0,0,0,0,0,0,0,0,0,0,0,0,0,0,0,0,0,0,0,0,0,0,0,0,2026-10-05
https://openalex.org/W4410934350,https://doi.org/10.1007/978-981-96-4759-0_32,2025,0,conference-paper,0,0,0,,0,,Research on Artificial Intelligence Based Method for Identifying Water Flooded Layers,0,0,0,0,0,0,0,0,0,0,0,0,0,0,0,0,0,0,0,0,0,0,0,0,2026-10-05
https://openalex.org/W4410971592,https://doi.org/10.1007/978-3-031-89905-8_2,2025,0,book-chapter,0,0,0,,0,,Decoding Market Dynamics: Variational Quantum Circuit in Stock Prediction,0,0,0,0,0,0,0,0,0,0,0,0,0,0,0,0,0,0,0,0,0,0,0,0,2026-10-05
https://openalex.org/W4411340577,https://doi.org/10.2139/ssrn.5297284,2025,0,preprint,0,0,0,,0,,A Quantum Neural Network with Built-In Self-Attention Mechanism,0,0,0,0,0,0,0,0,0,0,0,0,0,0,0,0,0,0,0,0,0,0,0,0,2026-10-05
https://openalex.org/W4411583488,https://doi.org/10.21203/rs.3.rs-6957277/v1,2025,0,preprint,0,0,0,,0,,Quantum Neural Networks for Prostate Cancer Detection: A Feasibility and Design Study,0,0,0,0,0,0,0,0,0,0,0,0,0,0,0,0,0,0,0,0,0,0,0,0,2026-10-05
https://openalex.org/W4411735113,https://doi.org/10.62311/nesx/rphcrcscrqc1,2025,0,article,1,1,0,682,0,,Quantum Machine Learning for Pattern Recognition in Financial Fraud Detection,0,0,0,0,0,0,0,0,0,0,0,0,0,0,0,0,0,0,0,0,0,0,0,0,2026-10-05
https://openalex.org/W4412031071,https://doi.org/10.62292/10.62292/njp.v34i2.2025.404,2025,0,article,1,1,0,683,0,,Enhancing mpMRI-Based Prostate Cancer Detection by Ensemble Quantum Machine Learning Models,0,0,0,0,0,0,0,0,0,0,0,0,0,0,0,0,0,0,0,0,0,0,0,0,2026-10-05
https://openalex.org/W4412060596,https://doi.org/10.1007/978-981-96-6951-6_11,2025,0,conference-paper,1,0,0,,0,,Brain Tumor Detection: Strong Entanglement Improves Quantum Neural Network’s Classification Ability,0,1,0,0,0,0,0,0,0,0,0,0,0,1,0,0,0,0,0,0,0,0,0,0,2026-10-05
https://openalex.org/W4412378351,https://doi.org/10.21203/rs.3.rs-7101280/v1,2025,0,preprint,0,0,0,,0,,Sculpting Quantum Landscapes: Fubini-Study Metric Conditioning for Geometry-Aware Learning in Parameterized Quantum Circuits,0,0,1,0,0,0,1,0,0,0,1,0,0,0,1,0,0,0,1,0,0,0,1,0,2026-10-05
https://openalex.org/W4412395258,https://doi.org/10.1080/23742917.2025.2532210,2025,0,article,1,1,0,684,0,,A scalable quantum communication framework with adaptive entanglement and QNN-based noise mitigation for secure IoT Networks,0,1,0,1,0,0,0,0,0,0,0,1,0,1,0,0,0,0,0,0,0,0,0,0,2026-10-05
https://openalex.org/W4412416272,https://doi.org/10.21203/rs.3.rs-7121190/v1,2025,0,preprint,0,0,0,,0,,Optimising Pulsar Classification in Astronomy through Quantum-Assisted Approach,0,0,0,0,0,0,0,0,0,0,0,0,0,0,0,0,0,0,0,0,0,0,0,0,2026-10-05
https://openalex.org/W4412446396,https://doi.org/10.1109/icima64861.2025.11074243,2025,0,conference-paper,1,1,0,685,0,,Enhanced EV Spatial Distribution Estimation for Grid Planning using Neural Architecture Search-Guided Physics-Informed Neural Network and Pufferfish Optimization Algorithm,0,1,1,0,0,1,1,0,0,1,1,0,0,1,0,0,0,1,0,0,0,1,0,0,2026-10-05
https://openalex.org/W4412478852,https://doi.org/10.1016/j.iot.2025.101695,2025,0,article,1,0,0,,0,,A Variational Quantum Classifier for predictive analysis in industrial production,0,0,0,0,0,0,0,0,0,0,0,0,0,0,0,0,0,0,0,0,0,0,0,0,2026-10-05
https://openalex.org/W4412626552,https://doi.org/10.1117/12.3068967,2025,0,conference-abstract,1,1,0,686,0,,Designing shallow-depth quantum classifiers with a variational Monte Carlo framework,1,0,1,0,1,0,1,0,1,0,1,0,0,0,0,0,0,0,0,0,0,0,0,0,2026-10-05
https://openalex.org/W4412706739,https://doi.org/10.1007/978-3-031-99568-2_19,2025,0,conference-paper,1,0,0,,0,,Quantum Computing in Prenatal Care: Enhancing Fetal Ultrasound Image Classification with Quantum Neural Networks,0,0,0,0,0,0,0,0,0,0,0,0,0,0,0,0,0,0,0,0,0,0,0,0,2026-10-05
https://openalex.org/W4412784545,https://doi.org/10.1504/ijahuc.2025.147756,2025,0,article,1,1,0,687,0,,Big data classification using mapreduce framework enabled deep quantum dilated convolutional neural network,0,0,0,0,0,0,0,0,0,0,0,0,0,0,0,0,0,0,0,0,0,0,0,0,2026-10-05
https://openalex.org/W4412977413,https://doi.org/10.1007/s44174-025-00486-z,2025,0,article,0,0,0,,0,,Hybrid Reflection Cross-Equivariant Quantum Attention Network for Robust Lung Cancer Detection,0,0,0,0,0,0,0,0,0,0,0,0,0,0,0,0,0,0,0,0,0,0,0,0,2026-10-05
https://openalex.org/W4412991354,https://doi.org/10.1117/12.3074685,2025,0,conference-paper,1,1,0,688,0,,Quantum machine learning for sleep staging of EEG signals,0,0,0,0,0,0,0,0,0,0,0,0,0,0,0,0,0,0,0,0,0,0,0,0,2026-10-05
https://openalex.org/W4413056255,https://doi.org/10.51583/ijltemas.2025.1407000046,2025,0,article,1,1,0,689,0,,A Secure Framework for IoT Applications Using Blockchain and Artificial Intelligence,0,0,0,0,0,0,0,0,0,0,0,0,0,0,0,0,0,0,0,0,0,0,0,0,2026-10-05
https://openalex.org/W4413089433,https://doi.org/10.62411/jimat.v2i1.12950,2025,0,article,1,1,0,690,0,,Evaluating Gate-Based Quantum Machine Learning Models on Quantum Chemistry Datasets,0,0,0,0,0,0,0,0,0,0,0,0,0,0,0,0,0,0,0,0,0,0,0,0,2026-10-05
https://openalex.org/W4413129179,https://doi.org/10.3390/electronics14163220,2025,0,article,1,1,0,691,0,,A Hybrid Quantum–Classical Network for Eye-Written Digit Recognition,0,1,0,0,0,0,0,0,0,1,0,0,0,0,0,0,0,0,0,0,0,0,0,0,2026-10-05
https://openalex.org/W4413178385,https://doi.org/10.1109/netcrypt65877.2025.11102537,2025,0,conference-paper,1,1,0,692,0,,Exploring Quantum Neural Networks: A Multi-Platform Study on Quantum-Based Classification,1,1,0,0,1,0,0,0,1,0,0,0,0,0,0,0,0,0,0,0,0,0,0,0,2026-10-05
https://openalex.org/W4413179530,https://doi.org/10.1109/netcrypt65877.2025.11102604,2025,0,conference-paper,1,1,0,693,0,,Implementing Quantum Machine Learning in Credit Card Fraud Detection,1,1,0,0,0,0,0,0,1,0,0,0,0,0,0,0,0,0,0,0,0,0,0,0,2026-10-05
https://openalex.org/W4413180275,https://doi.org/10.1109/aiiot65859.2025.11105361,2025,0,conference-paper,1,1,0,694,0,,A Novel Hybrid CNN–Quantum Neural Network Framework with Quantum Acceleration and Error Correction for High-Precision Breast Cancer Classification on AI Edge Devices,1,0,0,0,0,0,0,0,1,0,0,0,0,0,0,0,0,0,0,0,0,0,0,0,2026-10-05
https://openalex.org/W4413222084,https://doi.org/10.1016/bs.adcom.2025.06.005,2025,0,book-chapter,0,0,0,,0,,Transforming machine learning: An exploration of quantum algorithms and their applications,0,0,0,0,0,0,0,0,0,0,0,0,0,0,0,0,0,0,0,0,0,0,0,0,2026-10-05
https://openalex.org/W4413268024,https://doi.org/10.1145/3696630.3731620,2025,0,conference-paper,1,1,0,695,0,,Exploring Advanced Quantum Ensemble for Industrial Control Systems Security,0,0,0,0,0,0,0,0,0,0,0,0,0,0,0,0,0,0,0,0,0,0,0,0,2026-10-05
https://openalex.org/W4413300565,https://doi.org/10.20944/preprints202508.1219.v1,2025,0,preprint,1,1,0,696,0,,Quantum-Enhanced Feature Selection and Classification for Asthma Diagnosis Using a Variational Quantum Classifier,1,1,0,0,1,0,0,0,1,0,0,0,0,0,0,0,0,0,0,0,0,0,0,0,2026-10-05
https://openalex.org/W4413393140,https://doi.org/10.23919/indiacom66777.2025.11115508,2025,0,conference-paper,1,1,0,697,0,,Harnessing Quantum Computing for Sentiment and Emotion Analysis: Comparative Insights and Future Directions,0,0,0,1,0,0,0,0,0,0,0,1,0,0,0,0,0,0,0,0,0,0,0,0,2026-10-05
https://openalex.org/W4413394112,https://doi.org/10.23919/indiacom66777.2025.11115669,2025,0,conference-paper,1,1,0,698,0,,Mental Health Prediction Using Quantum Machine Learning Classifiers: A Comprehensive Analysis,0,0,0,0,0,0,0,0,0,0,0,0,0,0,0,0,0,0,0,0,0,0,0,0,2026-10-05
https://openalex.org/W4413414817,https://doi.org/10.1007/978-981-95-1233-1_12,2025,0,conference-paper,0,0,0,,0,,Application of Quantum Multi-classification Network in Image Processing,0,0,0,0,0,0,0,0,0,0,0,0,0,0,0,0,0,0,0,0,0,0,0,0,2026-10-05
https://openalex.org/W4413461905,https://doi.org/10.1109/icdew67478.2025.00044,2025,0,conference-paper,1,1,0,699,0,,Neural Quantum Embeddings with Multiple Control Variables,1,0,0,0,1,0,0,0,1,0,0,0,1,0,0,0,1,0,0,0,1,0,0,0,2026-10-05
https://openalex.org/W4413640131,https://doi.org/10.23919/jcn.2025.000045,2025,0,article,1,1,0,700,0,,QNN framework based multiclass classification for downlink NOMA detectors,0,0,0,0,0,0,0,0,0,0,0,0,0,0,0,0,0,0,0,0,0,0,0,0,2026-10-05
https://openalex.org/W4413887011,https://doi.org/10.1109/access.2025.3604721,2025,0,article,1,1,0,701,0,,Analysis of Ansätze Expressibility and Complexity and Their Impact on Classification Accuracy Using QNN and QLSTM,0,1,0,0,0,1,0,0,0,1,0,0,0,1,0,0,0,1,0,0,0,1,0,0,2026-10-05
https://openalex.org/W4413918211,https://doi.org/10.1109/icdv66179.2025.11135335,2025,0,conference-paper,1,1,0,702,0,,An Optimized Hybrid Quantum-Classical Neural Network Model for Handwritten Digit Classification,0,0,0,0,0,0,0,0,0,0,0,0,0,0,0,0,0,0,0,0,0,0,0,0,2026-10-05
https://openalex.org/W4414119443,https://doi.org/10.18122/td.2305.boisestate,2024,0,dissertation,1,1,0,703,0,,Investigating Parameter Initialization Techniques in Variational Quantum Circuits,0,1,1,0,0,0,1,0,0,1,1,0,0,0,1,0,0,0,1,0,0,0,1,0,2026-10-05
https://openalex.org/W4414157314,https://doi.org/10.36227/techrxiv.175743242.27149404/v1,2025,0,preprint,1,1,0,704,0,,Selective Quantum Error Correction for Variational Quantum Classifiers: Exact Error-Suppression Bounds and Trainability Analysis,1,1,1,0,0,0,1,0,1,0,1,0,0,0,1,0,0,0,1,0,0,0,1,0,2026-10-05
https://openalex.org/W4414272105,https://doi.org/10.1109/ncim65934.2025.11159974,2025,0,conference-paper,1,1,0,705,0,,Bridging Classical and Quantum Models via Attention-Guided Feature Distillation,0,0,0,0,0,0,0,0,0,0,0,0,0,0,0,0,0,0,0,0,0,0,0,0,2026-10-05
https://openalex.org/W4414285640,https://doi.org/10.1016/j.neucom.2025.131588,2025,0,article,0,0,0,,0,,Implementation of linear optics network for pattern recognition task via the generation of continuous variable entangled states,0,1,0,0,0,0,0,0,0,0,0,0,0,1,0,0,0,0,0,0,0,0,0,0,2026-10-05
https://openalex.org/W4414306658,https://doi.org/10.58532/nbennurgodpsw6,2025,0,book-chapter,1,1,0,706,0,,QUANTUM MACHINE LEARNING OVERVIEW,1,1,1,0,1,0,1,0,1,0,1,0,0,0,0,0,0,0,0,0,0,0,0,0,2026-10-05
https://openalex.org/W4414562913,https://doi.org/10.55452/1998-6688-2025-22-3-123-133,2025,0,article,1,1,0,707,0,,QUANTUM-ENHANCED BLOCKCHAIN SECURITY: INTEGRATING QUANTUM COMPUTING WITH NETWORK ATTACK DETECTION,0,0,0,0,0,0,0,0,0,0,0,0,0,0,0,0,0,0,0,0,0,0,0,0,2026-10-05
https://openalex.org/W4414580532,https://doi.org/10.48550/arxiv.2505.13525,2025,0,preprint,1,1,0,708,0,,Learning to Program Quantum Measurements for Machine Learning,1,0,1,1,1,0,1,1,1,0,1,1,0,0,0,1,0,0,0,0,0,0,0,1,2026-10-05
https://openalex.org/W4414588561,https://doi.org/10.7302/25821,2025,0,dissertation,0,1,0,,0,,Quantum Pattern Extraction and Classification: A Hybrid Quantum-Classical Approach for PWM Signal Analysis,0,1,1,0,0,0,0,0,0,0,1,0,0,0,0,0,0,0,0,0,0,0,0,0,2026-10-05
https://openalex.org/W4414621216,https://doi.org/10.21203/rs.3.rs-7738607/v1,2025,0,preprint,0,0,0,,0,,QuMo: Benchmarking a Quantum Moiré-Based Classifier for Brain Tumor Diagnosis,0,0,0,0,0,0,0,0,0,0,0,0,0,0,0,0,0,0,0,0,0,0,0,0,2026-10-05
https://openalex.org/W4414692756,https://doi.org/10.1109/ngdn66208.2025.11182101,2025,0,conference-paper,1,1,0,709,0,,Optimized Tree-Structured Entanglement Circuit for Variational Quantum Classification,0,1,1,0,0,1,1,0,0,1,1,0,0,1,0,0,0,0,0,0,0,0,0,0,2026-10-05
https://openalex.org/W4414695363,https://doi.org/10.21203/rs.3.rs-7239745/v1,2025,0,preprint,0,0,0,,0,,Quantum Machine Learning Enhanced SDR Architecture for Adaptive and Secure Wireless Communication Using OQAM,0,0,0,0,0,0,0,0,0,0,0,0,0,0,0,0,0,0,0,0,0,0,0,0,2026-10-05
https://openalex.org/W4414702196,https://doi.org/10.48550/arxiv.2509.15705,2025,0,preprint,1,1,0,710,0,,Triplet Loss Based Quantum Encoding for Class Separability,1,1,0,0,1,0,0,0,1,1,0,0,1,0,0,0,0,0,0,0,1,0,0,0,2026-10-05
https://openalex.org/W4414711614,https://doi.org/10.48550/arxiv.2509.15722,2025,0,preprint,1,1,0,711,0,,Impact of Single Rotations and Entanglement Topologies in Quantum Neural Networks,0,1,0,0,0,1,0,0,0,1,0,0,0,1,0,0,0,0,0,0,0,0,0,0,2026-10-05
https://openalex.org/W4414711828,https://doi.org/10.48550/arxiv.2509.15726,2025,0,preprint,1,1,0,712,0,,Training Variational Quantum Circuits Using Particle Swarm Optimization,0,0,1,0,0,0,1,0,0,0,1,0,0,0,0,0,0,0,0,0,0,0,0,0,2026-10-05
https://openalex.org/W4414745649,https://doi.org/10.1007/s11831-025-10421-6,2025,0,article,0,0,0,,0,,A Review of Simulated Quantum Computing Applications in Neurological Disease Detection and Classification: Methods and Perspectives,0,0,0,0,0,0,0,0,0,0,0,0,0,0,0,0,0,0,0,0,0,0,0,0,2026-10-05
https://openalex.org/W4414763604,https://doi.org/10.48550/arxiv.2509.05370,2025,0,preprint,1,1,0,713,0,,Quantum AI Algorithm Development for Enhanced Cybersecurity: A Hybrid Approach to Malware Detection,1,1,0,0,1,0,0,0,1,0,0,0,0,0,0,0,0,0,0,0,0,0,0,0,2026-10-05
https://openalex.org/W4414828911,https://doi.org/10.48550/arxiv.2504.08487,2025,0,preprint,1,1,0,714,0,,The inherent convolution property of quantum neural networks,0,0,0,0,0,0,0,0,0,0,0,0,0,0,0,0,0,0,0,0,0,0,0,0,2026-10-05
https://openalex.org/W4414858667,https://doi.org/10.48550/arxiv.2505.24780,2025,0,preprint,1,1,0,715,0,,QGAN-based data augmentation for hybrid quantum-classical neural networks,0,0,0,0,0,0,0,0,0,0,0,0,0,0,0,0,0,0,0,0,0,0,0,0,2026-10-05
https://openalex.org/W4414917441,https://doi.org/10.1007/978-3-032-01536-5_3,2025,0,conference-paper,0,0,0,,0,,Brain Tumor Classification Using MRI Images: Deep Learning and Quantum Approaches,0,0,0,0,0,0,0,0,0,0,0,0,0,0,0,0,0,0,0,0,0,0,0,0,2026-10-05
https://openalex.org/W4414939376,https://doi.org/10.48550/arxiv.2505.09395,2025,0,preprint,1,1,0,716,0,,Quantum-Enhanced Parameter-Efficient Learning for Typhoon Trajectory Forecasting,0,0,1,0,0,0,1,0,0,0,1,0,0,0,0,0,0,0,0,0,0,0,0,0,2026-10-05
https://openalex.org/W4414945498,https://doi.org/10.48550/arxiv.2507.11217,2025,0,preprint,1,1,0,717,0,,Quantum Adaptive Excitation Network with Variational Quantum Circuits for Channel Attention,0,1,0,0,0,0,0,0,0,1,0,0,0,0,0,0,0,0,0,0,0,0,0,0,2026-10-05
https://openalex.org/W4414987496,https://doi.org/10.48550/arxiv.2503.07294,2025,0,preprint,1,1,0,718,0,,From $\mathcal{O}(n^{2})$ to $\mathcal{O}(n)$ Parameters: Quantum Self-Attention in Vision Transformers for Biomedical Image Classification,0,0,0,0,0,0,0,0,0,0,0,0,0,0,0,0,0,0,0,0,0,0,0,0,2026-10-05
https://openalex.org/W4415054578,https://doi.org/10.48550/arxiv.2509.05924,2025,0,preprint,1,1,0,719,0,,Hybrid Quantum-Classical Learning of Nonlinear Entanglement Witnesses via Continuous-Variable Quantum Neural Networks,0,1,0,1,0,0,0,0,0,0,0,1,0,1,0,0,0,0,0,0,0,0,0,0,2026-10-05
https://openalex.org/W4415059846,https://doi.org/10.48550/arxiv.2509.07924,2025,0,preprint,1,1,0,720,0,,A Non-Monotonic Relationship: An Empirical Analysis of Hybrid Quantum Classifiers for Unseen Ransomware Detection,0,0,1,0,0,0,1,0,0,0,1,0,0,0,0,0,0,0,0,0,0,0,0,0,2026-10-05
https://openalex.org/W4415068169,https://doi.org/10.48550/arxiv.2506.11146,2025,0,preprint,0,1,0,,0,,HQFNN: A Compact Quantum-Fuzzy Neural Network for Accurate Image Classification,1,1,1,0,1,0,1,0,1,1,1,0,0,0,0,0,0,0,0,0,0,0,0,0,2026-10-05
https://openalex.org/W4415087842,https://doi.org/10.48550/arxiv.2509.11110,2025,0,preprint,1,1,0,721,0,,A Collaborative Framework for Quantum Optimisation and Quantum Neural Networks: Credit Feature Selection and Image Classification,1,0,0,0,0,0,0,0,1,0,0,0,0,0,0,0,0,0,0,0,0,0,0,0,2026-10-05
https://openalex.org/W4415088029,https://doi.org/10.48550/arxiv.2509.11198,2025,0,preprint,1,1,0,722,0,,Quantum Architecture Search for Solving Quantum Machine Learning Tasks,0,1,0,0,0,1,0,0,0,1,0,0,0,1,0,0,0,1,0,0,0,1,0,0,2026-10-05
https://openalex.org/W4415108186,https://doi.org/10.48550/arxiv.2506.13185,2025,0,preprint,1,1,0,723,0,,Quantum Recurrent Embedding Neural Network,1,1,1,0,0,1,1,0,1,1,1,0,1,0,0,0,0,0,0,0,1,0,0,0,2026-10-05
https://openalex.org/W4415111722,https://doi.org/10.48550/arxiv.2506.12427,2025,0,preprint,1,1,0,724,0,,Analysis of quantum neural network performance via edge cases,0,0,0,0,0,0,0,0,0,0,0,0,0,0,0,0,0,0,0,0,0,0,0,0,2026-10-05
https://openalex.org/W4415155439,https://doi.org/10.48550/arxiv.2504.09250,2025,0,preprint,1,1,0,725,0,,Adiabatic Encoding of Pre-trained MPS Classifiers into Quantum Circuits,1,0,1,0,0,0,1,0,1,0,1,0,1,0,0,0,0,0,0,0,1,0,0,0,2026-10-05
https://openalex.org/W4415163549,https://doi.org/10.48550/arxiv.2506.23765,2025,0,preprint,1,1,0,726,0,,"QMetric: Benchmarking Quantum Neural Networks Across Circuits, Features, and Training Dimensions",0,1,1,0,0,1,1,0,0,1,1,0,0,0,0,0,0,0,0,0,0,0,0,0,2026-10-05
https://openalex.org/W4415181549,https://doi.org/10.2139/ssrn.5588219,2025,0,preprint,0,0,0,,0,,Quantum-Enhanced Recurrent Models for Cognitive–Motor Assessment,0,0,0,0,0,0,0,0,0,0,0,0,0,0,0,0,0,0,0,0,0,0,0,0,2026-10-05
https://openalex.org/W4415193929,https://doi.org/10.14419/4qgehh16,2025,0,article,0,1,0,,0,,Quantumboost: Leveraging Parameterized Quantum Circuits for Imbalanced Dataset Oversampling,1,0,0,0,0,0,0,0,1,0,0,0,0,0,0,0,0,0,0,0,0,0,0,0,2026-10-05
https://openalex.org/W4415198187,https://doi.org/10.48550/arxiv.2505.09653,2025,0,preprint,1,1,0,727,0,,Differentiable Quantum Architecture Search in Quantum-Enhanced Neural Network Parameter Generation,0,1,0,0,0,1,0,0,0,1,0,0,0,1,0,0,0,1,0,0,0,1,0,0,2026-10-05
https://openalex.org/W4415199103,https://doi.org/10.48550/arxiv.2505.09994,2025,0,preprint,1,1,0,728,0,,Research of the Variational Shadow Quantum Circuit Based on the Whale Optimization Algorithm in Image Classification,0,1,1,0,0,0,0,0,0,1,1,0,0,0,0,0,0,0,0,0,0,0,0,0,2026-10-05
https://openalex.org/W4415209908,https://doi.org/10.21203/rs.3.rs-7070859/v1,2025,0,preprint,0,0,0,,0,,Learnable quantum spectral filters for hybrid graph neural networks,0,0,0,0,0,0,0,0,0,0,0,0,0,0,0,0,0,0,0,0,0,0,0,0,2026-10-05
https://openalex.org/W4415247889,https://doi.org/10.48550/arxiv.2505.03378,2025,0,preprint,1,1,0,729,0,,Noisy HQNNs: A Comprehensive Analysis of Noise Robustness in Hybrid Quantum Neural Networks,0,0,0,1,0,0,0,1,0,0,0,1,0,0,0,0,0,0,0,0,0,0,0,0,2026-10-05
https://openalex.org/W4415250858,https://doi.org/10.1109/hpec67600.2025.11196555,2025,0,conference-paper,1,1,0,730,0,,A Hybrid Classical-Quantum Model for QSAR-Based Biodegradability Prediction,0,0,1,0,0,0,1,0,0,0,1,0,0,0,0,0,0,0,0,0,0,0,0,0,2026-10-05
https://openalex.org/W4415251252,https://doi.org/10.48550/arxiv.2509.18262,2025,0,preprint,1,1,0,731,0,,Training the classification capability of large-scale quantum cellular automata,0,0,0,0,0,0,0,0,0,0,0,0,0,0,0,0,0,0,0,0,0,0,0,0,2026-10-05
https://openalex.org/W4415320316,https://doi.org/10.48550/arxiv.2505.14789,2025,0,preprint,1,1,0,732,0,,Solving MNIST with a globally trained Mixture of Quantum Experts,1,0,1,1,1,0,1,1,1,0,1,1,0,0,0,0,0,0,0,0,0,0,0,0,2026-10-05
https://openalex.org/W4415329103,https://doi.org/10.48550/arxiv.2505.15600,2025,0,preprint,1,1,0,733,0,,Qiskit Variational Quantum Classifier on the Pulsar Classification Problem,1,1,0,0,1,1,0,0,1,1,0,0,0,0,0,0,0,0,0,0,0,0,0,0,2026-10-05
https://openalex.org/W4415397913,https://doi.org/10.2139/ssrn.5638296,2025,0,preprint,0,0,0,,0,,Design Space Exploration for The Quantum-classical Hybrid Speech Recognition Algorithms,0,0,0,0,0,0,0,0,0,0,0,0,0,0,0,0,0,0,0,0,0,0,0,0,2026-10-05
https://openalex.org/W4415428496,https://doi.org/10.3233/faia251031,2025,0,book-chapter,1,1,0,734,0,,HMAE: Self-Supervised Few-Shot Learning for Quantum Spin Systems,0,0,0,0,0,0,0,0,0,0,0,0,0,0,0,0,0,0,0,0,0,0,0,0,2026-10-05
https://openalex.org/W4415602403,https://doi.org/10.1007/978-3-032-08271-8_65,2025,0,conference-paper,0,0,0,,0,,Hybrid-Quantum Machine Learning Approach for Anomaly Detection in Complex Industrial Systems,0,0,0,0,0,0,0,0,0,0,0,0,0,0,0,0,0,0,0,0,0,0,0,0,2026-10-05
https://openalex.org/W4415690970,https://doi.org/10.21203/rs.3.rs-7621070/v1,2025,0,preprint,1,0,0,,0,,Quantum Image Representations based Quantum Neural Networks for Binary Classification,0,0,0,0,0,0,0,0,0,0,0,0,0,0,0,0,0,0,0,0,0,0,0,0,2026-10-05
https://openalex.org/W4415726828,https://doi.org/10.36948/ijfmr.2025.v07i05.58909,2025,0,article,1,1,0,735,0,,"Hybrid Quantum Deep Learning Models: Architectures, Applications, and Research Outlook",1,1,1,0,1,0,1,0,1,1,1,0,0,0,0,0,0,0,0,0,0,0,0,0,2026-10-05
https://openalex.org/W4415774524,https://doi.org/10.57233/ijsgs.v11i3.934,2025,0,article,1,1,0,736,0,,Quantum Support Vector Machine for Landmine Detection based on UAV Terahertz imaging system,0,0,0,0,0,0,0,0,0,0,0,0,0,0,0,0,0,0,0,0,0,0,0,0,2026-10-05
https://openalex.org/W4415948535,https://doi.org/10.48550/arxiv.2510.15972,2025,0,preprint,0,1,0,,0,,Quantum NLP models on Natural Language Inference,1,0,1,0,0,0,0,0,1,0,1,0,0,0,0,0,0,0,0,0,0,0,0,0,2026-10-05
https://openalex.org/W4415972367,https://doi.org/10.48550/arxiv.2507.05535,2025,0,preprint,1,1,0,737,0,,Special-Unitary Parameterization for Trainable Variational Quantum Circuits,1,1,1,0,0,1,1,0,1,1,1,0,0,0,1,0,0,0,1,0,0,0,1,0,2026-10-05
https://openalex.org/W4416012496,https://doi.org/10.1016/j.neucom.2025.132031,2025,0,article,0,0,0,,0,,"Stochastic quantum neural networks for neuroinspired intelligence: Mathematical foundations, comparative benchmarks, and prospects",0,0,0,0,0,0,0,0,0,0,0,0,0,0,0,0,0,0,0,0,0,0,0,0,2026-10-05
https://openalex.org/W4416014937,https://doi.org/10.48550/arxiv.2505.05249,2025,0,preprint,1,1,0,738,0,,Quantum Surrogate-Driven Image Classifier: A Gradient-Free Approach to Avoid Barren Plateaus,0,0,1,1,0,0,1,0,0,0,1,1,0,0,1,0,0,0,1,0,0,0,1,0,2026-10-05
https://openalex.org/W4416020718,https://doi.org/10.48550/arxiv.2511.03717,2025,0,preprint,1,1,0,739,0,,Quantum Noise-Aware RIS-Aided Wireless Networks Using Variational Encoding and Signal Stabilization,1,0,0,0,0,0,0,0,1,0,0,0,1,0,0,0,0,0,0,0,1,0,0,0,2026-10-05
https://openalex.org/W4416045927,https://doi.org/10.48550/arxiv.2505.18478,2025,0,preprint,0,1,0,,0,,Provably Robust Training of Quantum Circuit Classifiers Against Parameter Noise,0,0,0,0,0,0,0,0,0,0,0,0,0,0,0,0,0,0,0,0,0,0,0,0,2026-10-05
https://openalex.org/W4416053464,https://doi.org/10.48550/arxiv.2504.10073,2025,0,preprint,1,1,0,740,0,,Comparative Analysis of Quantum Support Vector Machines and Variational Quantum Classifiers for B-cell Epitope Prediction in Vaccine Design,1,0,1,0,0,0,1,0,1,0,1,0,0,0,0,0,0,0,0,0,0,0,0,0,2026-10-05
https://openalex.org/W4416070656,https://doi.org/10.48550/arxiv.2505.20863,2025,0,preprint,0,1,0,,0,,Leveraging Diffusion Models for Parameterized Quantum Circuit Generation,0,1,0,0,0,1,0,0,0,1,0,0,0,0,0,0,0,0,0,0,0,0,0,0,2026-10-05
https://openalex.org/W4416098314,https://doi.org/10.48550/arxiv.2505.05158,2025,0,preprint,1,1,0,741,0,,A short review on qudit quantum machine learning,1,1,0,0,0,0,0,0,1,1,0,0,0,0,0,0,0,0,0,0,0,0,0,0,2026-10-05
https://openalex.org/W4416150571,https://doi.org/10.48550/arxiv.2502.20184,2025,0,preprint,1,1,0,742,0,,An Amplitude-Encoding-Based Classical-Quantum Transfer Learning framework: Outperforming Classical Methods in Image Recognition,1,1,0,0,0,1,0,0,1,1,0,0,1,0,0,0,0,0,0,0,1,0,0,0,2026-10-05
https://openalex.org/W4416157651,https://doi.org/10.36227/techrxiv.176300561.14675355/v1,2025,0,preprint,1,1,0,743,0,,"A Single-Gate, Single-Qubit Quantum Neural Network for All Boolean Logic Functions and the Iris Dataset",1,1,1,0,1,1,0,0,1,1,1,0,0,0,0,0,0,0,0,0,0,0,0,0,2026-10-05
https://openalex.org/W4416190719,https://doi.org/10.48550/arxiv.2511.08349,2025,0,preprint,1,1,0,744,0,,Hybrid Quantum-Classical Selective State Space Artificial Intelligence,0,1,1,0,0,0,1,0,0,1,1,0,0,0,0,0,0,0,0,0,0,0,0,0,2026-10-05
https://openalex.org/W4416234023,https://doi.org/10.21203/rs.3.rs-8053203/v1,2025,0,preprint,1,0,0,,0,,Optimisation of Variational Quantum Classifier by Controlling Feature map and Ansatz Repetitions,1,1,0,0,1,1,0,0,1,1,0,0,1,1,0,0,1,1,0,0,1,1,0,0,2026-10-05
https://openalex.org/W4416236800,https://doi.org/10.48550/arxiv.2511.09430,2025,0,preprint,1,1,0,745,0,,A hybrid variational quantum circuit approach for stabilizer states classifiers,0,1,0,0,0,0,0,0,0,0,0,0,0,0,0,0,0,0,0,0,0,0,0,0,2026-10-05
https://openalex.org/W4416250735,https://doi.org/10.1109/ijcnn64981.2025.11227638,2025,0,conference-paper,1,1,0,746,0,,Evolutionary Weight Optimization for Variational Quantum Classifiers,0,0,1,0,0,0,1,0,0,0,1,0,0,0,0,0,0,0,0,0,0,0,0,0,2026-10-05
https://openalex.org/W4416259096,https://doi.org/10.48550/arxiv.2509.13353,2025,0,preprint,0,1,0,,0,,Hybrid Quantum-Classical Model for Image Classification,0,0,0,0,0,0,0,0,0,0,0,0,0,0,0,0,0,0,0,0,0,0,0,0,2026-10-05
https://openalex.org/W4416260157,https://doi.org/10.48550/arxiv.2506.21641,2025,0,preprint,1,1,0,747,0,,Quantum Variational Transformer Model for Enhanced Cancer Classification,1,0,1,0,1,0,0,0,1,0,1,0,0,0,0,0,0,0,0,0,0,0,0,0,2026-10-05
https://openalex.org/W4416260831,https://doi.org/10.48550/arxiv.2506.22016,2025,0,preprint,1,1,0,748,0,,Experimental quantum reservoir computing with a circuit quantum electrodynamics system,1,0,1,1,0,0,0,1,1,0,1,1,0,0,0,0,0,0,0,0,0,0,0,0,2026-10-05
https://openalex.org/W4416306169,https://doi.org/10.1101/2025.11.16.25340339,2025,0,preprint,0,1,0,,0,,Quantum-Enhanced Transfer Learning for MS Lesion Detection in MRI: A Hybrid Classical-Quantum Framework,0,1,0,0,0,0,0,0,0,0,0,0,0,0,0,0,0,0,0,0,0,0,0,0,2026-10-05
https://openalex.org/W4416329791,https://doi.org/10.1088/1361-6471/ae20b0,2025,0,article,1,1,0,749,0,,Comparison of deep neural networks and variational quantum circuits for quark-gluon jet classification,0,0,0,0,0,0,0,0,0,0,0,0,0,0,0,0,0,0,0,0,0,0,0,0,2026-10-05
https://openalex.org/W4416346237,https://doi.org/10.21203/rs.3.rs-7394093/v1,2025,0,preprint,0,0,0,,0,,Quantum-Assisted Deep Learning: A Hybrid Approach for Robust COVID-19 Diagnosis in Medical Imaging,0,0,0,0,0,0,0,0,0,0,0,0,0,0,0,0,0,0,0,0,0,0,0,0,2026-10-05
https://openalex.org/W4416351426,https://doi.org/10.1088/1674-1056/ae2115,2025,0,article,1,1,0,750,0,,Hybrid Quantum-Classical Neural Networks for Few-Shot Credit Risk Assessment,0,0,0,0,0,0,0,0,0,0,0,0,0,0,0,0,0,0,0,0,0,0,0,0,2026-10-05
https://openalex.org/W4416410197,https://doi.org/10.48550/arxiv.2507.19402,2025,0,preprint,1,1,0,751,0,,FD4QC: Application of Classical and Quantum-Hybrid Machine Learning for Financial Fraud Detection A Technical Report,0,0,0,0,0,0,0,0,0,0,0,0,0,0,0,0,0,0,0,0,0,0,0,0,2026-10-05
https://openalex.org/W4416424536,https://doi.org/10.48550/arxiv.2503.22604,2025,0,preprint,1,1,0,752,0,,Enhanced Variational Quantum Kolmogorov-Arnold Network,1,1,1,0,0,1,1,0,1,1,1,0,0,0,0,0,0,0,0,0,0,0,0,0,2026-10-05
https://openalex.org/W4416452591,https://doi.org/10.48550/arxiv.2505.16676,2025,0,preprint,0,1,0,,0,,Hybrid Parameterized Quantum States for Variational Quantum Learning,0,0,1,1,0,0,1,1,0,0,1,1,0,0,0,0,0,0,0,0,0,0,0,0,2026-10-05
https://openalex.org/W4416492389,https://doi.org/10.48550/arxiv.2506.06633,2025,0,preprint,1,1,0,753,0,,Vision-QRWKV: Exploring Quantum-Enhanced RWKV Models for Image Classification,0,1,0,0,0,0,0,0,0,1,0,0,0,0,0,0,0,0,0,0,0,0,0,0,2026-10-05
https://openalex.org/W4416507465,https://doi.org/10.48550/arxiv.2506.22801,2025,0,preprint,1,1,0,754,0,,Optimization by VarQITE on Adaptive Variational Quantum Kolmogorov-Arnold Network,0,0,0,0,0,0,0,0,0,0,0,0,0,0,0,0,0,0,0,0,0,0,0,0,2026-10-05
https://openalex.org/W4416510019,https://doi.org/10.48550/arxiv.2506.22845,2025,0,preprint,1,1,0,755,0,,Quantum Neural Networks for Wind Energy Forecasting: A Comparative Study of Performance and Scalability with Classical Models,1,1,0,0,1,1,0,0,1,1,0,0,0,0,0,0,0,0,0,0,0,0,0,0,2026-10-05
https://openalex.org/W4416524668,https://doi.org/10.48550/arxiv.2506.24081,2025,0,preprint,1,1,0,756,0,,SQUASH: A SWAP-Based Quantum Attack to Sabotage Hybrid Quantum Neural Networks,0,1,0,0,0,0,0,0,0,1,0,0,0,0,0,0,0,0,0,0,0,0,0,0,2026-10-05
https://openalex.org/W4416531014,https://doi.org/10.48550/arxiv.2504.06622,2025,0,preprint,1,1,0,757,0,,Quantum neural networks facilitating quantum state classification,0,1,1,0,0,1,1,0,0,1,1,0,0,0,0,0,0,0,0,0,0,0,0,0,2026-10-05
https://openalex.org/W4416541814,https://doi.org/10.48550/arxiv.2504.11846,2025,0,preprint,1,1,0,758,0,,A study on B-cell epitope prediction based on QSVM and VQC,0,0,0,0,0,0,0,0,0,0,0,0,0,0,0,0,0,0,0,0,0,0,0,0,2026-10-05
https://openalex.org/W4416579326,https://doi.org/10.1016/j.physa.2025.131155,2025,0,article,0,0,0,,0,,TLQNN and TLQCNN: Enhanced classical–quantum transfer learning with amplitude encoding and multi-layer ansatz,1,1,0,0,1,1,0,0,1,1,0,0,1,1,0,0,1,1,0,0,1,1,0,0,2026-10-05
https://openalex.org/W4416595078,https://doi.org/10.62802/gcqz8h35,2025,0,article,1,1,0,759,0,,Quantum Machine Learning for Defect Detection and Quality Assurance in High-Throughput Manufacturing,0,1,0,0,0,0,0,0,0,1,0,0,0,0,0,0,0,0,0,0,0,0,0,0,2026-10-05
https://openalex.org/W4416680079,https://doi.org/10.47065/bulletincsr.v5i5.712,2025,0,article,1,1,0,760,0,,Analisis Performa Variational Quantum Classifier (VQC) dengan ZZ Feature Map dan Angle Encoding Untuk Mengidentifikasi Serangan Jantung,1,0,0,0,1,0,0,0,1,0,0,0,1,0,0,0,1,0,0,0,1,0,0,0,2026-10-05
https://openalex.org/W4416685959,https://doi.org/10.48550/arxiv.2509.00916,2025,0,preprint,1,1,0,761,0,,Quantum Machine Learning Applied to the Sinking of the Titanic,1,1,1,0,1,1,1,0,1,1,1,0,0,0,0,0,0,0,0,0,0,0,0,0,2026-10-05
https://openalex.org/W4416720458,https://doi.org/10.1142/s0218001425510267,2025,0,article,1,1,0,762,0,,An Optimized CaraNet–Reflection-Equivariant Quantum Neural Framework with Gradient Domain-Guided Filtering and Emperor Penguin Optimization for Diabetic Retinopathy Detection,0,0,1,0,0,0,1,0,0,0,1,0,0,0,1,0,0,0,0,0,0,0,1,0,2026-10-05
https://openalex.org/W4416726147,https://doi.org/10.1109/igarss55030.2025.11243029,2025,0,conference-paper,1,1,0,763,0,,Quantum-Assisted Mangrove Forest Mapping Algorithm,0,0,0,0,0,0,0,0,0,0,0,0,0,0,0,0,0,0,0,0,0,0,0,0,2026-10-05
https://openalex.org/W4416726193,https://doi.org/10.1109/igarss55030.2025.11243425,2025,0,conference-paper,1,1,0,764,0,,First Evaluation of Hybrid Quantum Neural Networks for Vessel Classification in Raw Multispectral Imagery,0,1,0,0,0,0,0,0,0,1,0,0,0,0,0,0,0,0,0,0,0,0,0,0,2026-10-05
https://openalex.org/W4416728028,https://doi.org/10.1109/igarss55030.2025.11242644,2025,0,conference-paper,1,1,0,765,0,,Hybrid Quantum-Classical Neural Network with Bit Cutting for Remote Sensing Image Classification,0,0,0,0,0,0,0,0,0,0,0,0,0,0,0,0,0,0,0,0,0,0,0,0,2026-10-05
https://openalex.org/W4416740442,https://doi.org/10.5753/sscad.2025.16683,2025,0,conference-paper,1,1,0,766,0,,Quantum Machine Learning with Enhanced Autoencoders for Intrusion Detection,0,1,0,0,0,1,0,0,0,1,0,0,0,0,0,0,0,0,0,0,0,0,0,0,2026-10-05
https://openalex.org/W4416771826,https://doi.org/10.1109/aieee66149.2025.11050773,2025,0,conference-paper,1,1,0,767,0,,Optimising Quantum Algorithm Schemes According to the Topology of Quantum Computers,0,0,0,0,0,0,0,0,0,0,0,0,0,0,0,0,0,0,0,0,0,0,0,0,2026-10-05
https://openalex.org/W4416799265,https://doi.org/10.1109/snpd65828.2025.11254081,2025,0,conference-paper,1,1,0,768,0,,A Hybrid Quantum-Classical Deep Learning Algorithm for Efficient Arrhythmia Classification,0,1,0,0,0,0,0,0,0,1,0,0,0,0,0,0,0,0,0,0,0,0,0,0,2026-10-05
https://openalex.org/W4416800174,https://doi.org/10.1109/snpd65828.2025.11253302,2025,0,conference-paper,1,1,0,769,0,,Quantum-Enhanced Data Analytics For Crime Prediction,0,0,0,0,0,0,0,0,0,0,0,0,0,0,0,0,0,0,0,0,0,0,0,0,2026-10-05
https://openalex.org/W4416800792,https://doi.org/10.62802/zw957433,2025,0,article,1,1,0,770,0,,Quantum Machine Learning for Multi-Omics Integration in Personalized Medicine and Predictive Diagnostics,1,1,0,0,0,0,0,0,1,0,0,0,0,0,0,0,0,0,0,0,0,0,0,0,2026-10-05
https://openalex.org/W4416845053,https://doi.org/10.48550/arxiv.2507.00072,2025,0,preprint,1,1,0,771,0,,Classifying Hotspots Mutations for Biosimulation with Quantum Neural Networks and Variational Quantum Eigensolver,0,0,0,0,0,0,0,0,0,0,0,0,0,0,0,0,0,0,0,0,0,0,0,0,2026-10-05
https://openalex.org/W4416874676,https://doi.org/10.1109/qce65121.2025.10374,2025,0,conference-paper,1,1,0,772,0,,Hybrid Quantum-Classical Transfer Learning Model for Credit Risk Assessment with Reduced Quantum Overhead and Enhanced Minority Class Prediction,0,0,0,0,0,0,0,0,0,0,0,0,0,0,0,0,0,0,0,0,0,0,0,0,2026-10-05
https://openalex.org/W4416874958,https://doi.org/10.1109/qce65121.2025.10476,2025,0,conference-paper,1,1,0,773,0,,QSANN-ViQ: A Lightweight Quantum Self-Attention Vision Model for Explainable and Secure Edge Image Classification,0,0,0,0,0,0,0,0,0,0,0,0,0,0,0,0,0,0,0,0,0,0,0,0,2026-10-05
https://openalex.org/W4416875100,https://doi.org/10.1109/qce65121.2025.00171,2025,0,conference-paper,1,1,0,774,0,,Trainable Quantum Neural Networks for Multiclass Image Classification with the Power of Pre-Trained Tree Tensor Networks,1,0,1,0,0,0,1,0,1,0,1,0,0,0,1,0,0,0,1,0,0,0,1,0,2026-10-05
https://openalex.org/W4416875120,https://doi.org/10.1109/qce65121.2025.10342,2025,0,conference-paper,1,1,0,775,0,,Impact of Single Rotations and Entanglement Topologies in Quantum Neural Networks,0,1,0,0,0,1,0,0,0,1,0,0,0,1,0,0,0,0,0,0,0,0,0,0,2026-10-05
https://openalex.org/W4416875363,https://doi.org/10.1109/qce65121.2025.10438,2025,0,conference-paper,1,1,0,776,0,,Training Variational Quantum Circuits Using Particle Swarm Optimization,0,0,1,0,0,0,1,0,0,0,1,0,0,0,0,0,0,0,0,0,0,0,0,0,2026-10-05
https://openalex.org/W4416954951,https://doi.org/10.48550/arxiv.2512.00751,2025,0,preprint,1,1,0,777,0,,Fragmentation is Efficiently Learnable by Quantum Neural Networks,0,0,0,0,0,0,0,0,0,0,0,0,0,0,0,0,0,0,0,0,0,0,0,0,2026-10-05
https://openalex.org/W4417025196,https://doi.org/10.48550/arxiv.2512.03094,2025,0,preprint,1,1,0,778,0,,Performance Analysis of Quantum Support Vector Classifiers and Quantum Neural Networks,1,1,0,0,1,1,0,0,1,1,0,0,0,0,0,0,0,0,0,0,0,0,0,0,2026-10-05
https://openalex.org/W4417053939,https://doi.org/10.1109/iicaiet67254.2025.11265063,2025,0,conference-paper,1,1,0,779,0,,Hybrid Quantum Convolutional Neural Networks with Structured Quantum Layers and Expressivity Analysis,1,1,1,1,1,0,1,1,1,1,1,1,0,1,0,0,0,0,0,0,0,1,0,0,2026-10-05
https://openalex.org/W4417069105,https://doi.org/10.48550/arxiv.2503.23408,2025,0,preprint,1,1,0,780,0,,Quantum-Assisted Machine Learning Models for Enhanced Weather Prediction,0,0,0,0,0,0,0,0,0,0,0,0,0,0,0,0,0,0,0,0,0,0,0,0,2026-10-05
https://openalex.org/W4417080528,https://doi.org/10.48550/arxiv.2509.14277,2025,0,preprint,1,1,0,781,0,,HQCNN: A Hybrid Quantum-Classical Neural Network for Medical Image Classification,1,1,1,0,0,0,1,0,1,0,1,0,0,0,0,0,0,0,0,0,0,0,0,0,2026-10-05
https://openalex.org/W4417095209,https://doi.org/10.48550/arxiv.2505.13205,2025,0,preprint,1,1,0,782,0,,Quantum Knowledge Distillation for Large Language Models,0,0,0,0,0,0,0,0,0,0,0,0,0,0,0,0,0,0,0,0,0,0,0,0,2026-10-05
https://openalex.org/W4417101786,https://doi.org/10.48550/arxiv.2508.02054,2025,0,preprint,1,1,0,783,0,,Enhancement of Quantum Semi-Supervised Learning via Improved Laplacian and Poisson Methods,0,1,0,0,0,0,0,0,0,1,0,0,0,0,0,0,0,0,0,0,0,0,0,0,2026-10-05
https://openalex.org/W4417117413,https://doi.org/10.22214/ijraset.2025.76093,2025,0,article,0,1,0,,0,,Quantum-Classical Hybrid Approaches for Robust Malware Classification,1,0,0,0,1,0,0,0,1,0,0,0,0,0,0,0,0,0,0,0,0,0,0,0,2026-10-05
https://openalex.org/W4417136316,https://doi.org/10.48550/arxiv.2506.07937,2025,0,preprint,0,1,0,,0,,Quantum Graph Transformer for NLP Sentiment Classification,0,1,1,0,0,0,1,0,0,1,1,0,0,0,0,0,0,0,0,0,0,0,0,0,2026-10-05
https://openalex.org/W4417148722,https://doi.org/10.48550/arxiv.2503.16361,2025,0,preprint,1,1,0,784,0,,Enhancing variational quantum algorithms by balancing training on classical and quantum hardware,0,1,1,0,0,1,1,0,0,1,1,0,0,0,0,0,0,0,0,0,0,0,0,0,2026-10-05
https://openalex.org/W4417169325,https://doi.org/10.1109/sita67914.2025.11273773,2025,0,conference-paper,1,1,0,785,0,,Quantum Machine Learning for Anomaly Detection in Brain Imaging Related to Mental Health,0,0,0,0,0,0,0,0,0,0,0,0,0,0,0,0,0,0,0,0,0,0,0,0,2026-10-05
https://openalex.org/W4417174705,https://doi.org/10.48550/arxiv.2506.16938,2025,0,preprint,1,1,0,786,0,,Enhancing Expressivity of Quantum Neural Networks Based on the SWAP test,1,1,0,0,1,0,0,0,1,1,0,0,0,1,0,0,0,0,0,0,0,1,0,0,2026-10-05
https://openalex.org/W4417193508,https://doi.org/10.22214/ijraset.2025.76116,2025,0,article,1,1,0,787,0,,Quantum AI Based Diagnosis System for Early Brain Tumor and Lung Cancer Detection,0,0,1,0,0,0,1,0,0,0,1,0,0,0,0,0,0,0,0,0,0,0,0,0,2026-10-05
https://openalex.org/W4417201248,https://doi.org/10.21203/rs.3.rs-8197450/v1,2025,0,preprint,0,0,0,,0,,Neural Quantum Embedding Enhanced Hybrid Quantum-Classical Sentiment Analysis Classification,1,0,0,0,1,0,0,0,1,0,0,0,1,0,0,0,1,0,0,0,1,0,0,0,2026-10-05
https://openalex.org/W4417244980,https://doi.org/10.18687/leird2025.1.1.106,2025,0,conference-paper,1,1,0,788,0,,Quantum Ventures: Accelerating Startups with QML,0,0,0,0,0,0,0,0,0,0,0,0,0,0,0,0,0,0,0,0,0,0,0,0,2026-10-05
https://openalex.org/W4417247886,https://doi.org/10.48550/arxiv.2504.06892,2025,0,preprint,1,1,0,789,0,,Applications of Hybrid Machine Learning Methods to Large Datasets: A Case Study,1,0,1,0,0,0,1,0,1,0,1,0,0,0,0,0,0,0,0,0,0,0,0,0,2026-10-05
https://openalex.org/W4417253928,https://doi.org/10.4018/979-8-3373-3146-1.ch013,2025,0,book-chapter,1,1,0,790,0,,Quantum-SVM (SVM) for Parkinson's Disease Prediction Using Wearable IoT Sensors,0,0,0,0,0,0,0,0,0,0,0,0,0,0,0,0,0,0,0,0,0,0,0,0,2026-10-05
https://openalex.org/W4417275653,https://doi.org/10.48550/arxiv.2506.21940,2025,0,preprint,0,1,0,,0,,Sculpting Quantum Landscapes: Fubini-Study Metric Conditioning for Geometry Aware Learning in Parameterized Quantum Circuits,0,0,1,0,0,0,1,0,0,0,1,0,0,0,1,0,0,0,1,0,0,0,1,0,2026-10-05
https://openalex.org/W4417281797,https://doi.org/10.48550/arxiv.2503.11047,2025,0,preprint,1,1,0,791,0,,Quantum ensemble learning with a programmable superconducting processor,0,0,0,1,0,0,0,0,0,0,0,1,0,0,0,0,0,0,0,0,0,0,0,0,2026-10-05
https://openalex.org/W4417291063,https://doi.org/10.48550/arxiv.2512.09469,2025,0,preprint,1,1,0,792,0,,LiePrune: Lie Group and Quantum Geometric Dual Representation for One-Shot Structured Pruning of Quantum Neural Networks,0,0,1,0,0,0,1,0,0,0,1,0,0,0,0,0,0,0,0,0,0,0,0,0,2026-10-05
https://openalex.org/W4417291525,https://doi.org/10.48550/arxiv.2512.09586,2025,0,preprint,1,1,0,793,0,,Graph-Based Bayesian Optimization for Quantum Circuit Architecture Search with Uncertainty Calibrated Surrogates,1,1,1,1,1,1,1,1,1,1,1,1,0,1,0,0,0,1,0,0,0,1,0,0,2026-10-05
https://openalex.org/W4417307842,https://doi.org/10.48550/arxiv.2506.09069,2025,0,preprint,1,1,0,794,0,,Devanagari Digit Recognition using Quantum Machine Learning,0,1,0,0,0,0,0,0,0,0,0,0,0,0,0,0,0,0,0,0,0,0,0,0,2026-10-05
https://openalex.org/W4417308070,https://doi.org/10.48550/arxiv.2506.09205,2025,0,preprint,1,1,0,795,0,,Genetic Transformer-Assisted Quantum Neural Networks for Optimal Circuit Design,1,1,1,0,0,0,1,0,1,1,1,0,0,1,0,0,0,0,0,0,0,1,0,0,2026-10-05
https://openalex.org/W4417319340,https://doi.org/10.1088/978-0-7503-4952-9ch6,2025,0,book-chapter,1,1,0,796,0,,Variational classifiers and neural networks,0,0,1,0,0,0,1,0,0,0,1,0,0,0,0,0,0,0,0,0,0,0,0,0,2026-10-05
https://openalex.org/W4417319348,https://doi.org/10.1088/978-0-7503-4952-9ch5,2025,0,book-chapter,1,1,0,797,0,,Quantum variational optimization,0,1,1,1,0,1,1,0,0,1,1,1,0,0,0,0,0,0,0,0,0,0,0,0,2026-10-05
https://openalex.org/W4417344567,https://doi.org/10.20944/preprints202512.1348.v1,2025,0,preprint,1,1,0,798,0,,On the Complementarity of Classical Convolution and Quantum Neural Networks in Image Classification,0,0,0,0,0,0,0,0,0,0,0,0,0,0,0,0,0,0,0,0,0,0,0,0,2026-10-05
https://openalex.org/W4417349494,https://doi.org/10.48550/arxiv.2506.10275,2025,0,preprint,1,1,0,799,0,,VQC-MLPNet: An Unconventional Hybrid Quantum-Classical Architecture for Scalable and Robust Quantum Machine Learning,0,1,1,0,0,0,1,0,0,1,1,0,0,0,0,0,0,0,0,0,0,0,0,0,2026-10-05
https://openalex.org/W4417350989,https://doi.org/10.21275/sr251210205803,2025,0,article,1,1,0,800,0,,A Comparative Study of Classical and Variational Quantum Machine Learning Models for Breast Cancer Classification,0,0,0,0,0,0,0,0,0,0,0,0,0,0,0,0,0,0,0,0,0,0,0,0,2026-10-05
https://openalex.org/W4417364887,https://doi.org/10.55524/ijirem.2025.12.6.8,2025,0,article,1,1,0,801,0,,Quantum AI vs. Classical AI: A Comparative Analysis,0,0,0,0,0,0,0,0,0,0,0,0,0,0,0,0,0,0,0,0,0,0,0,0,2026-10-05
https://openalex.org/W4417405130,https://doi.org/10.1109/icidca66325.2025.11280343,2025,0,conference-paper,1,1,0,802,0,,Severity Classification in Prostate Cancer using Exponential Revolution Optimization Algorithm Enabled Deep Quantum Neural Network,0,0,1,0,0,0,0,0,0,0,1,0,0,0,0,0,0,0,0,0,0,0,0,0,2026-10-05
https://openalex.org/W4417438285,https://doi.org/10.22541/au.176599455.51565317/v1,2025,0,preprint,1,1,0,803,0,,Unified Theoretical Characterization of Barren Plateaus in Variational Quantum Algorithms,1,1,1,0,1,1,1,0,1,1,1,0,0,0,1,0,0,0,1,0,0,0,1,0,2026-10-05
https://openalex.org/W4417449725,https://doi.org/10.48550/arxiv.2512.12581,2025,0,preprint,0,1,0,,0,,Differentiable Energy-Based Regularization in GANs: A Simulator-Based Exploration of VQE-Inspired Auxiliary Losses,0,0,0,0,0,0,0,0,0,0,0,0,0,0,0,0,0,0,0,0,0,0,0,0,2026-10-05
https://openalex.org/W4417471966,https://doi.org/10.5120/ijca2025926113,2025,0,article,0,1,0,,0,,A Hybrid Quantum–Classical Convolutional Neural Network for Enhanced Image Classification,0,1,0,0,0,0,0,0,0,0,0,0,0,0,0,0,0,0,0,0,0,0,0,0,2026-10-05
https://openalex.org/W4417512471,https://doi.org/10.48550/arxiv.2505.06441,2025,0,preprint,1,1,0,804,0,,Performance Analysis and Noise Impact of a Novel Quantum KNN Algorithm for Machine Learning,1,1,0,0,1,0,0,0,1,0,0,0,0,0,0,0,0,0,0,0,0,0,0,0,2026-10-05
https://openalex.org/W4417523745,https://doi.org/10.48550/arxiv.2504.21567,2025,0,preprint,1,1,0,805,0,,PolyQROM: Orthogonal-Polynomial-Based Quantum Reduced-Order Model for Flow Field Analysis,1,1,0,1,0,0,0,1,1,1,0,1,0,0,0,0,0,0,0,0,0,0,0,0,2026-10-05
https://openalex.org/W7104002675,https://doi.org/10.5281/zenodo.17518325,2025,0,article,1,1,0,806,0,,"A 1-Gate, 1-Qubit Quantum Neural Network",1,1,1,0,1,1,0,0,1,1,1,0,0,0,0,0,0,0,0,0,0,0,0,0,2026-10-05
https://openalex.org/W7104375816,https://doi.org/10.5281/zenodo.17549423,2025,0,article,1,1,0,807,0,,SentiQNN: Advancing Sentiment Analysis through Quantum-Inspired Neural Networks- A Comparative Analysis with Existing Methodologies,1,1,0,1,0,0,0,0,1,0,0,1,0,0,0,0,0,0,0,0,0,0,0,0,2026-10-05
https://openalex.org/W7104410611,https://doi.org/10.5281/zenodo.17549424,2025,0,article,1,1,0,808,0,,SentiQNN: Advancing Sentiment Analysis through Quantum-Inspired Neural Networks- A Comparative Analysis with Existing Methodologies,1,1,0,1,0,0,0,0,1,0,0,1,0,0,0,0,0,0,0,0,0,0,0,0,2026-10-05
https://openalex.org/W7105042456,https://doi.org/10.25421/yorksj.30589208.v1,2025,0,software,1,1,0,809,0,,Source Code and Dataset,0,0,0,0,0,0,0,0,0,0,0,0,0,0,0,0,0,0,0,0,0,0,0,0,2026-10-05
https://openalex.org/W7105098967,https://doi.org/10.25421/yorksj.30589208,2025,0,software,1,1,0,810,0,,Source Code and Dataset,0,0,0,0,0,0,0,0,0,0,0,0,0,0,0,0,0,0,0,0,0,0,0,0,2026-10-05
https://openalex.org/W7105758418,https://doi.org/10.5281/zenodo.17610091,2025,0,article,1,1,0,811,0,,Quantum Machine Learning for Emotional Hijacking Detection and Intervention,0,0,0,0,0,0,0,0,0,0,0,0,0,0,0,0,0,0,0,0,0,0,0,0,2026-10-05
https://openalex.org/W7105861011,https://doi.org/10.5281/zenodo.17620189,2025,0,article,1,1,0,812,0,,"Advanced Quantum Machine Learning project comparing Hybrid VQC and Quantum Kernel SVM, featuring modular pipeline, and automatic artifact logging",0,0,0,0,0,0,0,0,0,0,0,0,0,0,0,0,0,0,0,0,0,0,0,0,2026-10-05
https://openalex.org/W7105995619,https://doi.org/10.5281/zenodo.17637670,2025,0,other,1,1,0,813,0,,Code for: Quantum Neural Networks for Binary Classification: Residual-Enhanced Backpropagation Architecture,0,0,1,1,0,0,1,0,0,0,1,1,0,0,0,0,0,0,0,0,0,0,0,0,2026-10-05
https://openalex.org/W7105998794,https://doi.org/10.5281/zenodo.17637668,2025,0,other,1,1,0,814,0,,Code for: Quantum Neural Networks for Binary Classification: Residual-Enhanced Backpropagation Architecture,0,0,1,1,0,0,1,0,0,0,1,1,0,0,0,0,0,0,0,0,0,0,0,0,2026-10-05
https://openalex.org/W7106159975,https://doi.org/10.1007/978-981-95-1069-6_37,2025,0,conference-paper,1,0,0,,0,,Variational Quantum Circuit-Based Convolutional Neural Network Binary Image Classification Model to Detect Acute Myeloid Leukemia Blood Cancer,0,0,0,0,0,0,0,0,0,0,0,0,0,0,0,0,0,0,0,0,0,0,0,0,2026-10-05
https://openalex.org/W7106174265,https://doi.org/10.62802/4x0xss90,2025,0,article,1,1,0,815,0,,AI–Quantum Hybrid Diagnostic Systems for Multi-Modal Biomedical Imaging,1,0,0,0,0,0,0,0,1,0,0,0,0,0,0,0,0,0,0,0,0,0,0,0,2026-10-05
https://openalex.org/W7106246824,https://doi.org/10.5281/zenodo.17644225,2025,0,article,1,1,0,816,0,,Reproducible Benchmarks Reveal Instability of Quantum Kernel Methods versus Stability of Hybrid Variational Classifiers on NISQ Simulators,0,0,0,0,0,0,0,0,0,0,0,0,0,0,0,0,0,0,0,0,0,0,0,0,2026-10-05
https://openalex.org/W7106272137,https://doi.org/10.60763/africarxiv/10321,2025,0,software,1,1,0,817,0,,Q-Synapse: A Hybrid Quantum–AI Platform for Tumor State Classification Using Real Genomic Data,1,1,1,0,0,0,0,0,1,0,1,0,0,0,0,0,0,0,0,0,0,0,0,0,2026-10-05
https://openalex.org/W7106284089,https://doi.org/10.5281/zenodo.17655038,2025,0,article,1,1,0,818,0,,Q-Synapse: A Hybrid Quantum–AI Platform for Tumor State Classification Using Real Genomic Data,0,0,1,0,0,0,0,0,0,0,1,0,0,0,0,0,0,0,0,0,0,0,0,0,2026-10-05
https://openalex.org/W7106326856,https://doi.org/10.62802/km136t27,2025,0,article,1,1,0,819,0,,Quantum Machine Learning for Multi-Criteria Decision-Making in Industrial Project Portfolio Management,0,0,0,0,0,0,0,0,0,0,0,0,0,0,0,0,0,0,0,0,0,0,0,0,2026-10-05
https://openalex.org/W7106340150,https://doi.org/10.5281/zenodo.17655039,2025,0,article,1,1,0,820,0,,Q-Synapse: A Hybrid Quantum–AI Platform for Tumor State Classification Using Real Genomic Data,0,0,1,0,0,0,0,0,0,0,1,0,0,0,0,0,0,0,0,0,0,0,0,0,2026-10-05
https://openalex.org/W7106650693,https://doi.org/10.48550/arxiv.2511.19246,2025,0,preprint,1,1,0,821,0,,Neural Architecture Search for Quantum Autoencoders,0,1,0,0,0,1,0,0,0,1,0,0,0,1,0,0,0,1,0,0,0,1,0,0,2026-10-05
https://openalex.org/W7106783702,,2025,0,preprint,1,1,0,822,0,,Neural Architecture Search for Quantum Autoencoders,0,1,0,0,0,1,0,0,0,1,0,0,0,1,0,0,0,1,0,0,0,1,0,0,2026-10-05
https://openalex.org/W7108076468,https://doi.org/10.64388/irev9i5-1712319,2025,0,article,1,1,0,823,0,,Space Mission Quantum GenAI and XAI System for Predictive Anomaly Detection and Mission Optimization,1,0,0,0,0,0,0,0,1,0,0,0,0,0,0,0,0,0,0,0,0,0,0,0,2026-10-05
https://openalex.org/W7108319436,https://doi.org/10.5281/zenodo.17788782,2025,0,article,1,1,0,824,0,,"Quantum Machine Learning (QML): Variational Classifiers, Quantum Kernels and Hybrid Architectures",0,0,0,0,0,0,0,0,0,0,0,0,0,0,0,0,0,0,0,0,0,0,0,0,2026-10-05
https://openalex.org/W7108337154,https://doi.org/10.5281/zenodo.17788783,2025,0,article,1,1,0,825,0,,"Quantum Machine Learning (QML): Variational Classifiers, Quantum Kernels and Hybrid Architectures",0,0,0,0,0,0,0,0,0,0,0,0,0,0,0,0,0,0,0,0,0,0,0,0,2026-10-05
https://openalex.org/W7108508195,https://doi.org/10.24406/publica-6661,2025,0,other,1,1,0,826,0,,Quantum neural networks in practice,0,1,0,0,0,0,0,0,0,1,0,0,0,0,0,0,0,0,0,0,0,0,0,0,2026-10-05
https://openalex.org/W7108751278,https://doi.org/10.2139/ssrn.5858602,2025,0,preprint,0,0,0,,0,,Multi-Omics Discovery of UGT1A6 as a Potential Upstream Driver in Idiopathic Pulmonary Fibrosis with Quantum-Guided Screening of Novel Inhibitors,0,0,0,0,0,0,0,0,0,0,0,0,0,0,0,0,0,0,0,0,0,0,0,0,2026-10-05
https://openalex.org/W7109062625,https://doi.org/10.5445/ir/1000187967,2025,0,article,1,1,0,827,0,,One particle - one qubit: Particle physics data encoding for quantum machine learning,1,0,1,0,1,0,1,0,1,0,1,0,1,0,0,0,1,0,0,0,1,0,0,0,2026-10-05
https://openalex.org/W7110538384,,2022,0,dissertation,1,1,0,828,0,,Construcción de clasificadores híbridos clásico-cuánticos para datos imbalanceados,1,0,0,1,0,0,0,1,1,0,0,1,0,0,0,0,0,0,0,0,0,0,0,0,2026-10-05
https://openalex.org/W7110544069,,2025,0,dissertation,1,1,0,829,0,,Barren Plateaus and Trainability of Hybrid Quantum-Classical Algorithms,0,0,1,0,0,0,1,0,0,0,1,0,0,0,1,0,0,0,1,0,0,0,1,0,2026-10-05
https://openalex.org/W7111264791,https://doi.org/10.1051/matecconf/202541702001/pdf,2025,0,article,1,1,0,830,0,,Comparing artificial neural networks with variational quantum circuits for biomedical data classification,0,0,0,0,0,0,0,0,0,0,0,0,0,0,0,0,0,0,0,0,0,0,0,0,2026-10-05
https://openalex.org/W7114769220,https://doi.org/10.48550/arxiv.2512.07871,2025,0,preprint,1,1,0,831,0,,Quantum Circuit Reasoning Models: A Variational Framework for Differentiable Logical Inference,1,1,1,1,0,1,0,0,1,1,1,1,0,0,0,0,0,0,0,0,0,0,0,0,2026-10-05
https://openalex.org/W7114820580,,2025,0,preprint,1,1,0,832,0,,Quantum Circuit Reasoning Models: A Variational Framework for Differentiable Logical Inference,1,1,1,1,0,1,0,0,1,1,1,1,0,0,0,0,0,0,0,0,0,0,0,0,2026-10-05
https://openalex.org/W7115734161,https://doi.org/10.17714/gumusfenbil.1715840,2025,0,article,1,1,0,833,0,,Açıklanabilir kuantum destekli hibrit öğrenme ile meme kanseri sınıflandırması,0,0,0,0,0,0,0,0,0,0,0,0,0,0,0,0,0,0,0,0,0,0,0,0,2026-10-05
https://openalex.org/W7116829147,https://doi.org/10.48550/arxiv.2512.17800,2025,0,preprint,0,1,0,,0,,Domain-Aware Quantum Circuit for QML,1,1,1,1,0,0,1,1,1,1,1,1,0,0,0,0,0,0,0,0,0,0,0,0,2026-10-05
https://openalex.org/W7116897585,https://doi.org/10.1109/icnas68168.2025.11298036,2025,0,conference-paper,1,1,0,834,0,,Quantum and Classical Learning-Assisted Detection of Heart Diseases,0,0,0,0,0,0,0,0,0,0,0,0,0,0,0,0,0,0,0,0,0,0,0,0,2026-10-05
https://openalex.org/W7116989719,https://doi.org/10.17605/osf.io/cjq3x,2025,0,article,1,1,0,835,0,,2025-10-23_RFT_Dynamic_Algorithms_and_Relational_Coherence_Beyond_Computation.,0,0,0,0,0,0,0,0,0,0,0,0,0,0,0,0,0,0,0,0,0,0,0,0,2026-10-05
https://openalex.org/W7117139561,https://doi.org/10.48550/arxiv.2512.18125,2025,0,preprint,1,1,0,836,0,,Exploring polymer classification with a hybrid single-photon quantum approach,0,0,0,0,0,0,0,0,0,0,0,0,0,0,0,0,0,0,0,0,0,0,0,0,2026-10-05
https://openalex.org/W7117541372,https://doi.org/10.1109/rasse64831.2025.11315389,2025,0,conference-paper,1,1,0,837,0,,"Compress, Encode, Diagnose: PCA-Enhanced QNNs for Breast Cancer Classification",1,0,0,1,0,0,0,0,1,0,0,1,1,0,0,0,0,0,0,0,1,0,0,0,2026-10-05
https://openalex.org/W7117567325,https://doi.org/10.1109/icscn67106.2025.11308656,2025,0,conference-paper,1,1,0,838,0,,Quantum LSTM with Ant Colony Optimization for Protein Mutation Detection,1,0,0,1,0,0,0,0,1,0,0,1,0,0,0,0,0,0,0,0,0,0,0,0,2026-10-05
https://openalex.org/W7117593150,https://doi.org/10.64229/jvy76115,2025,0,article,1,1,0,839,0,,Quantum-Enhanced Machine Learning: Algorithms and Challenges in the Noisy Intermediate-Scale Quantum Era,1,1,1,0,1,0,1,0,1,0,1,0,0,0,0,0,0,0,0,0,0,0,0,0,2026-10-05
https://openalex.org/W7117659210,https://doi.org/10.5281/zenodo.18091772,2025,0,software,1,1,0,840,0,,hybrid_classical_quantum_neural_decoder.py — Hybrid Classical-Quantum Neural Decoder,1,1,0,0,1,0,0,0,1,0,0,0,0,0,0,0,0,0,0,0,0,0,0,0,2026-10-05
https://openalex.org/W7117704157,https://doi.org/10.5281/zenodo.18096724,2025,0,preprint,1,1,0,841,0,,Impact of Circuit Depth versus Qubit Count on Variational Quantum Classifiers for Higgs Boson Signal Detection,0,1,1,0,0,0,1,0,0,1,1,0,0,1,0,0,0,0,0,0,0,1,0,0,2026-10-05
https://openalex.org/W7117711020,https://doi.org/10.5281/zenodo.18091771,2025,0,software,1,1,0,842,0,,hybrid_classical_quantum_neural_decoder.py — Hybrid Classical-Quantum Neural Decoder,1,1,0,0,1,0,0,0,1,0,0,0,0,0,0,0,0,0,0,0,0,0,0,0,2026-10-05
https://openalex.org/W7117791442,https://doi.org/10.5281/zenodo.18096723,2025,0,preprint,1,1,0,843,0,,Impact of Circuit Depth versus Qubit Count on Variational Quantum Classifiers for Higgs Boson Signal Detection,0,1,1,0,0,0,1,0,0,1,1,0,0,1,0,0,0,0,0,0,0,1,0,0,2026-10-05
https://openalex.org/W7117871919,https://doi.org/10.5281/zenodo.18106693,2025,0,article,1,1,0,844,0,,EXPLORING QUANTUM MACHINE LEARNING ALGORITHMS FOR ENHANCED CHEMICAL TOXICITY CLASSIFICATION,0,0,1,0,0,0,1,0,0,0,1,0,0,0,0,0,0,0,0,0,0,0,0,0,2026-10-05
https://openalex.org/W7117873341,https://doi.org/10.5281/zenodo.18106692,2025,0,article,1,1,0,845,0,,EXPLORING QUANTUM MACHINE LEARNING ALGORITHMS FOR ENHANCED CHEMICAL TOXICITY CLASSIFICATION,0,0,1,0,0,0,1,0,0,0,1,0,0,0,0,0,0,0,0,0,0,0,0,0,2026-10-05
https://openalex.org/W7117874980,https://doi.org/10.1109/icicnis66685.2025.11315779,2025,0,conference-paper,1,1,0,846,0,,Hybrid Quantum-Classical Models and Optimization Techniques for Financial Fraud Detection,0,0,0,0,0,0,0,0,0,0,0,0,0,0,0,0,0,0,0,0,0,0,0,0,2026-10-05
https://openalex.org/W7117890370,https://doi.org/10.1109/icicnis66685.2025.11315579,2025,0,conference-paper,1,1,0,847,0,,QIH-FoodNet: A Quantum-Inspired Hybrid Deep Learning Model for Real-Time Food Quality Assessment,0,0,0,0,0,0,0,0,0,0,0,0,0,0,0,0,0,0,0,0,0,0,0,0,2026-10-05
https://openalex.org/W7117949772,,2025,0,article,1,1,0,848,0,,Интеграция квантовых вычислительных моделей в конвейеры анализа данных,0,1,0,1,0,0,0,1,0,1,0,1,0,0,0,0,0,0,0,0,0,0,0,0,2026-10-05
https://openalex.org/W7118019106,https://doi.org/10.1109/isgtmiddleeast65737.2025.11314438,2025,0,conference-paper,1,1,0,849,0,,QM-OCL: Quantum Many-Shot Out-Of-Context Learning for Metamodeling Techno-Economic Stability in Microgrids and Smart Grids,0,0,1,0,0,0,1,0,0,0,1,0,0,0,0,0,0,0,0,0,0,0,0,0,2026-10-05
https://openalex.org/W7118913317,https://doi.org/10.34734/fzj-2025-05552,2025,0,article,0,1,0,,0,,Efficient Quantum Convolutional Neural Networks for Image Classification: Overcoming Hardware Constraints,1,1,0,0,0,0,0,0,1,0,0,0,0,0,0,0,0,0,0,0,0,0,0,0,2026-10-05
https://openalex.org/W7119564503,,2024,0,dissertation,1,1,0,850,0,,Data re-uploading and expressivity/trainability trade-off on quantum policy gradients,1,1,1,1,1,0,1,1,1,1,1,1,1,1,1,0,1,0,1,0,1,1,1,0,2026-10-05
https://openalex.org/W7120719197,,2023,0,dissertation,0,1,0,,0,,Use of quantum algorithms for classification of rolling bearing damage,0,1,0,0,0,0,0,0,0,1,0,0,0,0,0,0,0,0,0,0,0,0,0,0,2026-10-05
https://openalex.org/W7120799742,,2022,0,dissertation,1,1,0,851,0,,"Parametrized constant-depth quantum neuron : framework, conception, and applications",0,0,0,0,0,0,0,0,0,0,0,0,0,0,0,0,0,0,0,0,0,0,0,0,2026-10-05
https://openalex.org/W7123823940,https://doi.org/10.1109/icoco67189.2025.11334075,2025,0,conference-paper,1,1,0,852,0,,A Comparative Effectiveness Study of Quantum Machine Learning Algorithms,0,0,0,0,0,0,0,0,0,0,0,0,0,0,0,0,0,0,0,0,0,0,0,0,2026-10-05
https://openalex.org/W7123827197,https://doi.org/10.1109/ictbig68706.2025.11323947,2025,0,conference-paper,1,1,0,853,0,,Clinical Evaluation of Quantum-Enhanced RCC Diagnostics: Expandable Quantum Neural Networks Built on Imaging for Realistic Precision Oncology Usage,0,1,0,0,0,0,0,0,0,0,0,0,0,0,0,0,0,0,0,0,0,0,0,0,2026-10-05
https://openalex.org/W7124765529,https://doi.org/10.1051/bioconf/202517202002/pdf,2025,0,article,1,1,0,854,0,,Quantum AI: A Cognitive Machine Learning Technique based on Nurturing Food Security Sustainability Predictive Analysis for Life Science - Bioengineering in Healthcare,0,0,0,0,0,0,0,0,0,0,0,0,0,0,0,0,0,0,0,0,0,0,0,0,2026-10-05
https://openalex.org/W7124849559,https://doi.org/10.1109/aimlsystems67835.2025.11330254,2025,0,conference-paper,1,1,0,855,0,,Benchmarking the Quantum Frontier: Evaluating QML Models on Core Learning Tasks,0,0,0,0,0,0,0,0,0,0,0,0,0,0,0,0,0,0,0,0,0,0,0,0,2026-10-05
https://openalex.org/W7124857219,https://doi.org/10.1109/aimlsystems67835.2025.11331164,2025,0,conference-paper,1,1,0,856,0,,Adaptive Quantum-Enhanced Learning: A Dynamic Hybrid Framework for Robust Quantum Machine Learning in the NISQ Era,0,1,1,0,0,1,1,0,0,1,1,0,0,0,0,0,0,0,0,0,0,0,0,0,2026-10-05
https://openalex.org/W7124898449,https://doi.org/10.1109/aimlsystems67835.2025.11330613,2025,0,conference-paper,1,1,0,857,0,,Quantum Machine Learning Models for Enhanced Weather Prediction,0,0,0,0,0,0,0,0,0,0,0,0,0,0,0,0,0,0,0,0,0,0,0,0,2026-10-05
https://openalex.org/W7124914255,https://doi.org/10.1109/icaaic64647.2025.11330296,2025,0,conference-paper,1,1,0,858,0,,Quantum Machine Learning for Bitter Gourd Disease and Nutrient Deficiency Detection,0,0,0,0,0,0,0,0,0,0,0,0,0,0,0,0,0,0,0,0,0,0,0,0,2026-10-05
https://openalex.org/W7124935287,https://doi.org/10.1109/silcon67893.2025.11327379,2025,0,conference-paper,1,1,0,859,0,,Quantum-Enhanced Multi-Class Classification of Ophthalmic Disorders Using a Hybrid Transfer Learning Approach,0,1,0,0,0,0,0,0,0,0,0,0,0,0,0,0,0,0,0,0,0,0,0,0,2026-10-05
https://openalex.org/W7124994803,https://doi.org/10.1109/iccca66364.2025.11325117,2025,0,conference-paper,1,1,0,860,0,,Detecting Re-Entrancy Attacks in Ethereum via Dynamic Tracing,0,0,0,0,0,0,0,0,0,0,0,0,0,0,0,0,0,0,0,0,0,0,0,0,2026-10-05
https://openalex.org/W7125645408,https://doi.org/10.1109/qai63978.2025.00074,2025,0,conference-paper,1,1,0,861,0,,A Comparative Study of Classical and Quantum Machine Learning Techniques for Industrial Defect Classification,0,1,0,0,0,0,0,0,0,1,0,0,0,0,0,0,0,0,0,0,0,0,0,0,2026-10-05
https://openalex.org/W7125825765,https://doi.org/10.52710/cfs.895,2023,0,article,1,1,0,862,0,,A Comparative Analysis of Classical and Quantum Machine Learning Models for Financial Fraud Detection,0,0,0,0,0,0,0,0,0,0,0,0,0,0,0,0,0,0,0,0,0,0,0,0,2026-10-05
https://openalex.org/W7125942179,https://doi.org/10.1109/icitisee68184.2025.11355124,2025,0,conference-paper,1,1,0,863,0,,Hybrid Quantum Neural Networks for Rice Plant Disease Classification Based on Leaf Image Analysis,0,1,0,0,0,0,0,0,0,0,0,0,0,0,0,0,0,0,0,0,0,0,0,0,2026-10-05
https://openalex.org/W7126237845,https://doi.org/10.1109/iconat66879.2025.11362569,2025,0,conference-paper,1,1,0,864,0,,Quantum Machine Learning for Non-Communicable Disease Classification: A Comprehensive Review,0,0,0,0,0,0,0,0,0,0,0,0,0,0,0,0,0,0,0,0,0,0,0,0,2026-10-05
https://openalex.org/W7127226608,,2025,0,article,1,1,0,865,0,,GRM-0216 Towards Analyzing the Bridge Dataset with Quantum Machine Learning,0,0,0,0,0,0,0,0,0,0,0,0,0,0,0,0,0,0,0,0,0,0,0,0,2026-10-05
https://openalex.org/W7127238354,,2025,0,conference-paper,1,1,0,866,0,,Quantum Machine Learning for Cybersecurity and Science & Engineering Data,0,0,0,0,0,0,0,0,0,0,0,0,0,0,0,0,0,0,0,0,0,0,0,0,2026-10-05
https://openalex.org/W7127356359,https://doi.org/10.1109/iemecon69302.2025.11365901,2025,0,conference-paper,1,1,0,867,0,,Hybrid Quantum–Classical AI Framework for Parkinson's Disease Prediction,0,0,0,0,0,0,0,0,0,0,0,0,0,0,0,0,0,0,0,0,0,0,0,0,2026-10-05
https://openalex.org/W7127427172,https://doi.org/10.1109/hite68444.2025.11363993,2025,0,conference-paper,1,1,0,868,0,,Transforming Crop Disease Classification with Hybrid Quantum Deep Learning,0,1,0,0,0,0,0,0,0,0,0,0,0,0,0,0,0,0,0,0,0,0,0,0,2026-10-05
https://openalex.org/W7127577608,https://doi.org/10.1109/gcat66372.2025.11368368,2025,0,conference-paper,1,1,0,869,0,,Quantum Neural Network Approach for Early Detection of Breast Cancer,0,0,0,0,0,0,0,0,0,0,0,0,0,0,0,0,0,0,0,0,0,0,0,0,2026-10-05
https://openalex.org/W7127657498,https://doi.org/10.1109/cicn67655.2025.11368009,2025,0,conference-paper,1,1,0,870,0,,Hybrid Quantum-Classical Models for Brain Tumor Classification Using Advanced CNN Architectures,0,0,0,0,0,0,0,0,0,0,0,0,0,0,0,0,0,0,0,0,0,0,0,0,2026-10-05
https://openalex.org/W7127946608,https://doi.org/10.32595/jcait/v1i4.2025.24,2025,0,article,1,1,0,871,0,,Quantum Computing–Enabled Clinical Decision Support System using Electronic Health Records and Clinical Documentation,0,0,0,0,0,0,0,0,0,0,0,0,0,0,0,0,0,0,0,0,0,0,0,0,2026-10-05
https://openalex.org/W7128721385,https://doi.org/10.1109/icerect65215.2025.11376047,2025,0,conference-paper,1,1,0,872,0,,Quantum Computing for Medical Imaging: Detecting Malaria from Red Blood Cells,0,0,0,0,0,0,0,0,0,0,0,0,0,0,0,0,0,0,0,0,0,0,0,0,2026-10-05
https://openalex.org/W7128781111,https://doi.org/10.1109/iceca66444.2025.11382954,2025,0,conference-paper,1,1,0,873,0,,A Variational Quantum Classifier Approach to Multi-Age Autism Spectrum Disorder Detection,1,1,0,0,1,0,0,0,1,0,0,0,0,0,0,0,0,0,0,0,0,0,0,0,2026-10-05
https://openalex.org/W7129237624,https://doi.org/10.1109/iceconf65644.2025.11379626,2025,0,conference-paper,1,1,0,874,0,,Employment of Imaging-Based Deep Quantum Feature Learning to Enhance Precision Oncology with Integrated Quantum Neural Networks for RCC Diagnosis,1,0,0,0,0,0,0,0,1,0,0,0,0,0,0,0,0,0,0,0,0,0,0,0,2026-10-05
https://openalex.org/W7129675038,https://doi.org/10.1109/appeec66370.2025.11382117,2025,0,conference-paper,1,1,0,875,0,,A Framework for Hybrid-Quantum Neural Networks for Anomaly Detection and Optimization in Smart Grids: Challenges and Opportunities,1,0,0,0,1,0,0,0,1,0,0,0,0,0,0,0,0,0,0,0,0,0,0,0,2026-10-05
https://openalex.org/W7129746172,https://doi.org/10.1109/iceconf65644.2025.11379583,2025,0,conference-paper,1,1,0,876,0,,Innovative Quantum Techniques Using Convolutional Neural Network and Support Vector Machine for Accurate Melanoma Diagnosis,0,1,1,0,0,0,1,0,0,0,1,0,0,0,0,0,0,0,0,0,0,0,0,0,2026-10-05
https://openalex.org/W7130400129,https://doi.org/10.1109/automation66991.2025.11390016,2025,0,conference-paper,1,1,0,877,0,,"Toward Automated Quantum Machine Learning: A Review of Principles, Status, Advances, and A Pathway to AutoQML",0,1,0,0,0,0,0,0,0,0,0,0,0,0,0,0,0,0,0,0,0,0,0,0,2026-10-05
https://openalex.org/W7130549652,https://doi.org/10.1109/ictc66702.2025.11388205,2025,0,conference-paper,1,1,0,878,0,,A Precise Classification of Medical Images with a Cost-Efficient Quantum-Classical Hybrid Neural Network,1,0,0,0,0,0,0,0,1,0,0,0,0,0,0,0,0,0,0,0,0,0,0,0,2026-10-05
https://openalex.org/W7130692952,https://doi.org/10.1109/giest66547.2025.11387579,2025,0,conference-paper,1,1,0,879,0,,Quantum-Enhanced AI for Predictive Analytics in Manufacturing,1,1,1,0,0,0,1,0,1,0,1,0,0,0,0,0,0,0,0,0,0,0,0,0,2026-10-05
https://openalex.org/W7130708497,https://doi.org/10.1109/giest66547.2025.11387560,2025,0,conference-paper,0,1,0,,0,,Quantum-Augmented MobileNet for Efficient Land Classification in Satellite Imagery,1,1,0,0,0,0,0,0,1,0,0,0,0,0,0,0,0,0,0,0,0,0,0,0,2026-10-05
https://openalex.org/W7130720350,https://doi.org/10.1109/computingcon64838.2025.11376925,2025,0,conference-paper,0,1,0,,0,,The Novel Mechanisms of Transfer Learning for Quantum Machine Learning with Noisy Measurements and Limited Quantum Data,0,1,0,1,0,0,0,1,0,1,0,1,0,0,0,1,0,0,0,0,0,0,0,1,2026-10-05
https://openalex.org/W7131087488,https://doi.org/10.1109/icrai68431.2025.11396700,2025,0,conference-paper,1,1,0,880,0,,Noise-Robustness Analysis of Hybrid Quantum-Classical CNNs for Small-Sample Road Image Classification,0,0,0,0,0,0,0,0,0,0,0,0,0,0,0,0,0,0,0,0,0,0,0,0,2026-10-05
https://openalex.org/W7131216705,https://doi.org/10.1109/icoiics67115.2025.11390382,2025,0,conference-paper,1,1,0,881,0,,Quantum Machine Learning for High Dimensional Data Classification: A Variational Algorithm Approach,1,0,1,0,0,0,0,0,1,0,1,0,0,0,0,0,0,0,0,0,0,0,0,0,2026-10-05
https://openalex.org/W7131412880,https://doi.org/10.1109/bts-i2c67944.2025.11399503,2025,0,conference-paper,1,1,0,882,0,,Performance Evaluation of Quantum Machine Learning Classifiers in Bioinformatics Applications,0,1,0,0,0,0,0,0,0,1,0,0,0,0,0,0,0,0,0,0,0,0,0,0,2026-10-05
https://openalex.org/W7131631008,https://doi.org/10.14201/gredos.170086,2025,0,dissertation,1,1,0,883,0,,Advancing Quantum Natural Language Processing: Novel Quantum Circuits and Modular Execution Techniques,0,1,1,0,0,1,1,0,0,1,1,0,0,0,0,0,0,0,0,0,0,0,0,0,2026-10-05
https://openalex.org/W7131832960,https://doi.org/10.26421/qic23.3-4-1x,2023,0,article,1,1,0,884,0,,The effect of superposition and entanglement on hybrid quantum machine learning for weather forecasting,1,1,0,0,1,0,0,0,1,0,0,0,0,1,0,0,0,0,0,0,0,0,0,0,2026-10-05
https://openalex.org/W7131872951,https://doi.org/10.1109/ised67359.2025.11404979,2025,0,conference-paper,0,1,0,,0,,Transferable Agentic AI for Accelerating Quantum Algorithm Discovery: Meta-Learning and AutoML for Parameterized Quantum Circuits,0,1,1,1,0,1,1,0,0,1,1,1,0,0,0,0,0,0,0,0,0,0,0,0,2026-10-05
https://openalex.org/W7132869633,,2022,0,dissertation,0,1,0,,0,,Machine Learning in Complex Systems,0,1,1,1,0,1,1,0,0,1,1,1,0,0,0,0,0,0,0,0,0,0,0,0,2026-10-05
https://openalex.org/W7133235859,https://doi.org/10.1109/incowoco68239.2025.11406952,2025,0,conference-paper,1,1,0,885,0,,Assessment of the Most Effective Approach for Feature Acquisition Utilizing Variational Quantum Classifiers for Real-World Datasets,1,0,0,0,1,0,0,0,1,0,0,0,0,0,0,0,0,0,0,0,0,0,0,0,2026-10-05
https://openalex.org/W7133303467,https://doi.org/10.65521/ijaece.v13i1.84,2025,0,article,1,1,0,886,0,,Robustness of Neural Networks: Adversarial Attacks and Defenses,0,1,0,0,0,0,0,0,0,0,0,0,0,0,0,0,0,0,0,0,0,0,0,0,2026-10-05
https://openalex.org/W7133304144,https://doi.org/10.65521/ijaece.v13i1.81,2025,0,article,1,1,0,887,0,,Quantum Machine Learning: Algorithms and Applications in Quantum Computing,0,1,0,0,0,0,0,0,0,0,0,0,0,0,0,0,0,0,0,0,0,0,0,0,2026-10-05
https://openalex.org/W7133305512,https://doi.org/10.1109/tps-isa67132.2025.00071,2025,0,conference-paper,1,1,0,888,0,,"Towards Quantum-Driven Multimodal Machine Learning: Methods, Challenges, and Future Directions",1,1,0,0,1,0,0,0,1,0,0,0,0,0,0,0,0,0,0,0,0,0,0,0,2026-10-05
https://openalex.org/W7133308545,https://doi.org/10.1109/cins67018.2025.11411971,2025,0,conference-paper,1,1,0,889,0,,A Hybrid Classical-Quantum Approach for Alzheimer’s Disease Classification from MRI Scans,0,0,0,0,0,0,0,0,0,0,0,0,0,0,0,0,0,0,0,0,0,0,0,0,2026-10-05
https://openalex.org/W7133325949,https://doi.org/10.1109/icinvents64613.2025.11402497,2025,0,conference-paper,1,1,0,890,0,,Explainable Quantum Machine Learning Through Interpretation of Variational Circuit Outcomes in Classification Tasks,0,0,1,0,0,0,0,0,0,0,1,0,0,0,0,0,0,0,0,0,0,0,0,0,2026-10-05
https://openalex.org/W7133362140,https://doi.org/10.1109/cins67018.2025.11412052,2025,0,conference-paper,1,1,0,891,0,,Quantum Computing for Autonomous Driving Systems: A Qiskit-Based Framework and Perspective,1,1,0,0,0,0,0,0,1,1,0,0,0,0,0,0,0,0,0,0,0,0,0,0,2026-10-05
https://openalex.org/W7133487297,https://doi.org/10.1109/apcit65661.2025.11410650,2025,0,conference-paper,1,1,0,892,0,,Computer Vision in the Era of Big Data: A Deep Learning-Based Analytical Perspective,0,0,0,0,0,0,0,0,0,0,0,0,0,0,0,0,0,0,0,0,0,0,0,0,2026-10-05
https://openalex.org/W7137500926,,2023,0,article,1,1,0,893,0,,CERN openlab Summer Student Lightning Talks (2/2),0,1,0,0,0,1,0,0,0,1,0,0,0,0,0,0,0,0,0,0,0,0,0,0,2026-10-05
https://openalex.org/W7138328225,https://doi.org/10.18653/v1/2025.quantumnlp-1.9,2025,0,conference-paper,1,1,0,894,0,,A Survey of Quantum Natural Language Processing: From Compositional Models to NISQ-Era Empiricism,0,0,0,0,0,0,0,0,0,0,0,0,0,0,0,0,0,0,0,0,0,0,0,0,2026-10-05
https://openalex.org/W7138861880,https://doi.org/10.58532/nbennurgodpsw6n1,2025,0,book-chapter,1,1,0,895,0,,QUANTUM MACHINE LEARNING OVERVIEW,1,1,1,0,1,0,1,0,1,0,1,0,0,0,0,0,0,0,0,0,0,0,0,0,2026-10-05
https://openalex.org/W7140415061,https://doi.org/10.1109/etcom66606.2025.11436834,2025,0,conference-paper,1,1,0,896,0,,Quantum Machine Learning for Disease Prediction: A Comparative and Multimodal Study on Early-Stage and Chronic Conditions,0,0,0,0,0,0,0,0,0,0,0,0,0,0,0,0,0,0,0,0,0,0,0,0,2026-10-05
https://openalex.org/W7147637547,https://doi.org/10.1109/macs68476.2025.11453398,2025,0,conference-paper,1,1,0,897,0,,Quantum Infused Multi-Modal Sentiment Analysis of Low Resourced Language,1,0,1,0,0,0,1,0,1,0,1,0,0,0,0,0,0,0,0,0,0,0,0,0,2026-10-05
https://openalex.org/W7149674669,https://doi.org/10.64035/car.01.2024.4,2024,0,article,1,1,0,898,0,,THE ROLE OF QUANTUM COMPUTING IN TRANSFORMING TECHNOLOGY AND SOCIETY,1,1,0,0,1,0,0,0,1,0,0,0,0,0,0,0,0,0,0,0,0,0,0,0,2026-10-05
https://openalex.org/W7150814992,https://doi.org/10.52700/scir.v7i2.204,2025,0,article,1,1,0,899,0,,Big Data Governance Through Quantum Error Correction and Automated Blockchain Frameworks,0,0,0,0,0,0,0,0,0,0,0,0,0,0,0,0,0,0,0,0,0,0,0,0,2026-10-05
https://openalex.org/W7152936931,,2024,0,dissertation,1,1,0,900,0,,ENHANCING THE EFFECTIVE UTILIZATION OF NOISY QUANTUM COMPUTERS THROUGH STREAMLINING ARCHITECTURE AND ALGORITHMIC IMPROVEMENTS,0,0,1,0,0,0,1,0,0,0,1,0,0,0,0,0,0,0,0,0,0,0,0,0,2026-10-05
https://openalex.org/W7153134108,https://doi.org/10.5753/bsb.2025.15114,2025,0,conference-paper,1,1,0,901,0,,Molecular Dynamics and Quantum Machine Learning Model to Classify Polymorphisms in Multiple Sclerosis,0,0,0,0,0,0,0,0,0,0,0,0,0,0,0,0,0,0,0,0,0,0,0,0,2026-10-05
https://openalex.org/W7154620182,https://doi.org/10.52783/anuval.1453,2025,0,article,1,1,0,902,0,,Quantum Machine Learning Algorithms for Large-Scale Optimization Problems,0,1,0,0,0,0,0,0,0,0,0,0,0,0,0,0,0,0,0,0,0,0,0,0,2026-10-05
https://openalex.org/W7155110434,,2025,0,dissertation,1,1,0,903,0,,"A Project Submitted to the Graduate Faculty of the State University of New York Polytechnic Institute in Partial Fulfillment of the Requirements for the Degree of Master of Science Utica, New York",1,1,1,0,1,1,1,0,1,1,1,0,0,0,0,0,0,0,0,0,0,0,0,0,2026-10-05
https://openalex.org/W7160500176,https://doi.org/10.1109/raaicon69033.2025.11502157,2025,0,conference-paper,1,1,0,904,0,,Lung Nodule Classification Using Quantum Neural Networks and Kolmogorov-Arnold Networks,0,0,0,0,0,0,0,0,0,0,0,0,0,0,0,0,0,0,0,0,0,0,0,0,2026-10-05
https://openalex.org/W7160612118,https://doi.org/10.20894/ijdmta.102.014.002.002,2025,0,article,1,1,0,905,0,,A Hybrid Quantum-Classical Approach for Enhancing Machine Learning Algorithms in Noisy Environments,0,0,1,0,0,0,1,0,0,0,1,0,0,0,0,0,0,0,0,0,0,0,0,0,2026-10-05
https://openalex.org/W7160777835,https://doi.org/10.57945/manara.hbku.31989864,2024,0,dissertation,1,1,0,906,0,,Quantum Machine Learning on Noisy Intermediate Scale Quantum Devices,1,1,1,1,1,1,1,0,1,1,1,1,0,0,0,0,0,0,0,0,0,0,0,0,2026-10-05
https://openalex.org/W7160778269,https://doi.org/10.57945/manara.hbku.31989864.v1,2024,0,dissertation,1,1,0,907,0,,Quantum Machine Learning on Noisy Intermediate Scale Quantum Devices,1,1,1,1,1,1,1,0,1,1,1,1,0,0,0,0,0,0,0,0,0,0,0,0,2026-10-05
https://openalex.org/W7160822985,https://doi.org/10.1109/rcsm67767.2025.11507350,2025,0,conference-paper,1,1,0,908,0,,Quantum Machine Learning: A Step towards the Hybrid Quantum Classical Approaches,1,1,0,0,1,0,0,0,1,0,0,0,0,0,0,0,0,0,0,0,0,0,0,0,2026-10-05
https://openalex.org/W7161678696,https://doi.org/10.1109/imtic68267.2025.11520539,2025,0,conference-paper,1,1,0,909,0,,Quantum-Optimized Feature Selection for Enhanced AI-Driven Cybersecurity,1,1,0,0,0,0,0,0,1,1,0,0,0,0,0,0,0,0,0,0,0,0,0,0,2026-10-05
https://openalex.org/W7165760578,https://doi.org/10.54939/1859-1043.j.mst.csce9.2025.135-141,2025,0,article,1,1,0,910,0,,Research and proposal of a hybrid quantum artificial intelligence model for classifying marine mammal signals based on passive sonar principles,0,0,0,0,0,0,0,0,0,0,0,0,0,0,0,0,0,0,0,0,0,0,0,0,2026-10-05
https://openalex.org/W7171493580,https://doi.org/10.67704/ioe.2025.250010,2025,0,article,0,1,0,,0,,Quantum embedding learning on variational photonic quantum circuits,1,1,0,0,1,1,0,0,1,1,0,0,1,0,0,0,1,0,0,0,1,0,0,0,2026-10-05
https://openalex.org/W7198149695,,2024,0,article,1,1,0,911,0,,Ефективність гібридних квантових та квантовозгорткових нейронних мереж для задачі класифікації зображень,0,0,0,0,0,0,0,0,0,0,0,0,0,0,0,0,0,0,0,0,0,0,0,0,2026-10-05
https://openalex.org/W7209340365,,2025,0,dissertation,1,1,0,912,0,,Beyond Bias with Q-FRE: Benchmarking a Quantum Machine Learning Framework for Fair Recruitment,0,1,0,0,0,0,0,0,0,0,0,0,0,0,0,0,0,0,0,0,0,0,0,0,2026-10-05
https://openalex.org/W7210266722,https://doi.org/10.3778/j.issn.1673-9418.2410058,2025,0,article,1,1,0,913,0,,Quantum Neural Network Based on Swap Test and Phase Estimation,0,0,1,1,0,0,0,0,0,0,1,1,0,0,0,0,0,0,0,0,0,0,0,0,2026-10-05
https://openalex.org/W7213364644,https://doi.org/10.15662/ijsrat.2023.0604012,2023,0,review,1,1,0,914,0,,Quantum-Enhanced Machine Learning for Early Disease Diagnosis: A Systematic Review and Public Health Innovation Perspective,0,1,0,0,0,0,0,0,0,0,0,0,0,0,0,0,0,0,0,0,0,0,0,0,2026-10-05
https://openalex.org/W7215503367,,2023,0,article,0,1,0,,0,,Ứng dụng các mô hình tính toán lượng tử phối hợp với thuật toán one-versus-all để xây dựng công cụ nhận dạng và phân loại đa lớp,0,0,0,0,0,0,0,0,0,0,0,0,0,0,0,0,0,0,0,0,0,0,0,0,2026-10-05
https://openalex.org/W7215844994,https://doi.org/10.53469/jrse.2025.07(06).07,2025,0,article,1,1,0,915,0,,Quantum Neural Networks for Enhanced Detection of Craters and Boulders Using Hyperspectral Imaging,0,0,0,0,0,0,0,0,0,0,0,0,0,0,0,0,0,0,0,0,0,0,0,0,2026-10-05
https://openalex.org/W7215939615,https://doi.org/10.59367/dyevtr46,2025,0,article,1,1,0,916,0,,Quantum Computing in Medical Imaging,0,0,0,0,0,0,0,0,0,0,0,0,0,0,0,0,0,0,0,0,0,0,0,0,2026-10-05
https://openalex.org/W7216817332,,2024,0,article,1,1,0,917,0,,Machine Learning in the Quantum Age: Classical vs. Quantum Algorithms Using Iris Data for Accuracy Analysis,0,0,0,0,0,0,0,0,0,0,0,0,0,0,0,0,0,0,0,0,0,0,0,0,2026-10-05
https://openalex.org/W7216953074,,2024,0,article,1,1,0,918,0,,Qubits and Sentiments: Unveiling New Perspectives in Hindi Textual Data,1,0,0,0,0,0,0,0,1,0,0,0,0,0,0,0,0,0,0,0,0,0,0,0,2026-10-05
https://openalex.org/W7217745897,,2024,0,article,1,1,0,919,0,,Quantum Cryptography Methods for Securing Communication Networks,0,0,0,0,0,0,0,0,0,0,0,0,0,0,0,0,0,0,0,0,0,0,0,0,2026-10-05
https://openalex.org/W7217877128,,2025,0,article,1,1,0,920,0,,Hybrid Quantum–Classical Deep Learning for Post-Quantum Cryptographic Vulnerability Assessment in U.S. Defense Networks,0,1,1,0,0,1,0,0,0,1,1,0,0,0,0,0,0,0,0,0,0,0,0,0,2026-10-05
https://openalex.org/W7218230794,,2023,0,article,1,1,0,921,0,,Redes Neurais Quânticas e Ensino de Aspectos Básicos da Mecânica Quântica,0,0,0,0,0,0,0,0,0,0,0,0,0,0,0,0,0,0,0,0,0,0,0,0,2026-10-05
https://openalex.org/W7218288421,,2024,0,article,1,1,0,922,0,,Quantum-Enhanced Deep Learning Framework (QDLF): A Hybrid Approach for Advanced Skin Cancer Detection and Image Classification,1,0,0,0,0,0,0,0,1,0,0,0,0,0,0,0,0,0,0,0,0,0,0,0,2026-10-05
https://openalex.org/W7218310544,,2024,0,article,1,1,0,923,0,,Overview of the Electroencephalogram (EEG) signals,0,0,0,0,0,0,0,0,0,0,0,0,0,0,0,0,0,0,0,0,0,0,0,0,2026-10-05
https://openalex.org/W7218329916,,2025,0,article,1,1,0,924,0,,Quantum Machine Learning Assisted Zero-Day Threat Detection for Next-Generation Cloud Security Architectures,0,0,0,0,0,0,0,0,0,0,0,0,0,0,0,0,0,0,0,0,0,0,0,0,2026-10-05
https://openalex.org/W7220027702,,2025,0,article,1,1,0,925,0,,Quantum Neural Networks for Pattern Recognition and Prediction,0,1,1,0,0,1,1,0,0,1,1,0,0,0,0,0,0,0,0,0,0,0,0,0,2026-10-05
https://openalex.org/W7220087772,,2023,0,article,1,1,0,926,0,,A Quantum Machine Learning Approach for Detecting User Locations,1,0,1,1,1,0,0,0,1,0,1,1,0,0,0,0,0,0,0,0,0,0,0,0,2026-10-05
https://openalex.org/W7220090841,,2025,0,article,1,1,0,927,0,,Hybrid Quantum-AI Architectures for Intelligent Decision Systems,0,0,0,0,0,0,0,0,0,0,0,0,0,0,0,0,0,0,0,0,0,0,0,0,2026-10-05
https://openalex.org/W7220208457,,2025,0,article,1,1,0,928,0,,Variational Quantum Circuits for Machine Learning Applications,1,1,1,0,1,1,1,0,1,1,1,0,0,0,0,0,0,0,0,0,0,0,0,0,2026-10-05
https://openalex.org/W7220246743,,2024,0,article,1,1,0,929,0,,Quantum Machine Learning Models for High-Dimensional Data Classification,1,1,1,0,1,1,1,0,1,1,1,0,0,0,0,0,0,0,0,0,0,0,0,0,2026-10-05
